Year,Load_Date,Cycle_ID,Observation_Index,Cum_Load_10k,Avg_Temp_C,STR_name,Rutting_Source_0_1mm,Rutting_Observed,Rutting_mm,Surf_AC13_I_SBS,Surf_AC13_II_SBS,Surf_SMA13,Surf_PAC13,Mid_AC20_AH30,Mid_AC20_SBS,Mid_AC20_AH50,Bot_AC25_AH30,Bot_AC25_AH50,Bot_AC25_AH70,Bot_AC25_Re_AH70,Bot_AC10_SBS,Base_CBG_A,Base_CBG_B,Base_CS,Base_CC,Base_LCC,Base_GA,Delta_Load_10k,Delta_Temp_C,Temp_MA,Previous_Rutting_mm,Previous_Increment_mm,Previous_Peak_mm
2016,11/30-12/10,N1,0,3,3.8,STR1,15.56,1,1.556,4.0,0.0,0.0,0.0,8.0,0.0,0.0,0.0,0.0,0.0,0.0,0.0,40.0,0.0,40.0,0.0,0.0,0.0,0.0,0.0,3.8,,,
2016,12/13-12/24,N2,1,10,1.2,STR1,15.85,1,1.585,4.0,0.0,0.0,0.0,8.0,0.0,0.0,0.0,0.0,0.0,0.0,0.0,40.0,0.0,40.0,0.0,0.0,0.0,7.0,-2.5999999999999996,2.5,1.556,,1.556
2016,12/27-1/9,N3,2,30,0.9,STR1,14.95,1,1.4949999999999999,4.0,0.0,0.0,0.0,8.0,0.0,0.0,0.0,0.0,0.0,0.0,0.0,40.0,0.0,40.0,0.0,0.0,0.0,20.0,-0.29999999999999993,1.9666666666666666,1.585,0.028999999999999915,1.585
2017,1/12-2/23,N4,3,48,3.6,STR1,15.15,1,1.5150000000000001,4.0,0.0,0.0,0.0,8.0,0.0,0.0,0.0,0.0,0.0,0.0,0.0,40.0,0.0,40.0,0.0,0.0,0.0,18.0,2.7,1.9000000000000001,1.4949999999999999,-0.09000000000000008,1.585
2017,2/26-3/10,N5,4,67,11.4,STR1,,0,,4.0,0.0,0.0,0.0,8.0,0.0,0.0,0.0,0.0,0.0,0.0,0.0,40.0,0.0,40.0,0.0,0.0,0.0,19.0,7.800000000000001,5.3,1.5150000000000001,0.02000000000000024,1.585
2017,3/13-3/23,N6,5,85,13.9,STR1,15.29,1,1.529,4.0,0.0,0.0,0.0,8.0,0.0,0.0,0.0,0.0,0.0,0.0,0.0,40.0,0.0,40.0,0.0,0.0,0.0,18.0,2.5,9.633333333333333,1.5150000000000001,0.02000000000000024,1.585
2017,3/26-4/6,N7,6,104,19.1,STR1,17.04,1,1.704,4.0,0.0,0.0,0.0,8.0,0.0,0.0,0.0,0.0,0.0,0.0,0.0,40.0,0.0,40.0,0.0,0.0,0.0,19.0,5.200000000000001,14.799999999999999,1.529,0.01399999999999979,1.585
2017,4/9-4/13,N8,7,108,21.1,STR1,17.24,1,1.7239999999999998,4.0,0.0,0.0,0.0,8.0,0.0,0.0,0.0,0.0,0.0,0.0,0.0,40.0,0.0,40.0,0.0,0.0,0.0,4.0,2.0,18.033333333333335,1.704,0.17500000000000004,1.704
2017,4/17-4-21,N9,8,109,21.7,STR1,16.76,1,1.6760000000000002,4.0,0.0,0.0,0.0,8.0,0.0,0.0,0.0,0.0,0.0,0.0,0.0,40.0,0.0,40.0,0.0,0.0,0.0,1.0,0.5999999999999979,20.633333333333336,1.7239999999999998,0.019999999999999796,1.7239999999999998
2017,4/24-5/4,N10,9,129,27.0,STR1,17.93,1,1.793,4.0,0.0,0.0,0.0,8.0,0.0,0.0,0.0,0.0,0.0,0.0,0.0,40.0,0.0,40.0,0.0,0.0,0.0,20.0,5.300000000000001,23.266666666666666,1.6760000000000002,-0.0479999999999996,1.7239999999999998
2017,5/7-5-17,N11,10,149,30.1,STR1,23.96,1,2.396,4.0,0.0,0.0,0.0,8.0,0.0,0.0,0.0,0.0,0.0,0.0,0.0,40.0,0.0,40.0,0.0,0.0,0.0,20.0,3.1000000000000014,26.266666666666666,1.793,0.11699999999999977,1.793
2017,5/20-5/30,N12,11,168,30.2,STR1,26.89,1,2.689,4.0,0.0,0.0,0.0,8.0,0.0,0.0,0.0,0.0,0.0,0.0,0.0,40.0,0.0,40.0,0.0,0.0,0.0,19.0,0.09999999999999787,29.099999999999998,2.396,0.603,2.396
2017,6/2-6/12,N13,12,188,29.6,STR1,27.05,1,2.705,4.0,0.0,0.0,0.0,8.0,0.0,0.0,0.0,0.0,0.0,0.0,0.0,40.0,0.0,40.0,0.0,0.0,0.0,20.0,-0.5999999999999979,29.96666666666667,2.689,0.29300000000000015,2.689
2017,6/16-6/26,N14,13,206,30.1,STR1,32.83,1,3.283,4.0,0.0,0.0,0.0,8.0,0.0,0.0,0.0,0.0,0.0,0.0,0.0,40.0,0.0,40.0,0.0,0.0,0.0,18.0,0.5,29.96666666666667,2.705,0.016000000000000014,2.705
2017,6/29-7/10,N15,14,224,28.6,STR1,27.88,1,2.788,4.0,0.0,0.0,0.0,8.0,0.0,0.0,0.0,0.0,0.0,0.0,0.0,40.0,0.0,40.0,0.0,0.0,0.0,18.0,-1.5,29.433333333333337,3.283,0.5779999999999998,3.283
2017,7/13-7/23,N16-17,15,230,31.4,STR1,31.5,1,3.15,4.0,0.0,0.0,0.0,8.0,0.0,0.0,0.0,0.0,0.0,0.0,0.0,40.0,0.0,40.0,0.0,0.0,0.0,6.0,2.799999999999997,30.03333333333333,2.788,-0.4950000000000001,3.283
2017,7/27-8/7,N18,16,250,32.1,STR1,33.49,1,3.349,4.0,0.0,0.0,0.0,8.0,0.0,0.0,0.0,0.0,0.0,0.0,0.0,40.0,0.0,40.0,0.0,0.0,0.0,20.0,0.7000000000000028,30.7,3.15,0.3620000000000001,3.283
2017,8/10-8/21,N19,17,268,28.6,STR1,33.1,1,3.31,4.0,0.0,0.0,0.0,8.0,0.0,0.0,0.0,0.0,0.0,0.0,0.0,40.0,0.0,40.0,0.0,0.0,0.0,18.0,-3.5,30.7,3.349,0.1990000000000003,3.349
2017,8/25-9/4,N20,18,286,26.3,STR1,33.84,1,3.3840000000000003,4.0,0.0,0.0,0.0,8.0,0.0,0.0,0.0,0.0,0.0,0.0,0.0,40.0,0.0,40.0,0.0,0.0,0.0,18.0,-2.3000000000000007,29.0,3.31,-0.039000000000000146,3.349
2017,9/8-9/18,N21,19,305,28.2,STR1,38.27,1,3.8270000000000004,4.0,0.0,0.0,0.0,8.0,0.0,0.0,0.0,0.0,0.0,0.0,0.0,40.0,0.0,40.0,0.0,0.0,0.0,19.0,1.8999999999999986,27.7,3.3840000000000003,0.07400000000000029,3.3840000000000003
2017,9/21-10/9,N22,20,323,22.9,STR1,37.46,1,3.746,4.0,0.0,0.0,0.0,8.0,0.0,0.0,0.0,0.0,0.0,0.0,0.0,40.0,0.0,40.0,0.0,0.0,0.0,18.0,-5.300000000000001,25.8,3.8270000000000004,0.44300000000000006,3.8270000000000004
2017,10/13-10/25,N23,21,346,14.9,STR1,33.19,1,3.319,4.0,0.0,0.0,0.0,8.0,0.0,0.0,0.0,0.0,0.0,0.0,0.0,40.0,0.0,40.0,0.0,0.0,0.0,23.0,-7.999999999999998,22.0,3.746,-0.0810000000000004,3.8270000000000004
2017,11/1-11/12,N24-25,22,352,11.1,STR1,40.49,1,4.049,4.0,0.0,0.0,0.0,8.0,0.0,0.0,0.0,0.0,0.0,0.0,0.0,40.0,0.0,40.0,0.0,0.0,0.0,6.0,-3.8000000000000007,16.3,3.319,-0.42700000000000005,3.8270000000000004
2017,11/15-11/26,N26,23,371,3.8,STR1,42.23,1,4.223,4.0,0.0,0.0,0.0,8.0,0.0,0.0,0.0,0.0,0.0,0.0,0.0,40.0,0.0,40.0,0.0,0.0,0.0,19.0,-7.3,9.933333333333334,4.049,0.7300000000000004,4.049
2017,12/9-12/21,N27,24,391,0.0,STR1,42.16,1,4.215999999999999,4.0,0.0,0.0,0.0,8.0,0.0,0.0,0.0,0.0,0.0,0.0,0.0,40.0,0.0,40.0,0.0,0.0,0.0,20.0,-3.8,4.966666666666666,4.223,0.1739999999999995,4.223
2017,12/23-1/3,N28,25,410,0.2,STR1,32.16,1,3.2159999999999997,4.0,0.0,0.0,0.0,8.0,0.0,0.0,0.0,0.0,0.0,0.0,0.0,40.0,0.0,40.0,0.0,0.0,0.0,19.0,0.2,1.3333333333333333,4.215999999999999,-0.007000000000000561,4.223
2018,1/7-1/18,N29-30,26,415,-1.0,STR1,34.34,1,3.434,4.0,0.0,0.0,0.0,8.0,0.0,0.0,0.0,0.0,0.0,0.0,0.0,40.0,0.0,40.0,0.0,0.0,0.0,5.0,-1.2,-0.26666666666666666,3.2159999999999997,-0.9999999999999996,4.223
2018,1/20-1/30,N31,27,434,-2.2,STR1,30.54,1,3.054,4.0,0.0,0.0,0.0,8.0,0.0,0.0,0.0,0.0,0.0,0.0,0.0,40.0,0.0,40.0,0.0,0.0,0.0,19.0,-1.2000000000000002,-1.0,3.434,0.21800000000000042,4.223
2018,3/9-3/21,N32,28,454,8.3,STR1,32.98,1,3.2979999999999996,4.0,0.0,0.0,0.0,8.0,0.0,0.0,0.0,0.0,0.0,0.0,0.0,40.0,0.0,40.0,0.0,0.0,0.0,20.0,10.5,1.7000000000000002,3.054,-0.38000000000000034,4.223
2018,3/25-4/7,N33,29,473,15.7,STR1,34.99,1,3.499,4.0,0.0,0.0,0.0,8.0,0.0,0.0,0.0,0.0,0.0,0.0,0.0,40.0,0.0,40.0,0.0,0.0,0.0,19.0,7.399999999999999,7.266666666666667,3.2979999999999996,0.24399999999999977,4.223
2018,4/10-4/21,N34,30,492,19.4,STR1,37.37,1,3.7369999999999997,4.0,0.0,0.0,0.0,8.0,0.0,0.0,0.0,0.0,0.0,0.0,0.0,40.0,0.0,40.0,0.0,0.0,0.0,19.0,3.6999999999999993,14.466666666666667,3.499,0.2010000000000005,4.223
2018,4/26-5/7,N35-36,31,498,23.7,STR1,40.64,1,4.064,4.0,0.0,0.0,0.0,8.0,0.0,0.0,0.0,0.0,0.0,0.0,0.0,40.0,0.0,40.0,0.0,0.0,0.0,6.0,4.300000000000001,19.599999999999998,3.7369999999999997,0.23799999999999955,4.223
2018,5/10-5/21,N37,32,517,24.1,STR1,38.94,1,3.8939999999999997,4.0,0.0,0.0,0.0,8.0,0.0,0.0,0.0,0.0,0.0,0.0,0.0,40.0,0.0,40.0,0.0,0.0,0.0,19.0,0.40000000000000213,22.400000000000002,4.064,0.3270000000000004,4.223
2018,5/24-6/4,N38,33,536,29.7,STR1,31.53,1,3.153,4.0,0.0,0.0,0.0,8.0,0.0,0.0,0.0,0.0,0.0,0.0,0.0,40.0,0.0,40.0,0.0,0.0,0.0,19.0,5.599999999999998,25.833333333333332,3.8939999999999997,-0.17000000000000037,4.223
2018,6/7-6/19,N39,34,556,26.6,STR1,36.05,1,3.6049999999999995,4.0,0.0,0.0,0.0,8.0,0.0,0.0,0.0,0.0,0.0,0.0,0.0,40.0,0.0,40.0,0.0,0.0,0.0,20.0,-3.099999999999998,26.8,3.153,-0.7409999999999997,4.223
2018,6/22-7/2,N40,35,574,32.8,STR1,31.76,1,3.176,4.0,0.0,0.0,0.0,8.0,0.0,0.0,0.0,0.0,0.0,0.0,0.0,40.0,0.0,40.0,0.0,0.0,0.0,18.0,6.199999999999996,29.7,3.6049999999999995,0.4519999999999995,4.223
2018,7/5-7/17,N41,36,593,28.3,STR1,33.75,1,3.375,4.0,0.0,0.0,0.0,8.0,0.0,0.0,0.0,0.0,0.0,0.0,0.0,40.0,0.0,40.0,0.0,0.0,0.0,19.0,-4.4999999999999964,29.233333333333334,3.176,-0.4289999999999994,4.223
2018,7/22-7/31,N42,37,612,32.7,STR1,35.39,1,3.539,4.0,0.0,0.0,0.0,8.0,0.0,0.0,0.0,0.0,0.0,0.0,0.0,40.0,0.0,40.0,0.0,0.0,0.0,19.0,4.400000000000002,31.26666666666667,3.375,0.19899999999999984,4.223
2018,8/3-8/14,N43-44,38,618,30.5,STR1,36.68,1,3.668,4.0,0.0,0.0,0.0,8.0,0.0,0.0,0.0,0.0,0.0,0.0,0.0,40.0,0.0,40.0,0.0,0.0,0.0,6.0,-2.200000000000003,30.5,3.539,0.16400000000000015,4.223
2018,8/17-8/30,N45,39,636,29.6,STR1,37.75,1,3.775,4.0,0.0,0.0,0.0,8.0,0.0,0.0,0.0,0.0,0.0,0.0,0.0,40.0,0.0,40.0,0.0,0.0,0.0,18.0,-0.8999999999999986,30.933333333333337,3.668,0.129,4.223
2018,9/2-9/12,N46,40,655,26.9,STR1,38.65,1,3.8649999999999998,4.0,0.0,0.0,0.0,8.0,0.0,0.0,0.0,0.0,0.0,0.0,0.0,40.0,0.0,40.0,0.0,0.0,0.0,19.0,-2.700000000000003,29.0,3.775,0.10699999999999976,4.223
2018,9/15-9/25,N47,41,675,22.8,STR1,36.03,1,3.603,4.0,0.0,0.0,0.0,8.0,0.0,0.0,0.0,0.0,0.0,0.0,0.0,40.0,0.0,40.0,0.0,0.0,0.0,20.0,-4.099999999999998,26.433333333333337,3.8649999999999998,0.08999999999999986,4.223
2018,10/4-10/15,N48,42,694,17.4,STR1,35.6,1,3.56,4.0,0.0,0.0,0.0,8.0,0.0,0.0,0.0,0.0,0.0,0.0,0.0,40.0,0.0,40.0,0.0,0.0,0.0,19.0,-5.400000000000002,22.36666666666667,3.603,-0.26199999999999957,4.223
2018,10/17-10/28,N49,43,714,14.8,STR1,38.33,1,3.8329999999999997,4.0,0.0,0.0,0.0,8.0,0.0,0.0,0.0,0.0,0.0,0.0,0.0,40.0,0.0,40.0,0.0,0.0,0.0,20.0,-2.599999999999998,18.333333333333336,3.56,-0.04300000000000015,4.223
2018,11/2-11/16,N50-51,44,719,9.8,STR1,35.03,1,3.503,4.0,0.0,0.0,0.0,8.0,0.0,0.0,0.0,0.0,0.0,0.0,0.0,40.0,0.0,40.0,0.0,0.0,0.0,5.0,-5.0,14.0,3.8329999999999997,0.2729999999999997,4.223
2018,11/20-12/1,N52,45,738,6.5,STR1,29.58,1,2.9579999999999997,4.0,0.0,0.0,0.0,8.0,0.0,0.0,0.0,0.0,0.0,0.0,0.0,40.0,0.0,40.0,0.0,0.0,0.0,19.0,-3.3000000000000007,10.366666666666669,3.503,-0.3299999999999996,4.223
2018,12/4-12/17,N53,46,757,-1.1,STR1,35.84,1,3.5840000000000005,4.0,0.0,0.0,0.0,8.0,0.0,0.0,0.0,0.0,0.0,0.0,0.0,40.0,0.0,40.0,0.0,0.0,0.0,19.0,-7.6,5.066666666666669,2.9579999999999997,-0.5450000000000004,4.223
2018,12/30-2019/1/14,N54,47,834,-0.2,STR1,35.2,1,3.5200000000000005,4.0,0.0,0.0,0.0,8.0,0.0,0.0,0.0,0.0,0.0,0.0,0.0,40.0,0.0,40.0,0.0,0.0,0.0,77.0,0.9000000000000001,1.7333333333333358,3.5840000000000005,0.6260000000000008,4.223
2019,1/18-1/28,N55,48,912,4.0,STR1,32.62,1,3.2619999999999996,4.0,0.0,0.0,0.0,8.0,0.0,0.0,0.0,0.0,0.0,0.0,0.0,40.0,0.0,40.0,0.0,0.0,0.0,78.0,4.2,0.9000000000000022,3.5200000000000005,-0.06400000000000006,4.223
2019,3/1-3/20,N56,49,1013,14.2,STR1,33.21,1,3.321,4.0,0.0,0.0,0.0,8.0,0.0,0.0,0.0,0.0,0.0,0.0,0.0,40.0,0.0,40.0,0.0,0.0,0.0,101.0,10.2,6.000000000000003,3.2619999999999996,-0.2580000000000009,4.223
2019,3/24-4/4,N57,50,1114,14.5,STR1,33.45,1,3.345,4.0,0.0,0.0,0.0,8.0,0.0,0.0,0.0,0.0,0.0,0.0,0.0,40.0,0.0,40.0,0.0,0.0,0.0,101.0,0.3000000000000007,10.9,3.321,0.05900000000000061,4.223
2019,4/10-4/20,N58,51,1215,18.9,STR1,36.13,1,3.6130000000000004,4.0,0.0,0.0,0.0,8.0,0.0,0.0,0.0,0.0,0.0,0.0,0.0,40.0,0.0,40.0,0.0,0.0,0.0,101.0,4.399999999999999,15.866666666666669,3.345,0.02400000000000002,4.223
2019,4/25-5/5,N59,52,1317,20.3,STR1,40.11,1,4.011,4.0,0.0,0.0,0.0,8.0,0.0,0.0,0.0,0.0,0.0,0.0,0.0,40.0,0.0,40.0,0.0,0.0,0.0,102.0,1.4000000000000021,17.900000000000002,3.6130000000000004,0.26800000000000024,4.223
2019,5/9-5/21,N60,53,1376,25.0,STR1,40.07,1,4.007,4.0,0.0,0.0,0.0,8.0,0.0,0.0,0.0,0.0,0.0,0.0,0.0,40.0,0.0,40.0,0.0,0.0,0.0,59.0,4.699999999999999,21.400000000000002,4.011,0.3979999999999997,4.223
2019,5/27-6/5,N61,54,1441,27.8,STR1,37.92,1,3.7920000000000003,4.0,0.0,0.0,0.0,8.0,0.0,0.0,0.0,0.0,0.0,0.0,0.0,40.0,0.0,40.0,0.0,0.0,0.0,65.0,2.8000000000000007,24.36666666666667,4.007,-0.004000000000000448,4.223
2019,6/12-6/22,N62,55,1508,29.3,STR1,42.09,1,4.2090000000000005,4.0,0.0,0.0,0.0,8.0,0.0,0.0,0.0,0.0,0.0,0.0,0.0,40.0,0.0,40.0,0.0,0.0,0.0,67.0,1.5,27.36666666666667,3.7920000000000003,-0.2149999999999994,4.223
2019,6/27-7/7,N63,56,1566,29.8,STR1,43.19,1,4.319,4.0,0.0,0.0,0.0,8.0,0.0,0.0,0.0,0.0,0.0,0.0,0.0,40.0,0.0,40.0,0.0,0.0,0.0,58.0,0.5,28.96666666666667,4.2090000000000005,0.41700000000000026,4.223
2019,7/11-7/21,N64,57,1637,30.7,STR1,42.75,1,4.275,4.0,0.0,0.0,0.0,8.0,0.0,0.0,0.0,0.0,0.0,0.0,0.0,40.0,0.0,40.0,0.0,0.0,0.0,71.0,0.8999999999999986,29.933333333333337,4.319,0.10999999999999943,4.319
2019,7/25-8/4,N65,58,1706,31.2,STR1,47.28,1,4.728,4.0,0.0,0.0,0.0,8.0,0.0,0.0,0.0,0.0,0.0,0.0,0.0,40.0,0.0,40.0,0.0,0.0,0.0,69.0,0.5,30.566666666666666,4.275,-0.043999999999999595,4.319
2019,8/9-8/19,N66,59,1777,29.1,STR1,48.94,1,4.894,4.0,0.0,0.0,0.0,8.0,0.0,0.0,0.0,0.0,0.0,0.0,0.0,40.0,0.0,40.0,0.0,0.0,0.0,71.0,-2.099999999999998,30.33333333333334,4.728,0.4529999999999994,4.728
2019,8/24-9/5,N67,60,1847,29.4,STR1,51.04,1,5.104,4.0,0.0,0.0,0.0,8.0,0.0,0.0,0.0,0.0,0.0,0.0,0.0,40.0,0.0,40.0,0.0,0.0,0.0,70.0,0.29999999999999716,29.900000000000002,4.894,0.16600000000000037,4.894
2019,9/10-9/20,N68,61,1915,24.1,STR1,51.53,1,5.1530000000000005,4.0,0.0,0.0,0.0,8.0,0.0,0.0,0.0,0.0,0.0,0.0,0.0,40.0,0.0,40.0,0.0,0.0,0.0,68.0,-5.299999999999997,27.533333333333335,5.104,0.20999999999999996,5.104
2019,9/25-10/13,N69,62,1981,21.8,STR1,44.24,1,4.424,4.0,0.0,0.0,0.0,8.0,0.0,0.0,0.0,0.0,0.0,0.0,0.0,40.0,0.0,40.0,0.0,0.0,0.0,66.0,-2.3000000000000007,25.100000000000005,5.1530000000000005,0.04900000000000038,5.1530000000000005
2019,10/18-10/28,N70,63,2048,15.4,STR1,46.13,1,4.613,4.0,0.0,0.0,0.0,8.0,0.0,0.0,0.0,0.0,0.0,0.0,0.0,40.0,0.0,40.0,0.0,0.0,0.0,67.0,-6.4,20.433333333333334,4.424,-0.7290000000000001,5.1530000000000005
2019,11/3-11/14,N71,64,2116,12.1,STR1,42.58,1,4.258,4.0,0.0,0.0,0.0,8.0,0.0,0.0,0.0,0.0,0.0,0.0,0.0,40.0,0.0,40.0,0.0,0.0,0.0,68.0,-3.3000000000000007,16.433333333333334,4.613,0.18900000000000006,5.1530000000000005
2019,11/20-12/1,N72,65,2184,3.8,STR1,46.04,1,4.604,4.0,0.0,0.0,0.0,8.0,0.0,0.0,0.0,0.0,0.0,0.0,0.0,40.0,0.0,40.0,0.0,0.0,0.0,68.0,-8.3,10.433333333333335,4.258,-0.3550000000000004,5.1530000000000005
2019,12/5-12/21,N73,66,2290,0.8,STR1,46.95,1,4.695,4.0,0.0,0.0,0.0,8.0,0.0,0.0,0.0,0.0,0.0,0.0,0.0,40.0,0.0,40.0,0.0,0.0,0.0,106.0,-3.0,5.566666666666669,4.604,0.3460000000000001,5.1530000000000005
2019,12/26-1/5,N74,67,2396,0.1,STR1,45.32,1,4.532,4.0,0.0,0.0,0.0,8.0,0.0,0.0,0.0,0.0,0.0,0.0,0.0,40.0,0.0,40.0,0.0,0.0,0.0,106.0,-0.7000000000000001,1.566666666666669,4.695,0.09100000000000019,5.1530000000000005
2020,3/19-3/31,N75,68,2501,14.9,STR1,48.3,1,4.83,4.0,0.0,0.0,0.0,8.0,0.0,0.0,0.0,0.0,0.0,0.0,0.0,40.0,0.0,40.0,0.0,0.0,0.0,105.0,14.8,5.266666666666669,4.532,-0.16300000000000026,5.1530000000000005
2020,4/4-4/15,N76,69,2605,18.0,STR1,49.19,1,4.919,4.0,0.0,0.0,0.0,8.0,0.0,0.0,0.0,0.0,0.0,0.0,0.0,40.0,0.0,40.0,0.0,0.0,0.0,104.0,3.0999999999999996,11.000000000000002,4.83,0.29800000000000004,5.1530000000000005
2020,4/19-4/28,N77,70,2708,18.3,STR1,51.04,1,5.104,4.0,0.0,0.0,0.0,8.0,0.0,0.0,0.0,0.0,0.0,0.0,0.0,40.0,0.0,40.0,0.0,0.0,0.0,103.0,0.3000000000000007,17.066666666666666,4.919,0.08899999999999952,5.1530000000000005
2020,5/7,N78-中,71,2757,23.2,STR1,48.72,1,4.872,4.0,0.0,0.0,0.0,8.0,0.0,0.0,0.0,0.0,0.0,0.0,0.0,40.0,0.0,40.0,0.0,0.0,0.0,49.0,4.899999999999999,19.833333333333336,5.104,0.1850000000000005,5.1530000000000005
2020,5/1-5/10,N78,72,2783,18.6,STR1,49.71,1,4.971,4.0,0.0,0.0,0.0,8.0,0.0,0.0,0.0,0.0,0.0,0.0,0.0,40.0,0.0,40.0,0.0,0.0,0.0,26.0,-4.599999999999998,20.033333333333335,4.872,-0.2320000000000002,5.1530000000000005
2020,5/19,N79-中,73,2824,22.1,STR1,51.2,1,5.12,4.0,0.0,0.0,0.0,8.0,0.0,0.0,0.0,0.0,0.0,0.0,0.0,40.0,0.0,40.0,0.0,0.0,0.0,41.0,3.5,21.300000000000004,4.971,0.0990000000000002,5.1530000000000005
2020,5/14-5/23,N79,74,2857,24.5,STR1,49.98,1,4.997999999999999,4.0,0.0,0.0,0.0,8.0,0.0,0.0,0.0,0.0,0.0,0.0,0.0,40.0,0.0,40.0,0.0,0.0,0.0,33.0,2.3999999999999986,21.733333333333338,5.12,0.14900000000000002,5.1530000000000005
2020,6/2,N80-中,75,2900,27.0,STR1,52.28,1,5.228,4.0,0.0,0.0,0.0,8.0,0.0,0.0,0.0,0.0,0.0,0.0,0.0,40.0,0.0,40.0,0.0,0.0,0.0,43.0,2.5,24.533333333333335,4.997999999999999,-0.12200000000000077,5.1530000000000005
2020,5/27-6/6,N80,76,2931,29.7,STR1,52.36,1,5.236,4.0,0.0,0.0,0.0,8.0,0.0,0.0,0.0,0.0,0.0,0.0,0.0,40.0,0.0,40.0,0.0,0.0,0.0,31.0,2.6999999999999993,27.066666666666666,5.228,0.23000000000000043,5.228
2020,6/17,N81-中,77,2987,31.7,STR1,51.02,1,5.102,4.0,0.0,0.0,0.0,8.0,0.0,0.0,0.0,0.0,0.0,0.0,0.0,40.0,0.0,40.0,0.0,0.0,0.0,56.0,2.0,29.46666666666667,5.236,0.008000000000000007,5.236
2020,6/10-6/19,N81,78,3006,29.0,STR1,53.05,1,5.305,4.0,0.0,0.0,0.0,8.0,0.0,0.0,0.0,0.0,0.0,0.0,0.0,40.0,0.0,40.0,0.0,0.0,0.0,19.0,-2.6999999999999993,30.133333333333336,5.102,-0.13399999999999945,5.236
2020,6/29,N82-中,79,3040,28.5,STR1,52.28,1,5.228,4.0,0.0,0.0,0.0,8.0,0.0,0.0,0.0,0.0,0.0,0.0,0.0,40.0,0.0,40.0,0.0,0.0,0.0,34.0,-0.5,29.733333333333334,5.305,0.2029999999999994,5.305
2020,6/25-7/5,N82,80,3081,28.9,STR1,54.63,1,5.463,4.0,0.0,0.0,0.0,8.0,0.0,0.0,0.0,0.0,0.0,0.0,0.0,40.0,0.0,40.0,0.0,0.0,0.0,41.0,0.3999999999999986,28.8,5.228,-0.07699999999999996,5.305
2020,7/15,N83-中,81,3128,26.7,STR1,56.93,1,5.693,4.0,0.0,0.0,0.0,8.0,0.0,0.0,0.0,0.0,0.0,0.0,0.0,40.0,0.0,40.0,0.0,0.0,0.0,47.0,-2.1999999999999993,28.033333333333335,5.463,0.23500000000000032,5.463
2020,7/9-7/19,N83,82,3157,30.0,STR1,53.9,1,5.39,4.0,0.0,0.0,0.0,8.0,0.0,0.0,0.0,0.0,0.0,0.0,0.0,40.0,0.0,40.0,0.0,0.0,0.0,29.0,3.3000000000000007,28.533333333333335,5.693,0.22999999999999954,5.693
2020,8/8,N84-中,83,3212,30.6,STR1,56.2,1,5.62,4.0,0.0,0.0,0.0,8.0,0.0,0.0,0.0,0.0,0.0,0.0,0.0,40.0,0.0,40.0,0.0,0.0,0.0,55.0,0.6000000000000014,29.100000000000005,5.39,-0.30299999999999994,5.693
2020,7/24-8/11,N84,84,3233,30.8,STR1,53.04,1,5.304,4.0,0.0,0.0,0.0,8.0,0.0,0.0,0.0,0.0,0.0,0.0,0.0,40.0,0.0,40.0,0.0,0.0,0.0,21.0,0.1999999999999993,30.46666666666667,5.62,0.23000000000000043,5.693
2020,8/21,N85-中,85,3275,25.8,STR1,54.89,1,5.489,4.0,0.0,0.0,0.0,8.0,0.0,0.0,0.0,0.0,0.0,0.0,0.0,40.0,0.0,40.0,0.0,0.0,0.0,42.0,-5.0,29.066666666666666,5.304,-0.31599999999999984,5.693
2020,8/15-8/25,N85,86,3308,26.9,STR1,55.9,1,5.59,4.0,0.0,0.0,0.0,8.0,0.0,0.0,0.0,0.0,0.0,0.0,0.0,40.0,0.0,40.0,0.0,0.0,0.0,33.0,1.0999999999999979,27.83333333333334,5.489,0.1849999999999996,5.693
2020,9/2,N86-中,87,3344,27.3,STR1,56.01,1,5.601,4.0,0.0,0.0,0.0,8.0,0.0,0.0,0.0,0.0,0.0,0.0,0.0,40.0,0.0,40.0,0.0,0.0,0.0,36.0,0.40000000000000213,26.666666666666668,5.59,0.10099999999999998,5.693
2020,8/29-9/7,N86,88,3383,27.5,STR1,57.83,1,5.7829999999999995,4.0,0.0,0.0,0.0,8.0,0.0,0.0,0.0,0.0,0.0,0.0,0.0,40.0,0.0,40.0,0.0,0.0,0.0,39.0,0.1999999999999993,27.233333333333338,5.601,0.01100000000000012,5.693
2020,9/20,N87-中,89,3432,23.8,STR1,57.2,1,5.720000000000001,4.0,0.0,0.0,0.0,8.0,0.0,0.0,0.0,0.0,0.0,0.0,0.0,40.0,0.0,40.0,0.0,0.0,0.0,49.0,-3.6999999999999993,26.200000000000003,5.7829999999999995,0.1819999999999995,5.7829999999999995
2020,9/14-9/23,N87,90,3458,23.7,STR1,54.18,1,5.418,4.0,0.0,0.0,0.0,8.0,0.0,0.0,0.0,0.0,0.0,0.0,0.0,40.0,0.0,40.0,0.0,0.0,0.0,26.0,-0.10000000000000142,25.0,5.720000000000001,-0.06299999999999883,5.7829999999999995
2020,10/12,N88-中,91,3495,18.4,STR1,53.25,1,5.325,4.0,0.0,0.0,0.0,8.0,0.0,0.0,0.0,0.0,0.0,0.0,0.0,40.0,0.0,40.0,0.0,0.0,0.0,37.0,-5.300000000000001,21.96666666666667,5.418,-0.3020000000000005,5.7829999999999995
2020,9/28-10/17,N88,92,3533,17.7,STR1,55.05,1,5.505,4.0,0.0,0.0,0.0,8.0,0.0,0.0,0.0,0.0,0.0,0.0,0.0,40.0,0.0,40.0,0.0,0.0,0.0,38.0,-0.6999999999999993,19.933333333333337,5.325,-0.09299999999999997,5.7829999999999995
2020,10/26,N89-中,93,3577,15.1,STR1,52.77,1,5.277,4.0,0.0,0.0,0.0,8.0,0.0,0.0,0.0,0.0,0.0,0.0,0.0,40.0,0.0,40.0,0.0,0.0,0.0,44.0,-2.5999999999999996,17.066666666666666,5.505,0.17999999999999972,5.7829999999999995
2020,10/21-10/30,N89,94,3607,15.3,STR1,61.31,1,6.131,4.0,0.0,0.0,0.0,8.0,0.0,0.0,0.0,0.0,0.0,0.0,0.0,40.0,0.0,40.0,0.0,0.0,0.0,30.0,0.20000000000000107,16.033333333333335,5.277,-0.22799999999999976,5.7829999999999995
2020,11/13,N90-中,95,3658,13.4,STR1,52.6,1,5.26,4.0,0.0,0.0,0.0,8.0,0.0,0.0,0.0,0.0,0.0,0.0,0.0,40.0,0.0,40.0,0.0,0.0,0.0,51.0,-1.9000000000000004,14.600000000000003,6.131,0.8540000000000001,6.131
2020,11/8-11/19,N90,96,3714,12.2,STR1,53.55,1,5.3549999999999995,4.0,0.0,0.0,0.0,8.0,0.0,0.0,0.0,0.0,0.0,0.0,0.0,40.0,0.0,40.0,0.0,0.0,0.0,56.0,-1.200000000000001,13.633333333333335,5.26,-0.8710000000000004,6.131
2020,11/29,N91-中,97,3768,3.5,STR1,52.27,1,5.227,4.0,0.0,0.0,0.0,8.0,0.0,0.0,0.0,0.0,0.0,0.0,0.0,40.0,0.0,40.0,0.0,0.0,0.0,54.0,-8.7,9.700000000000003,5.3549999999999995,0.09499999999999975,6.131
2020,11/24-12/5,N91,98,3822,2.3,STR1,50.59,1,5.059,4.0,0.0,0.0,0.0,8.0,0.0,0.0,0.0,0.0,0.0,0.0,0.0,40.0,0.0,40.0,0.0,0.0,0.0,54.0,-1.2000000000000002,6.000000000000003,5.227,-0.12799999999999923,6.131
2020,12/25,N92-中,99,3875,-0.4,STR1,51.66,1,5.1659999999999995,4.0,0.0,0.0,0.0,8.0,0.0,0.0,0.0,0.0,0.0,0.0,0.0,40.0,0.0,40.0,0.0,0.0,0.0,53.0,-2.6999999999999997,1.8000000000000023,5.059,-0.16800000000000015,6.131
2020,12/10-12/22,N92,100,3929,-0.2,STR1,52.47,1,5.247,4.0,0.0,0.0,0.0,8.0,0.0,0.0,0.0,0.0,0.0,0.0,0.0,40.0,0.0,40.0,0.0,0.0,0.0,54.0,0.2,0.566666666666669,5.1659999999999995,0.10699999999999932,6.131
2020,12/31,N93-中,101,3980,-3.0,STR1,50.31,1,5.031000000000001,4.0,0.0,0.0,0.0,8.0,0.0,0.0,0.0,0.0,0.0,0.0,0.0,40.0,0.0,40.0,0.0,0.0,0.0,51.0,-2.8,-1.1999999999999977,5.247,0.0810000000000004,6.131
2020,12/26-1/6,N93,102,4037,-3.8,STR1,49.83,1,4.983,4.0,0.0,0.0,0.0,8.0,0.0,0.0,0.0,0.0,0.0,0.0,0.0,40.0,0.0,40.0,0.0,0.0,0.0,57.0,-0.7999999999999998,-2.333333333333331,5.031000000000001,-0.2159999999999993,6.131
2021,1/15,N94-中,103,4090,1.4,STR1,51.61,1,5.161,4.0,0.0,0.0,0.0,8.0,0.0,0.0,0.0,0.0,0.0,0.0,0.0,40.0,0.0,40.0,0.0,0.0,0.0,53.0,5.199999999999999,-1.7999999999999978,4.983,-0.04800000000000093,6.131
2021,1/10-1/21,N94,104,4144,0.2,STR1,51.53,1,5.1530000000000005,4.0,0.0,0.0,0.0,8.0,0.0,0.0,0.0,0.0,0.0,0.0,0.0,40.0,0.0,40.0,0.0,0.0,0.0,54.0,-1.2,-0.7333333333333308,5.161,0.17799999999999994,6.131
2021,3/24,N95-中,105,4204,11.9,STR1,58.03,1,5.803,4.0,0.0,0.0,0.0,8.0,0.0,0.0,0.0,0.0,0.0,0.0,0.0,40.0,0.0,40.0,0.0,0.0,0.0,60.0,11.700000000000001,4.500000000000003,5.1530000000000005,-0.007999999999999119,6.131
2021,3/18-3/29,N95,106,4252,14.2,STR1,50.82,1,5.082,4.0,0.0,0.0,0.0,8.0,0.0,0.0,0.0,0.0,0.0,0.0,0.0,40.0,0.0,40.0,0.0,0.0,0.0,48.0,2.299999999999999,8.766666666666667,5.803,0.6499999999999995,6.131
2021,4/7,N96-中,107,4307,16.9,STR1,55.05,1,5.505,4.0,0.0,0.0,0.0,8.0,0.0,0.0,0.0,0.0,0.0,0.0,0.0,40.0,0.0,40.0,0.0,0.0,0.0,55.0,2.6999999999999993,14.333333333333334,5.082,-0.7210000000000001,6.131
2021,4/2-4/12,N96,108,4358,16.8,STR1,54.83,1,5.483,4.0,0.0,0.0,0.0,8.0,0.0,0.0,0.0,0.0,0.0,0.0,0.0,40.0,0.0,40.0,0.0,0.0,0.0,51.0,-0.09999999999999787,15.966666666666669,5.505,0.42300000000000004,6.131
2021,4/21,N97-中,109,4415,20.2,STR1,51.23,1,5.122999999999999,4.0,0.0,0.0,0.0,8.0,0.0,0.0,0.0,0.0,0.0,0.0,0.0,40.0,0.0,40.0,0.0,0.0,0.0,57.0,3.3999999999999986,17.96666666666667,5.483,-0.02200000000000024,6.131
2021,4/16-4/26,N97,110,4466,19.2,STR1,56.22,1,5.622,4.0,0.0,0.0,0.0,8.0,0.0,0.0,0.0,0.0,0.0,0.0,0.0,40.0,0.0,40.0,0.0,0.0,0.0,51.0,-1.0,18.733333333333334,5.122999999999999,-0.3600000000000003,6.131
2021,5/4,N98-中,111,4524,17.7,STR1,54.67,1,5.4670000000000005,4.0,0.0,0.0,0.0,8.0,0.0,0.0,0.0,0.0,0.0,0.0,0.0,40.0,0.0,40.0,0.0,0.0,0.0,58.0,-1.5,19.033333333333335,5.622,0.49900000000000055,6.131
2021,4/29-5/9,N98,112,4573,20.8,STR1,56.31,1,5.631,4.0,0.0,0.0,0.0,8.0,0.0,0.0,0.0,0.0,0.0,0.0,0.0,40.0,0.0,40.0,0.0,0.0,0.0,49.0,3.1000000000000014,19.233333333333334,5.4670000000000005,-0.15499999999999936,6.131
2021,5/19,N99-中,113,4612,23.8,STR1,57.66,1,5.766,4.0,0.0,0.0,0.0,8.0,0.0,0.0,0.0,0.0,0.0,0.0,0.0,40.0,0.0,40.0,0.0,0.0,0.0,39.0,3.0,20.766666666666666,5.631,0.1639999999999997,6.131
2021,5/14-5/24,N99,114,4650,25.1,STR1,55.08,1,5.508,4.0,0.0,0.0,0.0,8.0,0.0,0.0,0.0,0.0,0.0,0.0,0.0,40.0,0.0,40.0,0.0,0.0,0.0,38.0,1.3000000000000007,23.233333333333334,5.766,0.1349999999999998,6.131
2021,6/2,N100-中,115,4692,23.6,STR1,59.58,1,5.958,4.0,0.0,0.0,0.0,8.0,0.0,0.0,0.0,0.0,0.0,0.0,0.0,40.0,0.0,40.0,0.0,0.0,0.0,42.0,-1.5,24.16666666666667,5.508,-0.258,6.131
2021,5/28-6/7,N100,116,4727,25.8,STR1,54.58,1,5.458,4.0,0.0,0.0,0.0,8.0,0.0,0.0,0.0,0.0,0.0,0.0,0.0,40.0,0.0,40.0,0.0,0.0,0.0,35.0,2.1999999999999993,24.833333333333332,5.958,0.4500000000000002,6.131
2021,6/16,N101-中,117,4768,30.1,STR1,59.43,1,5.943,4.0,0.0,0.0,0.0,8.0,0.0,0.0,0.0,0.0,0.0,0.0,0.0,40.0,0.0,40.0,0.0,0.0,0.0,41.0,4.300000000000001,26.5,5.458,-0.5,6.131
2021,6/11-6/20,N101,118,4805,30.2,STR1,63.75,1,6.375,4.0,0.0,0.0,0.0,8.0,0.0,0.0,0.0,0.0,0.0,0.0,0.0,40.0,0.0,40.0,0.0,0.0,0.0,37.0,0.09999999999999787,28.700000000000003,5.943,0.48499999999999943,6.131
2021,6/30,N102-中,119,4843,27.2,STR1,63.11,1,6.311,4.0,0.0,0.0,0.0,8.0,0.0,0.0,0.0,0.0,0.0,0.0,0.0,40.0,0.0,40.0,0.0,0.0,0.0,38.0,-3.0,29.166666666666668,6.375,0.4320000000000004,6.375
2021,6/25-7/6,N102,120,4882,27.5,STR1,63.72,1,6.372,4.0,0.0,0.0,0.0,8.0,0.0,0.0,0.0,0.0,0.0,0.0,0.0,40.0,0.0,40.0,0.0,0.0,0.0,39.0,0.3000000000000007,28.3,6.311,-0.06400000000000006,6.375
2021,7/14,N103-中,121,4922,29.1,STR1,56.89,1,5.689,4.0,0.0,0.0,0.0,8.0,0.0,0.0,0.0,0.0,0.0,0.0,0.0,40.0,0.0,40.0,0.0,0.0,0.0,40.0,1.6000000000000014,27.933333333333337,6.372,0.06099999999999994,6.375
2021,7/9-7/19,N103,122,4960,29.0,STR1,63.01,1,6.301,4.0,0.0,0.0,0.0,8.0,0.0,0.0,0.0,0.0,0.0,0.0,0.0,40.0,0.0,40.0,0.0,0.0,0.0,38.0,-0.10000000000000142,28.53333333333333,5.689,-0.6829999999999998,6.375
2021,7/28,N104-中,123,4999,31.2,STR1,61.67,1,6.167,4.0,0.0,0.0,0.0,8.0,0.0,0.0,0.0,0.0,0.0,0.0,0.0,40.0,0.0,40.0,0.0,0.0,0.0,39.0,2.1999999999999993,29.766666666666666,6.301,0.6120000000000001,6.375
2021,7/23-8/1,N104,124,5037,29.9,STR1,61.85,1,6.1850000000000005,4.0,0.0,0.0,0.0,8.0,0.0,0.0,0.0,0.0,0.0,0.0,0.0,40.0,0.0,40.0,0.0,0.0,0.0,38.0,-1.3000000000000007,30.033333333333335,6.167,-0.13400000000000034,6.375
2021,8/10,N105-中,125,5077,30.5,STR1,64.39,1,6.439,4.0,0.0,0.0,0.0,8.0,0.0,0.0,0.0,0.0,0.0,0.0,0.0,40.0,0.0,40.0,0.0,0.0,0.0,40.0,0.6000000000000014,30.533333333333335,6.1850000000000005,0.018000000000000682,6.375
2021,8/6-8/15,N105,126,5115,29.2,STR1,65.26,1,6.526000000000001,4.0,0.0,0.0,0.0,8.0,0.0,0.0,0.0,0.0,0.0,0.0,0.0,40.0,0.0,40.0,0.0,0.0,0.0,38.0,-1.3000000000000007,29.866666666666664,6.439,0.25399999999999956,6.439
2021,8/25,N106-中,127,5151,28.1,STR1,64.47,1,6.447,4.0,0.0,0.0,0.0,8.0,0.0,0.0,0.0,0.0,0.0,0.0,0.0,40.0,0.0,40.0,0.0,0.0,0.0,36.0,-1.0999999999999979,29.26666666666667,6.526000000000001,0.08700000000000063,6.526000000000001
2021,8/20-8/29,N106,128,5193,27.5,STR1,67.91,1,6.7909999999999995,4.0,0.0,0.0,0.0,8.0,0.0,0.0,0.0,0.0,0.0,0.0,0.0,40.0,0.0,40.0,0.0,0.0,0.0,42.0,-0.6000000000000014,28.26666666666667,6.447,-0.07900000000000063,6.526000000000001
2021,9/8,N107-中,129,5237,24.1,STR1,65.01,1,6.501,4.0,0.0,0.0,0.0,8.0,0.0,0.0,0.0,0.0,0.0,0.0,0.0,40.0,0.0,40.0,0.0,0.0,0.0,44.0,-3.3999999999999986,26.566666666666666,6.7909999999999995,0.3439999999999994,6.7909999999999995
2021,9/03-9/13,N107,130,5271,25.2,STR1,64.0,1,6.4,4.0,0.0,0.0,0.0,8.0,0.0,0.0,0.0,0.0,0.0,0.0,0.0,40.0,0.0,40.0,0.0,0.0,0.0,34.0,1.0999999999999979,25.600000000000005,6.501,-0.28999999999999915,6.7909999999999995
2021,9/22,N108-中,131,5314,22.2,STR1,63.01,1,6.301,4.0,0.0,0.0,0.0,8.0,0.0,0.0,0.0,0.0,0.0,0.0,0.0,40.0,0.0,40.0,0.0,0.0,0.0,43.0,-3.0,23.833333333333332,6.4,-0.10099999999999998,6.7909999999999995
2021,9/17-9/26,N108,132,5349,22.5,STR1,66.07,1,6.606999999999999,4.0,0.0,0.0,0.0,8.0,0.0,0.0,0.0,0.0,0.0,0.0,0.0,40.0,0.0,40.0,0.0,0.0,0.0,35.0,0.3000000000000007,23.3,6.301,-0.0990000000000002,6.7909999999999995
2021,10/13,N109-中,133,5387,16.3,STR1,61.72,1,6.172,4.0,0.0,0.0,0.0,8.0,0.0,0.0,0.0,0.0,0.0,0.0,0.0,40.0,0.0,40.0,0.0,0.0,0.0,38.0,-6.199999999999999,20.333333333333332,6.606999999999999,0.30599999999999916,6.7909999999999995
2021,10/8-10/18,N109,134,5427,15.6,STR1,63.97,1,6.397,4.0,0.0,0.0,0.0,8.0,0.0,0.0,0.0,0.0,0.0,0.0,0.0,40.0,0.0,40.0,0.0,0.0,0.0,40.0,-0.7000000000000011,18.133333333333333,6.172,-0.4349999999999996,6.7909999999999995
2021,10/27,N110-中,135,5469,15.5,STR1,59.65,1,5.965,4.0,0.0,0.0,0.0,8.0,0.0,0.0,0.0,0.0,0.0,0.0,0.0,40.0,0.0,40.0,0.0,0.0,0.0,42.0,-0.09999999999999964,15.800000000000002,6.397,0.22500000000000053,6.7909999999999995
2021,10/22-11/1,N110,136,5504,15.5,STR1,63.83,1,6.383,4.0,0.0,0.0,0.0,8.0,0.0,0.0,0.0,0.0,0.0,0.0,0.0,40.0,0.0,40.0,0.0,0.0,0.0,35.0,0.0,15.533333333333333,5.965,-0.4320000000000004,6.7909999999999995
2021,11/11,N111-中,137,5556,7.7,STR1,57.83,1,5.7829999999999995,4.0,0.0,0.0,0.0,8.0,0.0,0.0,0.0,0.0,0.0,0.0,0.0,40.0,0.0,40.0,0.0,0.0,0.0,52.0,-7.8,12.9,6.383,0.41800000000000015,6.7909999999999995
2021,11/05-11/17,N111,138,5612,9.3,STR1,62.85,1,6.285,4.0,0.0,0.0,0.0,8.0,0.0,0.0,0.0,0.0,0.0,0.0,0.0,40.0,0.0,40.0,0.0,0.0,0.0,56.0,1.6000000000000005,10.833333333333334,5.7829999999999995,-0.6000000000000005,6.7909999999999995
2021,11/25,N112-中,139,5669,5.5,STR1,58.19,1,5.819,4.0,0.0,0.0,0.0,8.0,0.0,0.0,0.0,0.0,0.0,0.0,0.0,40.0,0.0,40.0,0.0,0.0,0.0,57.0,-3.8000000000000007,7.500000000000001,6.285,0.5020000000000007,6.7909999999999995
2021,11/20-11/30,N112,140,5720,6.4,STR1,55.84,1,5.5840000000000005,4.0,0.0,0.0,0.0,8.0,0.0,0.0,0.0,0.0,0.0,0.0,0.0,40.0,0.0,40.0,0.0,0.0,0.0,51.0,0.9000000000000004,7.066666666666667,5.819,-0.4660000000000002,6.7909999999999995
2021,12/9,N113-中,141,5778,7.2,STR1,58.58,1,5.858,4.0,0.0,0.0,0.0,8.0,0.0,0.0,0.0,0.0,0.0,0.0,0.0,40.0,0.0,40.0,0.0,0.0,0.0,58.0,0.7999999999999998,6.366666666666668,5.5840000000000005,-0.23499999999999943,6.7909999999999995
2021,12/4-12/14,N113,142,5828,5.4,STR1,65.18,1,6.518000000000001,4.0,0.0,0.0,0.0,8.0,0.0,0.0,0.0,0.0,0.0,0.0,0.0,40.0,0.0,40.0,0.0,0.0,0.0,50.0,-1.7999999999999998,6.333333333333335,5.858,0.27399999999999913,6.7909999999999995
2021,12/23,N114-中,143,5889,3.1,STR1,58.35,1,5.835,4.0,0.0,0.0,0.0,8.0,0.0,0.0,0.0,0.0,0.0,0.0,0.0,40.0,0.0,40.0,0.0,0.0,0.0,61.0,-2.3000000000000003,5.233333333333335,6.518000000000001,0.660000000000001,6.7909999999999995
2021,12/17-12/28,N114,144,5936,0.2,STR1,54.76,1,5.476,4.0,0.0,0.0,0.0,8.0,0.0,0.0,0.0,0.0,0.0,0.0,0.0,40.0,0.0,40.0,0.0,0.0,0.0,47.0,-2.9,2.900000000000001,5.835,-0.6830000000000007,6.7909999999999995
2021,1/8,N115-中,145,5992,1.1,STR1,56.89,1,5.689,4.0,0.0,0.0,0.0,8.0,0.0,0.0,0.0,0.0,0.0,0.0,0.0,40.0,0.0,40.0,0.0,0.0,0.0,56.0,0.9000000000000001,1.466666666666668,5.476,-0.359,6.7909999999999995
2021,1/3-1/13,N115,146,6044,0.8,STR1,60.56,1,6.056,4.0,0.0,0.0,0.0,8.0,0.0,0.0,0.0,0.0,0.0,0.0,0.0,40.0,0.0,40.0,0.0,0.0,0.0,52.0,-0.30000000000000004,0.7000000000000012,5.689,0.21300000000000008,6.7909999999999995
2016,11/30-12/10,N1,0,3,3.8,STR2,15.67,1,1.567,4.0,0.0,0.0,0.0,8.0,0.0,0.0,0.0,0.0,0.0,0.0,0.0,40.0,0.0,20.0,0.0,0.0,0.0,0.0,0.0,3.8,,,
2016,12/13-12/24,N2,1,10,1.2,STR2,15.98,1,1.598,4.0,0.0,0.0,0.0,8.0,0.0,0.0,0.0,0.0,0.0,0.0,0.0,40.0,0.0,20.0,0.0,0.0,0.0,7.0,-2.5999999999999996,2.5,1.567,,1.567
2016,12/27-1/9,N3,2,30,0.9,STR2,14.81,1,1.481,4.0,0.0,0.0,0.0,8.0,0.0,0.0,0.0,0.0,0.0,0.0,0.0,40.0,0.0,20.0,0.0,0.0,0.0,20.0,-0.29999999999999993,1.9666666666666666,1.598,0.03100000000000014,1.598
2017,1/12-2/23,N4,3,48,3.6,STR2,16.36,1,1.636,4.0,0.0,0.0,0.0,8.0,0.0,0.0,0.0,0.0,0.0,0.0,0.0,40.0,0.0,20.0,0.0,0.0,0.0,18.0,2.7,1.9000000000000001,1.481,-0.11699999999999999,1.598
2017,2/26-3/10,N5,4,67,11.4,STR2,,0,,4.0,0.0,0.0,0.0,8.0,0.0,0.0,0.0,0.0,0.0,0.0,0.0,40.0,0.0,20.0,0.0,0.0,0.0,19.0,7.800000000000001,5.3,1.636,0.1549999999999998,1.636
2017,3/13-3/23,N6,5,85,13.9,STR2,16.56,1,1.656,4.0,0.0,0.0,0.0,8.0,0.0,0.0,0.0,0.0,0.0,0.0,0.0,40.0,0.0,20.0,0.0,0.0,0.0,18.0,2.5,9.633333333333333,1.636,0.1549999999999998,1.636
2017,3/26-4/6,N7,6,104,19.1,STR2,18.11,1,1.811,4.0,0.0,0.0,0.0,8.0,0.0,0.0,0.0,0.0,0.0,0.0,0.0,40.0,0.0,20.0,0.0,0.0,0.0,19.0,5.200000000000001,14.799999999999999,1.656,0.020000000000000018,1.656
2017,4/9-4/13,N8,7,108,21.1,STR2,18.35,1,1.8350000000000002,4.0,0.0,0.0,0.0,8.0,0.0,0.0,0.0,0.0,0.0,0.0,0.0,40.0,0.0,20.0,0.0,0.0,0.0,4.0,2.0,18.033333333333335,1.811,0.15500000000000003,1.811
2017,4/17-4-21,N9,8,109,21.7,STR2,18.57,1,1.857,4.0,0.0,0.0,0.0,8.0,0.0,0.0,0.0,0.0,0.0,0.0,0.0,40.0,0.0,20.0,0.0,0.0,0.0,1.0,0.5999999999999979,20.633333333333336,1.8350000000000002,0.024000000000000243,1.8350000000000002
2017,4/24-5/4,N10,9,129,27.0,STR2,21.66,1,2.166,4.0,0.0,0.0,0.0,8.0,0.0,0.0,0.0,0.0,0.0,0.0,0.0,40.0,0.0,20.0,0.0,0.0,0.0,20.0,5.300000000000001,23.266666666666666,1.857,0.021999999999999797,1.857
2017,5/7-5-17,N11,10,149,30.1,STR2,26.12,1,2.612,4.0,0.0,0.0,0.0,8.0,0.0,0.0,0.0,0.0,0.0,0.0,0.0,40.0,0.0,20.0,0.0,0.0,0.0,20.0,3.1000000000000014,26.266666666666666,2.166,0.30899999999999994,2.166
2017,5/20-5/30,N12,11,168,30.2,STR2,31.78,1,3.178,4.0,0.0,0.0,0.0,8.0,0.0,0.0,0.0,0.0,0.0,0.0,0.0,40.0,0.0,20.0,0.0,0.0,0.0,19.0,0.09999999999999787,29.099999999999998,2.612,0.4460000000000002,2.612
2017,6/2-6/12,N13,12,188,29.6,STR2,31.79,1,3.179,4.0,0.0,0.0,0.0,8.0,0.0,0.0,0.0,0.0,0.0,0.0,0.0,40.0,0.0,20.0,0.0,0.0,0.0,20.0,-0.5999999999999979,29.96666666666667,3.178,0.5659999999999998,3.178
2017,6/16-6/26,N14,13,206,30.1,STR2,35.51,1,3.5509999999999997,4.0,0.0,0.0,0.0,8.0,0.0,0.0,0.0,0.0,0.0,0.0,0.0,40.0,0.0,20.0,0.0,0.0,0.0,18.0,0.5,29.96666666666667,3.179,0.0009999999999998899,3.179
2017,6/29-7/10,N15,14,224,28.6,STR2,36.92,1,3.692,4.0,0.0,0.0,0.0,8.0,0.0,0.0,0.0,0.0,0.0,0.0,0.0,40.0,0.0,20.0,0.0,0.0,0.0,18.0,-1.5,29.433333333333337,3.5509999999999997,0.3719999999999999,3.5509999999999997
2017,7/13-7/23,N16-17,15,230,31.4,STR2,38.18,1,3.818,4.0,0.0,0.0,0.0,8.0,0.0,0.0,0.0,0.0,0.0,0.0,0.0,40.0,0.0,20.0,0.0,0.0,0.0,6.0,2.799999999999997,30.03333333333333,3.692,0.14100000000000046,3.692
2017,7/27-8/7,N18,16,250,32.1,STR2,42.61,1,4.261,4.0,0.0,0.0,0.0,8.0,0.0,0.0,0.0,0.0,0.0,0.0,0.0,40.0,0.0,20.0,0.0,0.0,0.0,20.0,0.7000000000000028,30.7,3.818,0.1259999999999999,3.818
2017,8/10-8/21,N19,17,268,28.6,STR2,42.19,1,4.218999999999999,4.0,0.0,0.0,0.0,8.0,0.0,0.0,0.0,0.0,0.0,0.0,0.0,40.0,0.0,20.0,0.0,0.0,0.0,18.0,-3.5,30.7,4.261,0.44300000000000006,4.261
2017,8/25-9/4,N20,18,286,26.3,STR2,31.55,1,3.1550000000000002,4.0,0.0,0.0,0.0,8.0,0.0,0.0,0.0,0.0,0.0,0.0,0.0,40.0,0.0,20.0,0.0,0.0,0.0,18.0,-2.3000000000000007,29.0,4.218999999999999,-0.0420000000000007,4.261
2017,9/8-9/18,N21,19,305,28.2,STR2,49.42,1,4.942,4.0,0.0,0.0,0.0,8.0,0.0,0.0,0.0,0.0,0.0,0.0,0.0,40.0,0.0,20.0,0.0,0.0,0.0,19.0,1.8999999999999986,27.7,3.1550000000000002,-1.0639999999999992,4.261
2017,9/21-10/9,N22,20,323,22.9,STR2,34.39,1,3.439,4.0,0.0,0.0,0.0,8.0,0.0,0.0,0.0,0.0,0.0,0.0,0.0,40.0,0.0,20.0,0.0,0.0,0.0,18.0,-5.300000000000001,25.8,4.942,1.787,4.942
2017,10/13-10/25,N23,21,346,14.9,STR2,37.94,1,3.7939999999999996,4.0,0.0,0.0,0.0,8.0,0.0,0.0,0.0,0.0,0.0,0.0,0.0,40.0,0.0,20.0,0.0,0.0,0.0,23.0,-7.999999999999998,22.0,3.439,-1.5030000000000001,4.942
2017,11/1-11/12,N24-25,22,352,11.1,STR2,51.86,1,5.186,4.0,0.0,0.0,0.0,8.0,0.0,0.0,0.0,0.0,0.0,0.0,0.0,40.0,0.0,20.0,0.0,0.0,0.0,6.0,-3.8000000000000007,16.3,3.7939999999999996,0.35499999999999954,4.942
2017,11/15-11/26,N26,23,371,3.8,STR2,49.89,1,4.989,4.0,0.0,0.0,0.0,8.0,0.0,0.0,0.0,0.0,0.0,0.0,0.0,40.0,0.0,20.0,0.0,0.0,0.0,19.0,-7.3,9.933333333333334,5.186,1.3920000000000003,5.186
2017,12/9-12/21,N27,24,391,0.0,STR2,45.4,1,4.54,4.0,0.0,0.0,0.0,8.0,0.0,0.0,0.0,0.0,0.0,0.0,0.0,40.0,0.0,20.0,0.0,0.0,0.0,20.0,-3.8,4.966666666666666,4.989,-0.19700000000000006,5.186
2017,12/23-1/3,N28,25,410,0.2,STR2,39.97,1,3.997,4.0,0.0,0.0,0.0,8.0,0.0,0.0,0.0,0.0,0.0,0.0,0.0,40.0,0.0,20.0,0.0,0.0,0.0,19.0,0.2,1.3333333333333333,4.54,-0.44899999999999984,5.186
2018,1/7-1/18,N29-30,26,415,-1.0,STR2,35.07,1,3.507,4.0,0.0,0.0,0.0,8.0,0.0,0.0,0.0,0.0,0.0,0.0,0.0,40.0,0.0,20.0,0.0,0.0,0.0,5.0,-1.2,-0.26666666666666666,3.997,-0.5430000000000001,5.186
2018,1/20-1/30,N31,27,434,-2.2,STR2,35.91,1,3.5909999999999997,4.0,0.0,0.0,0.0,8.0,0.0,0.0,0.0,0.0,0.0,0.0,0.0,40.0,0.0,20.0,0.0,0.0,0.0,19.0,-1.2000000000000002,-1.0,3.507,-0.48999999999999977,5.186
2018,3/9-3/21,N32,28,454,8.3,STR2,46.66,1,4.6659999999999995,4.0,0.0,0.0,0.0,8.0,0.0,0.0,0.0,0.0,0.0,0.0,0.0,40.0,0.0,20.0,0.0,0.0,0.0,20.0,10.5,1.7000000000000002,3.5909999999999997,0.08399999999999963,5.186
2018,3/25-4/7,N33,29,473,15.7,STR2,46.01,1,4.601,4.0,0.0,0.0,0.0,8.0,0.0,0.0,0.0,0.0,0.0,0.0,0.0,40.0,0.0,20.0,0.0,0.0,0.0,19.0,7.399999999999999,7.266666666666667,4.6659999999999995,1.0749999999999997,5.186
2018,4/10-4/21,N34,30,492,19.4,STR2,42.04,1,4.204,4.0,0.0,0.0,0.0,8.0,0.0,0.0,0.0,0.0,0.0,0.0,0.0,40.0,0.0,20.0,0.0,0.0,0.0,19.0,3.6999999999999993,14.466666666666667,4.601,-0.0649999999999995,5.186
2018,4/26-5/7,N35-36,31,498,23.7,STR2,43.19,1,4.319,4.0,0.0,0.0,0.0,8.0,0.0,0.0,0.0,0.0,0.0,0.0,0.0,40.0,0.0,20.0,0.0,0.0,0.0,6.0,4.300000000000001,19.599999999999998,4.204,-0.39700000000000024,5.186
2018,5/10-5/21,N37,32,517,24.1,STR2,41.94,1,4.194,4.0,0.0,0.0,0.0,8.0,0.0,0.0,0.0,0.0,0.0,0.0,0.0,40.0,0.0,20.0,0.0,0.0,0.0,19.0,0.40000000000000213,22.400000000000002,4.319,0.11500000000000021,5.186
2018,5/24-6/4,N38,33,536,29.7,STR2,30.36,1,3.036,4.0,0.0,0.0,0.0,8.0,0.0,0.0,0.0,0.0,0.0,0.0,0.0,40.0,0.0,20.0,0.0,0.0,0.0,19.0,5.599999999999998,25.833333333333332,4.194,-0.125,5.186
2018,6/7-6/19,N39,34,556,26.6,STR2,43.51,1,4.351,4.0,0.0,0.0,0.0,8.0,0.0,0.0,0.0,0.0,0.0,0.0,0.0,40.0,0.0,20.0,0.0,0.0,0.0,20.0,-3.099999999999998,26.8,3.036,-1.158,5.186
2018,6/22-7/2,N40,35,574,32.8,STR2,33.16,1,3.316,4.0,0.0,0.0,0.0,8.0,0.0,0.0,0.0,0.0,0.0,0.0,0.0,40.0,0.0,20.0,0.0,0.0,0.0,18.0,6.199999999999996,29.7,4.351,1.315,5.186
2018,7/5-7/17,N41,36,593,28.3,STR2,44.69,1,4.468999999999999,4.0,0.0,0.0,0.0,8.0,0.0,0.0,0.0,0.0,0.0,0.0,0.0,40.0,0.0,20.0,0.0,0.0,0.0,19.0,-4.4999999999999964,29.233333333333334,3.316,-1.0350000000000001,5.186
2018,7/22-7/31,N42,37,612,32.7,STR2,44.09,1,4.409000000000001,4.0,0.0,0.0,0.0,8.0,0.0,0.0,0.0,0.0,0.0,0.0,0.0,40.0,0.0,20.0,0.0,0.0,0.0,19.0,4.400000000000002,31.26666666666667,4.468999999999999,1.1529999999999996,5.186
2018,8/3-8/14,N43-44,38,618,30.5,STR2,47.14,1,4.714,4.0,0.0,0.0,0.0,8.0,0.0,0.0,0.0,0.0,0.0,0.0,0.0,40.0,0.0,20.0,0.0,0.0,0.0,6.0,-2.200000000000003,30.5,4.409000000000001,-0.05999999999999872,5.186
2018,8/17-8/30,N45,39,636,29.6,STR2,48.31,1,4.831,4.0,0.0,0.0,0.0,8.0,0.0,0.0,0.0,0.0,0.0,0.0,0.0,40.0,0.0,20.0,0.0,0.0,0.0,18.0,-0.8999999999999986,30.933333333333337,4.714,0.3049999999999997,5.186
2018,9/2-9/12,N46,40,655,26.9,STR2,47.76,1,4.776,4.0,0.0,0.0,0.0,8.0,0.0,0.0,0.0,0.0,0.0,0.0,0.0,40.0,0.0,20.0,0.0,0.0,0.0,19.0,-2.700000000000003,29.0,4.831,0.11699999999999999,5.186
2018,9/15-9/25,N47,41,675,22.8,STR2,45.57,1,4.557,4.0,0.0,0.0,0.0,8.0,0.0,0.0,0.0,0.0,0.0,0.0,0.0,40.0,0.0,20.0,0.0,0.0,0.0,20.0,-4.099999999999998,26.433333333333337,4.776,-0.055000000000000604,5.186
2018,10/4-10/15,N48,42,694,17.4,STR2,45.76,1,4.576,4.0,0.0,0.0,0.0,8.0,0.0,0.0,0.0,0.0,0.0,0.0,0.0,40.0,0.0,20.0,0.0,0.0,0.0,19.0,-5.400000000000002,22.36666666666667,4.557,-0.21899999999999942,5.186
2018,10/17-10/28,N49,43,714,14.8,STR2,45.94,1,4.593999999999999,4.0,0.0,0.0,0.0,8.0,0.0,0.0,0.0,0.0,0.0,0.0,0.0,40.0,0.0,20.0,0.0,0.0,0.0,20.0,-2.599999999999998,18.333333333333336,4.576,0.01899999999999924,5.186
2018,11/2-11/16,N50-51,44,719,9.8,STR2,46.16,1,4.616,4.0,0.0,0.0,0.0,8.0,0.0,0.0,0.0,0.0,0.0,0.0,0.0,40.0,0.0,20.0,0.0,0.0,0.0,5.0,-5.0,14.0,4.593999999999999,0.017999999999999794,5.186
2018,11/20-12/1,N52,45,738,6.5,STR2,36.28,1,3.628,4.0,0.0,0.0,0.0,8.0,0.0,0.0,0.0,0.0,0.0,0.0,0.0,40.0,0.0,20.0,0.0,0.0,0.0,19.0,-3.3000000000000007,10.366666666666669,4.616,0.02200000000000024,5.186
2018,12/4-12/17,N53,46,757,-1.1,STR2,44.0,1,4.4,4.0,0.0,0.0,0.0,8.0,0.0,0.0,0.0,0.0,0.0,0.0,0.0,40.0,0.0,20.0,0.0,0.0,0.0,19.0,-7.6,5.066666666666669,3.628,-0.9879999999999995,5.186
2018,12/30-2019/1/14,N54,47,834,-0.2,STR2,41.91,1,4.191,4.0,0.0,0.0,0.0,8.0,0.0,0.0,0.0,0.0,0.0,0.0,0.0,40.0,0.0,20.0,0.0,0.0,0.0,77.0,0.9000000000000001,1.7333333333333358,4.4,0.7720000000000002,5.186
2019,1/18-1/28,N55,48,912,4.0,STR2,40.66,1,4.066,4.0,0.0,0.0,0.0,8.0,0.0,0.0,0.0,0.0,0.0,0.0,0.0,40.0,0.0,20.0,0.0,0.0,0.0,78.0,4.2,0.9000000000000022,4.191,-0.20900000000000052,5.186
2019,3/1-3/20,N56,49,1013,14.2,STR2,41.93,1,4.193,4.0,0.0,0.0,0.0,8.0,0.0,0.0,0.0,0.0,0.0,0.0,0.0,40.0,0.0,20.0,0.0,0.0,0.0,101.0,10.2,6.000000000000003,4.066,-0.125,5.186
2019,3/24-4/4,N57,50,1114,14.5,STR2,45.3,1,4.529999999999999,4.0,0.0,0.0,0.0,8.0,0.0,0.0,0.0,0.0,0.0,0.0,0.0,40.0,0.0,20.0,0.0,0.0,0.0,101.0,0.3000000000000007,10.9,4.193,0.12699999999999978,5.186
2019,4/10-4/20,N58,51,1215,18.9,STR2,45.43,1,4.543,4.0,0.0,0.0,0.0,8.0,0.0,0.0,0.0,0.0,0.0,0.0,0.0,40.0,0.0,20.0,0.0,0.0,0.0,101.0,4.399999999999999,15.866666666666669,4.529999999999999,0.33699999999999974,5.186
2019,4/25-5/5,N59,52,1317,20.3,STR2,46.42,1,4.642,4.0,0.0,0.0,0.0,8.0,0.0,0.0,0.0,0.0,0.0,0.0,0.0,40.0,0.0,20.0,0.0,0.0,0.0,102.0,1.4000000000000021,17.900000000000002,4.543,0.013000000000000789,5.186
2019,5/9-5/21,N60,53,1376,25.0,STR2,46.61,1,4.661,4.0,0.0,0.0,0.0,8.0,0.0,0.0,0.0,0.0,0.0,0.0,0.0,40.0,0.0,20.0,0.0,0.0,0.0,59.0,4.699999999999999,21.400000000000002,4.642,0.0990000000000002,5.186
2019,5/27-6/5,N61,54,1441,27.8,STR2,46.86,1,4.686,4.0,0.0,0.0,0.0,8.0,0.0,0.0,0.0,0.0,0.0,0.0,0.0,40.0,0.0,20.0,0.0,0.0,0.0,65.0,2.8000000000000007,24.36666666666667,4.661,0.01899999999999924,5.186
2019,6/12-6/22,N62,55,1508,29.3,STR2,51.86,1,5.186,4.0,0.0,0.0,0.0,8.0,0.0,0.0,0.0,0.0,0.0,0.0,0.0,40.0,0.0,20.0,0.0,0.0,0.0,67.0,1.5,27.36666666666667,4.686,0.025000000000000355,5.186
2019,6/27-7/7,N63,56,1566,29.8,STR2,53.81,1,5.381,4.0,0.0,0.0,0.0,8.0,0.0,0.0,0.0,0.0,0.0,0.0,0.0,40.0,0.0,20.0,0.0,0.0,0.0,58.0,0.5,28.96666666666667,5.186,0.5,5.186
2019,7/11-7/21,N64,57,1637,30.7,STR2,56.82,1,5.682,4.0,0.0,0.0,0.0,8.0,0.0,0.0,0.0,0.0,0.0,0.0,0.0,40.0,0.0,20.0,0.0,0.0,0.0,71.0,0.8999999999999986,29.933333333333337,5.381,0.19500000000000028,5.381
2019,7/25-8/4,N65,58,1706,31.2,STR2,61.92,1,6.192,4.0,0.0,0.0,0.0,8.0,0.0,0.0,0.0,0.0,0.0,0.0,0.0,40.0,0.0,20.0,0.0,0.0,0.0,69.0,0.5,30.566666666666666,5.682,0.30100000000000016,5.682
2019,8/9-8/19,N66,59,1777,29.1,STR2,62.75,1,6.275,4.0,0.0,0.0,0.0,8.0,0.0,0.0,0.0,0.0,0.0,0.0,0.0,40.0,0.0,20.0,0.0,0.0,0.0,71.0,-2.099999999999998,30.33333333333334,6.192,0.5099999999999998,6.192
2019,8/24-9/5,N67,60,1847,29.4,STR2,63.59,1,6.359,4.0,0.0,0.0,0.0,8.0,0.0,0.0,0.0,0.0,0.0,0.0,0.0,40.0,0.0,20.0,0.0,0.0,0.0,70.0,0.29999999999999716,29.900000000000002,6.275,0.08300000000000018,6.275
2019,9/10-9/20,N68,61,1915,24.1,STR2,61.48,1,6.148,4.0,0.0,0.0,0.0,8.0,0.0,0.0,0.0,0.0,0.0,0.0,0.0,40.0,0.0,20.0,0.0,0.0,0.0,68.0,-5.299999999999997,27.533333333333335,6.359,0.08399999999999963,6.359
2019,9/25-10/13,N69,62,1981,21.8,STR2,51.93,1,5.193,4.0,0.0,0.0,0.0,8.0,0.0,0.0,0.0,0.0,0.0,0.0,0.0,40.0,0.0,20.0,0.0,0.0,0.0,66.0,-2.3000000000000007,25.100000000000005,6.148,-0.2110000000000003,6.359
2019,10/18-10/28,N70,63,2048,15.4,STR2,55.99,1,5.599,4.0,0.0,0.0,0.0,8.0,0.0,0.0,0.0,0.0,0.0,0.0,0.0,40.0,0.0,20.0,0.0,0.0,0.0,67.0,-6.4,20.433333333333334,5.193,-0.9550000000000001,6.359
2019,11/3-11/14,N71,64,2116,12.1,STR2,56.5,1,5.65,4.0,0.0,0.0,0.0,8.0,0.0,0.0,0.0,0.0,0.0,0.0,0.0,40.0,0.0,20.0,0.0,0.0,0.0,68.0,-3.3000000000000007,16.433333333333334,5.599,0.4060000000000006,6.359
2019,11/20-12/1,N72,65,2184,3.8,STR2,59.51,1,5.951,4.0,0.0,0.0,0.0,8.0,0.0,0.0,0.0,0.0,0.0,0.0,0.0,40.0,0.0,20.0,0.0,0.0,0.0,68.0,-8.3,10.433333333333335,5.65,0.051000000000000156,6.359
2019,12/5-12/21,N73,66,2290,0.8,STR2,58.54,1,5.854,4.0,0.0,0.0,0.0,8.0,0.0,0.0,0.0,0.0,0.0,0.0,0.0,40.0,0.0,20.0,0.0,0.0,0.0,106.0,-3.0,5.566666666666669,5.951,0.30099999999999927,6.359
2019,12/26-1/5,N74,67,2396,0.1,STR2,57.73,1,5.773,4.0,0.0,0.0,0.0,8.0,0.0,0.0,0.0,0.0,0.0,0.0,0.0,40.0,0.0,20.0,0.0,0.0,0.0,106.0,-0.7000000000000001,1.566666666666669,5.854,-0.09699999999999953,6.359
2020,3/19-3/31,N75,68,2501,14.9,STR2,60.52,1,6.0520000000000005,4.0,0.0,0.0,0.0,8.0,0.0,0.0,0.0,0.0,0.0,0.0,0.0,40.0,0.0,20.0,0.0,0.0,0.0,105.0,14.8,5.266666666666669,5.773,-0.0810000000000004,6.359
2020,4/4-4/15,N76,69,2605,18.0,STR2,62.27,1,6.227,4.0,0.0,0.0,0.0,8.0,0.0,0.0,0.0,0.0,0.0,0.0,0.0,40.0,0.0,20.0,0.0,0.0,0.0,104.0,3.0999999999999996,11.000000000000002,6.0520000000000005,0.2790000000000008,6.359
2020,4/19-4/28,N77,70,2708,18.3,STR2,63.79,1,6.379,4.0,0.0,0.0,0.0,8.0,0.0,0.0,0.0,0.0,0.0,0.0,0.0,40.0,0.0,20.0,0.0,0.0,0.0,103.0,0.3000000000000007,17.066666666666666,6.227,0.17499999999999982,6.359
2020,5/7,N78-中,71,2757,23.2,STR2,60.83,1,6.083,4.0,0.0,0.0,0.0,8.0,0.0,0.0,0.0,0.0,0.0,0.0,0.0,40.0,0.0,20.0,0.0,0.0,0.0,49.0,4.899999999999999,19.833333333333336,6.379,0.15199999999999925,6.379
2020,5/1-5/10,N78,72,2783,18.6,STR2,64.0,1,6.4,4.0,0.0,0.0,0.0,8.0,0.0,0.0,0.0,0.0,0.0,0.0,0.0,40.0,0.0,20.0,0.0,0.0,0.0,26.0,-4.599999999999998,20.033333333333335,6.083,-0.2959999999999994,6.379
2020,5/19,N79-中,73,2824,22.1,STR2,64.68,1,6.468000000000001,4.0,0.0,0.0,0.0,8.0,0.0,0.0,0.0,0.0,0.0,0.0,0.0,40.0,0.0,20.0,0.0,0.0,0.0,41.0,3.5,21.300000000000004,6.4,0.31700000000000017,6.4
2020,5/14-5/23,N79,74,2857,24.5,STR2,63.09,1,6.309,4.0,0.0,0.0,0.0,8.0,0.0,0.0,0.0,0.0,0.0,0.0,0.0,40.0,0.0,20.0,0.0,0.0,0.0,33.0,2.3999999999999986,21.733333333333338,6.468000000000001,0.0680000000000005,6.468000000000001
2020,6/2,N80-中,75,2900,27.0,STR2,65.16,1,6.516,4.0,0.0,0.0,0.0,8.0,0.0,0.0,0.0,0.0,0.0,0.0,0.0,40.0,0.0,20.0,0.0,0.0,0.0,43.0,2.5,24.533333333333335,6.309,-0.1590000000000007,6.468000000000001
2020,5/27-6/6,N80,76,2931,29.7,STR2,66.26,1,6.626,4.0,0.0,0.0,0.0,8.0,0.0,0.0,0.0,0.0,0.0,0.0,0.0,40.0,0.0,20.0,0.0,0.0,0.0,31.0,2.6999999999999993,27.066666666666666,6.516,0.20699999999999985,6.516
2020,6/17,N81-中,77,2987,31.7,STR2,65.81,1,6.581,4.0,0.0,0.0,0.0,8.0,0.0,0.0,0.0,0.0,0.0,0.0,0.0,40.0,0.0,20.0,0.0,0.0,0.0,56.0,2.0,29.46666666666667,6.626,0.11000000000000032,6.626
2020,6/10-6/19,N81,78,3006,29.0,STR2,67.19,1,6.718999999999999,4.0,0.0,0.0,0.0,8.0,0.0,0.0,0.0,0.0,0.0,0.0,0.0,40.0,0.0,20.0,0.0,0.0,0.0,19.0,-2.6999999999999993,30.133333333333336,6.581,-0.04499999999999993,6.626
2020,6/29,N82-中,79,3040,28.5,STR2,66.91,1,6.691,4.0,0.0,0.0,0.0,8.0,0.0,0.0,0.0,0.0,0.0,0.0,0.0,40.0,0.0,20.0,0.0,0.0,0.0,34.0,-0.5,29.733333333333334,6.718999999999999,0.137999999999999,6.718999999999999
2020,6/25-7/5,N82,80,3081,28.9,STR2,67.38,1,6.7379999999999995,4.0,0.0,0.0,0.0,8.0,0.0,0.0,0.0,0.0,0.0,0.0,0.0,40.0,0.0,20.0,0.0,0.0,0.0,41.0,0.3999999999999986,28.8,6.691,-0.02799999999999958,6.718999999999999
2020,7/15,N83-中,81,3128,26.7,STR2,69.37,1,6.937,4.0,0.0,0.0,0.0,8.0,0.0,0.0,0.0,0.0,0.0,0.0,0.0,40.0,0.0,20.0,0.0,0.0,0.0,47.0,-2.1999999999999993,28.033333333333335,6.7379999999999995,0.04699999999999971,6.7379999999999995
2020,7/9-7/19,N83,82,3157,30.0,STR2,67.65,1,6.765000000000001,4.0,0.0,0.0,0.0,8.0,0.0,0.0,0.0,0.0,0.0,0.0,0.0,40.0,0.0,20.0,0.0,0.0,0.0,29.0,3.3000000000000007,28.533333333333335,6.937,0.19900000000000073,6.937
2020,8/8,N84-中,83,3212,30.6,STR2,71.47,1,7.147,4.0,0.0,0.0,0.0,8.0,0.0,0.0,0.0,0.0,0.0,0.0,0.0,40.0,0.0,20.0,0.0,0.0,0.0,55.0,0.6000000000000014,29.100000000000005,6.765000000000001,-0.1719999999999997,6.937
2020,7/24-8/11,N84,84,3233,30.8,STR2,69.22,1,6.922,4.0,0.0,0.0,0.0,8.0,0.0,0.0,0.0,0.0,0.0,0.0,0.0,40.0,0.0,20.0,0.0,0.0,0.0,21.0,0.1999999999999993,30.46666666666667,7.147,0.3819999999999997,7.147
2020,8/21,N85-中,85,3275,25.8,STR2,69.18,1,6.918000000000001,4.0,0.0,0.0,0.0,8.0,0.0,0.0,0.0,0.0,0.0,0.0,0.0,40.0,0.0,20.0,0.0,0.0,0.0,42.0,-5.0,29.066666666666666,6.922,-0.22500000000000053,7.147
2020,8/15-8/25,N85,86,3308,26.9,STR2,69.47,1,6.947,4.0,0.0,0.0,0.0,8.0,0.0,0.0,0.0,0.0,0.0,0.0,0.0,40.0,0.0,20.0,0.0,0.0,0.0,33.0,1.0999999999999979,27.83333333333334,6.918000000000001,-0.003999999999998671,7.147
2020,9/2,N86-中,87,3344,27.3,STR2,71.36,1,7.136,4.0,0.0,0.0,0.0,8.0,0.0,0.0,0.0,0.0,0.0,0.0,0.0,40.0,0.0,20.0,0.0,0.0,0.0,36.0,0.40000000000000213,26.666666666666668,6.947,0.028999999999999027,7.147
2020,8/29-9/7,N86,88,3383,27.5,STR2,70.49,1,7.0489999999999995,4.0,0.0,0.0,0.0,8.0,0.0,0.0,0.0,0.0,0.0,0.0,0.0,40.0,0.0,20.0,0.0,0.0,0.0,39.0,0.1999999999999993,27.233333333333338,7.136,0.18900000000000006,7.147
2020,9/20,N87-中,89,3432,23.8,STR2,69.36,1,6.936,4.0,0.0,0.0,0.0,8.0,0.0,0.0,0.0,0.0,0.0,0.0,0.0,40.0,0.0,20.0,0.0,0.0,0.0,49.0,-3.6999999999999993,26.200000000000003,7.0489999999999995,-0.08700000000000063,7.147
2020,9/14-9/23,N87,90,3458,23.7,STR2,67.82,1,6.781999999999999,4.0,0.0,0.0,0.0,8.0,0.0,0.0,0.0,0.0,0.0,0.0,0.0,40.0,0.0,20.0,0.0,0.0,0.0,26.0,-0.10000000000000142,25.0,6.936,-0.11299999999999955,7.147
2020,10/12,N88-中,91,3495,18.4,STR2,68.3,1,6.83,4.0,0.0,0.0,0.0,8.0,0.0,0.0,0.0,0.0,0.0,0.0,0.0,40.0,0.0,20.0,0.0,0.0,0.0,37.0,-5.300000000000001,21.96666666666667,6.781999999999999,-0.1540000000000008,7.147
2020,9/28-10/17,N88,92,3533,17.7,STR2,67.68,1,6.768000000000001,4.0,0.0,0.0,0.0,8.0,0.0,0.0,0.0,0.0,0.0,0.0,0.0,40.0,0.0,20.0,0.0,0.0,0.0,38.0,-0.6999999999999993,19.933333333333337,6.83,0.04800000000000093,7.147
2020,10/26,N89-中,93,3577,15.1,STR2,66.94,1,6.694,4.0,0.0,0.0,0.0,8.0,0.0,0.0,0.0,0.0,0.0,0.0,0.0,40.0,0.0,20.0,0.0,0.0,0.0,44.0,-2.5999999999999996,17.066666666666666,6.768000000000001,-0.06199999999999939,7.147
2020,10/21-10/30,N89,94,3607,15.3,STR2,67.94,1,6.794,4.0,0.0,0.0,0.0,8.0,0.0,0.0,0.0,0.0,0.0,0.0,0.0,40.0,0.0,20.0,0.0,0.0,0.0,30.0,0.20000000000000107,16.033333333333335,6.694,-0.07400000000000073,7.147
2020,11/13,N90-中,95,3658,13.4,STR2,68.85,1,6.885,4.0,0.0,0.0,0.0,8.0,0.0,0.0,0.0,0.0,0.0,0.0,0.0,40.0,0.0,20.0,0.0,0.0,0.0,51.0,-1.9000000000000004,14.600000000000003,6.794,0.09999999999999964,7.147
2020,11/8-11/19,N90,96,3714,12.2,STR2,68.8,1,6.88,4.0,0.0,0.0,0.0,8.0,0.0,0.0,0.0,0.0,0.0,0.0,0.0,40.0,0.0,20.0,0.0,0.0,0.0,56.0,-1.200000000000001,13.633333333333335,6.885,0.09100000000000019,7.147
2020,11/29,N91-中,97,3768,3.5,STR2,68.61,1,6.861,4.0,0.0,0.0,0.0,8.0,0.0,0.0,0.0,0.0,0.0,0.0,0.0,40.0,0.0,20.0,0.0,0.0,0.0,54.0,-8.7,9.700000000000003,6.88,-0.004999999999999893,7.147
2020,11/24-12/5,N91,98,3822,2.3,STR2,68.86,1,6.886,4.0,0.0,0.0,0.0,8.0,0.0,0.0,0.0,0.0,0.0,0.0,0.0,40.0,0.0,20.0,0.0,0.0,0.0,54.0,-1.2000000000000002,6.000000000000003,6.861,-0.019000000000000128,7.147
2020,12/25,N92-中,99,3875,-0.4,STR2,68.61,1,6.861,4.0,0.0,0.0,0.0,8.0,0.0,0.0,0.0,0.0,0.0,0.0,0.0,40.0,0.0,20.0,0.0,0.0,0.0,53.0,-2.6999999999999997,1.8000000000000023,6.886,0.025000000000000355,7.147
2020,12/10-12/22,N92,100,3929,-0.2,STR2,67.9,1,6.790000000000001,4.0,0.0,0.0,0.0,8.0,0.0,0.0,0.0,0.0,0.0,0.0,0.0,40.0,0.0,20.0,0.0,0.0,0.0,54.0,0.2,0.566666666666669,6.861,-0.025000000000000355,7.147
2020,12/31,N93-中,101,3980,-3.0,STR2,66.19,1,6.619,4.0,0.0,0.0,0.0,8.0,0.0,0.0,0.0,0.0,0.0,0.0,0.0,40.0,0.0,20.0,0.0,0.0,0.0,51.0,-2.8,-1.1999999999999977,6.790000000000001,-0.07099999999999884,7.147
2020,12/26-1/6,N93,102,4037,-3.8,STR2,66.42,1,6.642,4.0,0.0,0.0,0.0,8.0,0.0,0.0,0.0,0.0,0.0,0.0,0.0,40.0,0.0,20.0,0.0,0.0,0.0,57.0,-0.7999999999999998,-2.333333333333331,6.619,-0.17100000000000115,7.147
2021,1/15,N94-中,103,4090,1.4,STR2,68.73,1,6.873,4.0,0.0,0.0,0.0,8.0,0.0,0.0,0.0,0.0,0.0,0.0,0.0,40.0,0.0,20.0,0.0,0.0,0.0,53.0,5.199999999999999,-1.7999999999999978,6.642,0.023000000000000576,7.147
2021,1/10-1/21,N94,104,4144,0.2,STR2,63.21,1,6.321,4.0,0.0,0.0,0.0,8.0,0.0,0.0,0.0,0.0,0.0,0.0,0.0,40.0,0.0,20.0,0.0,0.0,0.0,54.0,-1.2,-0.7333333333333308,6.873,0.23099999999999987,7.147
2021,3/24,N95-中,105,4204,11.9,STR2,72.31,1,7.231,4.0,0.0,0.0,0.0,8.0,0.0,0.0,0.0,0.0,0.0,0.0,0.0,40.0,0.0,20.0,0.0,0.0,0.0,60.0,11.700000000000001,4.500000000000003,6.321,-0.5520000000000005,7.147
2021,3/18-3/29,N95,106,4252,14.2,STR2,67.63,1,6.763,4.0,0.0,0.0,0.0,8.0,0.0,0.0,0.0,0.0,0.0,0.0,0.0,40.0,0.0,20.0,0.0,0.0,0.0,48.0,2.299999999999999,8.766666666666667,7.231,0.9100000000000001,7.231
2021,4/7,N96-中,107,4307,16.9,STR2,70.82,1,7.081999999999999,4.0,0.0,0.0,0.0,8.0,0.0,0.0,0.0,0.0,0.0,0.0,0.0,40.0,0.0,20.0,0.0,0.0,0.0,55.0,2.6999999999999993,14.333333333333334,6.763,-0.46799999999999997,7.231
2021,4/2-4/12,N96,108,4358,16.8,STR2,70.96,1,7.095999999999999,4.0,0.0,0.0,0.0,8.0,0.0,0.0,0.0,0.0,0.0,0.0,0.0,40.0,0.0,20.0,0.0,0.0,0.0,51.0,-0.09999999999999787,15.966666666666669,7.081999999999999,0.31899999999999906,7.231
2021,4/21,N97-中,109,4415,20.2,STR2,69.73,1,6.973000000000001,4.0,0.0,0.0,0.0,8.0,0.0,0.0,0.0,0.0,0.0,0.0,0.0,40.0,0.0,20.0,0.0,0.0,0.0,57.0,3.3999999999999986,17.96666666666667,7.095999999999999,0.014000000000000234,7.231
2021,4/16-4/26,N97,110,4466,19.2,STR2,69.74,1,6.973999999999999,4.0,0.0,0.0,0.0,8.0,0.0,0.0,0.0,0.0,0.0,0.0,0.0,40.0,0.0,20.0,0.0,0.0,0.0,51.0,-1.0,18.733333333333334,6.973000000000001,-0.12299999999999844,7.231
2021,5/4,N98-中,111,4524,17.7,STR2,72.45,1,7.245,4.0,0.0,0.0,0.0,8.0,0.0,0.0,0.0,0.0,0.0,0.0,0.0,40.0,0.0,20.0,0.0,0.0,0.0,58.0,-1.5,19.033333333333335,6.973999999999999,0.0009999999999985576,7.231
2021,4/29-5/9,N98,112,4573,20.8,STR2,73.12,1,7.312,4.0,0.0,0.0,0.0,8.0,0.0,0.0,0.0,0.0,0.0,0.0,0.0,40.0,0.0,20.0,0.0,0.0,0.0,49.0,3.1000000000000014,19.233333333333334,7.245,0.2710000000000008,7.245
2021,5/19,N99-中,113,4612,23.8,STR2,71.0,1,7.1,4.0,0.0,0.0,0.0,8.0,0.0,0.0,0.0,0.0,0.0,0.0,0.0,40.0,0.0,20.0,0.0,0.0,0.0,39.0,3.0,20.766666666666666,7.312,0.06700000000000017,7.312
2021,5/14-5/24,N99,114,4650,25.1,STR2,69.6,1,6.959999999999999,4.0,0.0,0.0,0.0,8.0,0.0,0.0,0.0,0.0,0.0,0.0,0.0,40.0,0.0,20.0,0.0,0.0,0.0,38.0,1.3000000000000007,23.233333333333334,7.1,-0.21200000000000063,7.312
2021,6/2,N100-中,115,4692,23.6,STR2,74.71,1,7.470999999999999,4.0,0.0,0.0,0.0,8.0,0.0,0.0,0.0,0.0,0.0,0.0,0.0,40.0,0.0,20.0,0.0,0.0,0.0,42.0,-1.5,24.16666666666667,6.959999999999999,-0.14000000000000057,7.312
2021,5/28-6/7,N100,116,4727,25.8,STR2,73.67,1,7.367,4.0,0.0,0.0,0.0,8.0,0.0,0.0,0.0,0.0,0.0,0.0,0.0,40.0,0.0,20.0,0.0,0.0,0.0,35.0,2.1999999999999993,24.833333333333332,7.470999999999999,0.5110000000000001,7.470999999999999
2021,6/16,N101-中,117,4768,30.1,STR2,73.61,1,7.361,4.0,0.0,0.0,0.0,8.0,0.0,0.0,0.0,0.0,0.0,0.0,0.0,40.0,0.0,20.0,0.0,0.0,0.0,41.0,4.300000000000001,26.5,7.367,-0.1039999999999992,7.470999999999999
2021,6/11-6/20,N101,118,4805,30.2,STR2,77.61,1,7.761,4.0,0.0,0.0,0.0,8.0,0.0,0.0,0.0,0.0,0.0,0.0,0.0,40.0,0.0,20.0,0.0,0.0,0.0,37.0,0.09999999999999787,28.700000000000003,7.361,-0.006000000000000227,7.470999999999999
2021,6/30,N102-中,119,4843,27.2,STR2,76.46,1,7.645999999999999,4.0,0.0,0.0,0.0,8.0,0.0,0.0,0.0,0.0,0.0,0.0,0.0,40.0,0.0,20.0,0.0,0.0,0.0,38.0,-3.0,29.166666666666668,7.761,0.40000000000000036,7.761
2021,6/25-7/6,N102,120,4882,27.5,STR2,76.58,1,7.6579999999999995,4.0,0.0,0.0,0.0,8.0,0.0,0.0,0.0,0.0,0.0,0.0,0.0,40.0,0.0,20.0,0.0,0.0,0.0,39.0,0.3000000000000007,28.3,7.645999999999999,-0.1150000000000011,7.761
2021,7/14,N103-中,121,4922,29.1,STR2,76.55,1,7.654999999999999,4.0,0.0,0.0,0.0,8.0,0.0,0.0,0.0,0.0,0.0,0.0,0.0,40.0,0.0,20.0,0.0,0.0,0.0,40.0,1.6000000000000014,27.933333333333337,7.6579999999999995,0.012000000000000455,7.761
2021,7/9-7/19,N103,122,4960,29.0,STR2,74.93,1,7.493,4.0,0.0,0.0,0.0,8.0,0.0,0.0,0.0,0.0,0.0,0.0,0.0,40.0,0.0,20.0,0.0,0.0,0.0,38.0,-0.10000000000000142,28.53333333333333,7.654999999999999,-0.0030000000000001137,7.761
2021,7/28,N104-中,123,4999,31.2,STR2,75.92,1,7.5920000000000005,4.0,0.0,0.0,0.0,8.0,0.0,0.0,0.0,0.0,0.0,0.0,0.0,40.0,0.0,20.0,0.0,0.0,0.0,39.0,2.1999999999999993,29.766666666666666,7.493,-0.16199999999999903,7.761
2021,7/23-8/1,N104,124,5037,29.9,STR2,76.68,1,7.668000000000001,4.0,0.0,0.0,0.0,8.0,0.0,0.0,0.0,0.0,0.0,0.0,0.0,40.0,0.0,20.0,0.0,0.0,0.0,38.0,-1.3000000000000007,30.033333333333335,7.5920000000000005,0.0990000000000002,7.761
2021,8/10,N105-中,125,5077,30.5,STR2,77.95,1,7.795,4.0,0.0,0.0,0.0,8.0,0.0,0.0,0.0,0.0,0.0,0.0,0.0,40.0,0.0,20.0,0.0,0.0,0.0,40.0,0.6000000000000014,30.533333333333335,7.668000000000001,0.07600000000000051,7.761
2021,8/6-8/15,N105,126,5115,29.2,STR2,78.79,1,7.8790000000000004,4.0,0.0,0.0,0.0,8.0,0.0,0.0,0.0,0.0,0.0,0.0,0.0,40.0,0.0,20.0,0.0,0.0,0.0,38.0,-1.3000000000000007,29.866666666666664,7.795,0.1269999999999989,7.795
2021,8/25,N106-中,127,5151,28.1,STR2,79.17,1,7.917,4.0,0.0,0.0,0.0,8.0,0.0,0.0,0.0,0.0,0.0,0.0,0.0,40.0,0.0,20.0,0.0,0.0,0.0,36.0,-1.0999999999999979,29.26666666666667,7.8790000000000004,0.08400000000000052,7.8790000000000004
2021,8/20-8/29,N106,128,5193,27.5,STR2,81.18,1,8.118,4.0,0.0,0.0,0.0,8.0,0.0,0.0,0.0,0.0,0.0,0.0,0.0,40.0,0.0,20.0,0.0,0.0,0.0,42.0,-0.6000000000000014,28.26666666666667,7.917,0.03799999999999937,7.917
2021,9/8,N107-中,129,5237,24.1,STR2,80.2,1,8.02,4.0,0.0,0.0,0.0,8.0,0.0,0.0,0.0,0.0,0.0,0.0,0.0,40.0,0.0,20.0,0.0,0.0,0.0,44.0,-3.3999999999999986,26.566666666666666,8.118,0.2010000000000005,8.118
2021,9/03-9/13,N107,130,5271,25.2,STR2,77.24,1,7.723999999999999,4.0,0.0,0.0,0.0,8.0,0.0,0.0,0.0,0.0,0.0,0.0,0.0,40.0,0.0,20.0,0.0,0.0,0.0,34.0,1.0999999999999979,25.600000000000005,8.02,-0.09800000000000075,8.118
2021,9/22,N108-中,131,5314,22.2,STR2,79.07,1,7.906999999999999,4.0,0.0,0.0,0.0,8.0,0.0,0.0,0.0,0.0,0.0,0.0,0.0,40.0,0.0,20.0,0.0,0.0,0.0,43.0,-3.0,23.833333333333332,7.723999999999999,-0.29600000000000026,8.118
2021,9/17-9/26,N108,132,5349,22.5,STR2,78.38,1,7.837999999999999,4.0,0.0,0.0,0.0,8.0,0.0,0.0,0.0,0.0,0.0,0.0,0.0,40.0,0.0,20.0,0.0,0.0,0.0,35.0,0.3000000000000007,23.3,7.906999999999999,0.18299999999999983,8.118
2021,10/13,N109-中,133,5387,16.3,STR2,75.94,1,7.593999999999999,4.0,0.0,0.0,0.0,8.0,0.0,0.0,0.0,0.0,0.0,0.0,0.0,40.0,0.0,20.0,0.0,0.0,0.0,38.0,-6.199999999999999,20.333333333333332,7.837999999999999,-0.06899999999999995,8.118
2021,10/8-10/18,N109,134,5427,15.6,STR2,75.06,1,7.506,4.0,0.0,0.0,0.0,8.0,0.0,0.0,0.0,0.0,0.0,0.0,0.0,40.0,0.0,20.0,0.0,0.0,0.0,40.0,-0.7000000000000011,18.133333333333333,7.593999999999999,-0.24399999999999977,8.118
2021,10/27,N110-中,135,5469,15.5,STR2,75.29,1,7.529000000000001,4.0,0.0,0.0,0.0,8.0,0.0,0.0,0.0,0.0,0.0,0.0,0.0,40.0,0.0,20.0,0.0,0.0,0.0,42.0,-0.09999999999999964,15.800000000000002,7.506,-0.08799999999999919,8.118
2021,10/22-11/1,N110,136,5504,15.5,STR2,78.56,1,7.856,4.0,0.0,0.0,0.0,8.0,0.0,0.0,0.0,0.0,0.0,0.0,0.0,40.0,0.0,20.0,0.0,0.0,0.0,35.0,0.0,15.533333333333333,7.529000000000001,0.023000000000000576,8.118
2021,11/11,N111-中,137,5556,7.7,STR2,74.08,1,7.4079999999999995,4.0,0.0,0.0,0.0,8.0,0.0,0.0,0.0,0.0,0.0,0.0,0.0,40.0,0.0,20.0,0.0,0.0,0.0,52.0,-7.8,12.9,7.856,0.32699999999999907,8.118
2021,11/05-11/17,N111,138,5612,9.3,STR2,75.49,1,7.5489999999999995,4.0,0.0,0.0,0.0,8.0,0.0,0.0,0.0,0.0,0.0,0.0,0.0,40.0,0.0,20.0,0.0,0.0,0.0,56.0,1.6000000000000005,10.833333333333334,7.4079999999999995,-0.4480000000000004,8.118
2021,11/25,N112-中,139,5669,5.5,STR2,73.93,1,7.393000000000001,4.0,0.0,0.0,0.0,8.0,0.0,0.0,0.0,0.0,0.0,0.0,0.0,40.0,0.0,20.0,0.0,0.0,0.0,57.0,-3.8000000000000007,7.500000000000001,7.5489999999999995,0.14100000000000001,8.118
2021,11/20-11/30,N112,140,5720,6.4,STR2,74.25,1,7.425,4.0,0.0,0.0,0.0,8.0,0.0,0.0,0.0,0.0,0.0,0.0,0.0,40.0,0.0,20.0,0.0,0.0,0.0,51.0,0.9000000000000004,7.066666666666667,7.393000000000001,-0.1559999999999988,8.118
2021,12/9,N113-中,141,5778,7.2,STR2,78.75,1,7.875,4.0,0.0,0.0,0.0,8.0,0.0,0.0,0.0,0.0,0.0,0.0,0.0,40.0,0.0,20.0,0.0,0.0,0.0,58.0,0.7999999999999998,6.366666666666668,7.425,0.03199999999999914,8.118
2021,12/4-12/14,N113,142,5828,5.4,STR2,77.88,1,7.787999999999999,4.0,0.0,0.0,0.0,8.0,0.0,0.0,0.0,0.0,0.0,0.0,0.0,40.0,0.0,20.0,0.0,0.0,0.0,50.0,-1.7999999999999998,6.333333333333335,7.875,0.4500000000000002,8.118
2021,12/23,N114-中,143,5889,3.1,STR2,74.19,1,7.419,4.0,0.0,0.0,0.0,8.0,0.0,0.0,0.0,0.0,0.0,0.0,0.0,40.0,0.0,20.0,0.0,0.0,0.0,61.0,-2.3000000000000003,5.233333333333335,7.787999999999999,-0.08700000000000063,8.118
2021,12/17-12/28,N114,144,5936,0.2,STR2,72.63,1,7.263,4.0,0.0,0.0,0.0,8.0,0.0,0.0,0.0,0.0,0.0,0.0,0.0,40.0,0.0,20.0,0.0,0.0,0.0,47.0,-2.9,2.900000000000001,7.419,-0.3689999999999998,8.118
2021,1/8,N115-中,145,5992,1.1,STR2,73.31,1,7.331,4.0,0.0,0.0,0.0,8.0,0.0,0.0,0.0,0.0,0.0,0.0,0.0,40.0,0.0,20.0,0.0,0.0,0.0,56.0,0.9000000000000001,1.466666666666668,7.263,-0.1559999999999997,8.118
2021,1/3-1/13,N115,146,6044,0.8,STR2,76.32,1,7.632,4.0,0.0,0.0,0.0,8.0,0.0,0.0,0.0,0.0,0.0,0.0,0.0,40.0,0.0,20.0,0.0,0.0,0.0,52.0,-0.30000000000000004,0.7000000000000012,7.331,0.0680000000000005,8.118
2016,11/30-12/10,N1,0,3,3.8,STR3,18.79,1,1.879,4.0,0.0,0.0,0.0,8.0,0.0,0.0,0.0,0.0,0.0,0.0,0.0,40.0,0.0,0.0,0.0,0.0,20.0,0.0,0.0,3.8,,,
2016,12/13-12/24,N2,1,10,1.2,STR3,17.84,1,1.784,4.0,0.0,0.0,0.0,8.0,0.0,0.0,0.0,0.0,0.0,0.0,0.0,40.0,0.0,0.0,0.0,0.0,20.0,7.0,-2.5999999999999996,2.5,1.879,,1.879
2016,12/27-1/9,N3,2,30,0.9,STR3,17.91,1,1.791,4.0,0.0,0.0,0.0,8.0,0.0,0.0,0.0,0.0,0.0,0.0,0.0,40.0,0.0,0.0,0.0,0.0,20.0,20.0,-0.29999999999999993,1.9666666666666666,1.784,-0.09499999999999997,1.879
2017,1/12-2/23,N4,3,48,3.6,STR3,18.6,1,1.86,4.0,0.0,0.0,0.0,8.0,0.0,0.0,0.0,0.0,0.0,0.0,0.0,40.0,0.0,0.0,0.0,0.0,20.0,18.0,2.7,1.9000000000000001,1.791,0.006999999999999895,1.879
2017,2/26-3/10,N5,4,67,11.4,STR3,,0,,4.0,0.0,0.0,0.0,8.0,0.0,0.0,0.0,0.0,0.0,0.0,0.0,40.0,0.0,0.0,0.0,0.0,20.0,19.0,7.800000000000001,5.3,1.86,0.06900000000000017,1.879
2017,3/13-3/23,N6,5,85,13.9,STR3,22.57,1,2.257,4.0,0.0,0.0,0.0,8.0,0.0,0.0,0.0,0.0,0.0,0.0,0.0,40.0,0.0,0.0,0.0,0.0,20.0,18.0,2.5,9.633333333333333,1.86,0.06900000000000017,1.879
2017,3/26-4/6,N7,6,104,19.1,STR3,21.04,1,2.104,4.0,0.0,0.0,0.0,8.0,0.0,0.0,0.0,0.0,0.0,0.0,0.0,40.0,0.0,0.0,0.0,0.0,20.0,19.0,5.200000000000001,14.799999999999999,2.257,0.397,2.257
2017,4/9-4/13,N8,7,108,21.1,STR3,21.66,1,2.166,4.0,0.0,0.0,0.0,8.0,0.0,0.0,0.0,0.0,0.0,0.0,0.0,40.0,0.0,0.0,0.0,0.0,20.0,4.0,2.0,18.033333333333335,2.104,-0.15300000000000002,2.257
2017,4/17-4-21,N9,8,109,21.7,STR3,20.32,1,2.032,4.0,0.0,0.0,0.0,8.0,0.0,0.0,0.0,0.0,0.0,0.0,0.0,40.0,0.0,0.0,0.0,0.0,20.0,1.0,0.5999999999999979,20.633333333333336,2.166,0.06199999999999983,2.257
2017,4/24-5/4,N10,9,129,27.0,STR3,22.98,1,2.298,4.0,0.0,0.0,0.0,8.0,0.0,0.0,0.0,0.0,0.0,0.0,0.0,40.0,0.0,0.0,0.0,0.0,20.0,20.0,5.300000000000001,23.266666666666666,2.032,-0.1339999999999999,2.257
2017,5/7-5-17,N11,10,149,30.1,STR3,28.74,1,2.8739999999999997,4.0,0.0,0.0,0.0,8.0,0.0,0.0,0.0,0.0,0.0,0.0,0.0,40.0,0.0,0.0,0.0,0.0,20.0,20.0,3.1000000000000014,26.266666666666666,2.298,0.266,2.298
2017,5/20-5/30,N12,11,168,30.2,STR3,33.55,1,3.3549999999999995,4.0,0.0,0.0,0.0,8.0,0.0,0.0,0.0,0.0,0.0,0.0,0.0,40.0,0.0,0.0,0.0,0.0,20.0,19.0,0.09999999999999787,29.099999999999998,2.8739999999999997,0.5759999999999996,2.8739999999999997
2017,6/2-6/12,N13,12,188,29.6,STR3,36.33,1,3.633,4.0,0.0,0.0,0.0,8.0,0.0,0.0,0.0,0.0,0.0,0.0,0.0,40.0,0.0,0.0,0.0,0.0,20.0,20.0,-0.5999999999999979,29.96666666666667,3.3549999999999995,0.48099999999999987,3.3549999999999995
2017,6/16-6/26,N14,13,206,30.1,STR3,39.43,1,3.943,4.0,0.0,0.0,0.0,8.0,0.0,0.0,0.0,0.0,0.0,0.0,0.0,40.0,0.0,0.0,0.0,0.0,20.0,18.0,0.5,29.96666666666667,3.633,0.27800000000000047,3.633
2017,6/29-7/10,N15,14,224,28.6,STR3,41.64,1,4.164,4.0,0.0,0.0,0.0,8.0,0.0,0.0,0.0,0.0,0.0,0.0,0.0,40.0,0.0,0.0,0.0,0.0,20.0,18.0,-1.5,29.433333333333337,3.943,0.31000000000000005,3.943
2017,7/13-7/23,N16-17,15,230,31.4,STR3,43.79,1,4.379,4.0,0.0,0.0,0.0,8.0,0.0,0.0,0.0,0.0,0.0,0.0,0.0,40.0,0.0,0.0,0.0,0.0,20.0,6.0,2.799999999999997,30.03333333333333,4.164,0.22099999999999964,4.164
2017,7/27-8/7,N18,16,250,32.1,STR3,46.91,1,4.691,4.0,0.0,0.0,0.0,8.0,0.0,0.0,0.0,0.0,0.0,0.0,0.0,40.0,0.0,0.0,0.0,0.0,20.0,20.0,0.7000000000000028,30.7,4.379,0.21499999999999986,4.379
2017,8/10-8/21,N19,17,268,28.6,STR3,46.61,1,4.661,4.0,0.0,0.0,0.0,8.0,0.0,0.0,0.0,0.0,0.0,0.0,0.0,40.0,0.0,0.0,0.0,0.0,20.0,18.0,-3.5,30.7,4.691,0.3120000000000003,4.691
2017,8/25-9/4,N20,18,286,26.3,STR3,40.41,1,4.0409999999999995,4.0,0.0,0.0,0.0,8.0,0.0,0.0,0.0,0.0,0.0,0.0,0.0,40.0,0.0,0.0,0.0,0.0,20.0,18.0,-2.3000000000000007,29.0,4.661,-0.03000000000000025,4.691
2017,9/8-9/18,N21,19,305,28.2,STR3,50.74,1,5.074,4.0,0.0,0.0,0.0,8.0,0.0,0.0,0.0,0.0,0.0,0.0,0.0,40.0,0.0,0.0,0.0,0.0,20.0,19.0,1.8999999999999986,27.7,4.0409999999999995,-0.6200000000000001,4.691
2017,9/21-10/9,N22,20,323,22.9,STR3,43.38,1,4.338,4.0,0.0,0.0,0.0,8.0,0.0,0.0,0.0,0.0,0.0,0.0,0.0,40.0,0.0,0.0,0.0,0.0,20.0,18.0,-5.300000000000001,25.8,5.074,1.0330000000000004,5.074
2017,10/13-10/25,N23,21,346,14.9,STR3,48.57,1,4.857,4.0,0.0,0.0,0.0,8.0,0.0,0.0,0.0,0.0,0.0,0.0,0.0,40.0,0.0,0.0,0.0,0.0,20.0,23.0,-7.999999999999998,22.0,4.338,-0.7359999999999998,5.074
2017,11/1-11/12,N24-25,22,352,11.1,STR3,53.1,1,5.3100000000000005,4.0,0.0,0.0,0.0,8.0,0.0,0.0,0.0,0.0,0.0,0.0,0.0,40.0,0.0,0.0,0.0,0.0,20.0,6.0,-3.8000000000000007,16.3,4.857,0.5190000000000001,5.074
2017,11/15-11/26,N26,23,371,3.8,STR3,54.88,1,5.488,4.0,0.0,0.0,0.0,8.0,0.0,0.0,0.0,0.0,0.0,0.0,0.0,40.0,0.0,0.0,0.0,0.0,20.0,19.0,-7.3,9.933333333333334,5.3100000000000005,0.4530000000000003,5.3100000000000005
2017,12/9-12/21,N27,24,391,0.0,STR3,52.18,1,5.218,4.0,0.0,0.0,0.0,8.0,0.0,0.0,0.0,0.0,0.0,0.0,0.0,40.0,0.0,0.0,0.0,0.0,20.0,20.0,-3.8,4.966666666666666,5.488,0.17799999999999994,5.488
2017,12/23-1/3,N28,25,410,0.2,STR3,46.85,1,4.6850000000000005,4.0,0.0,0.0,0.0,8.0,0.0,0.0,0.0,0.0,0.0,0.0,0.0,40.0,0.0,0.0,0.0,0.0,20.0,19.0,0.2,1.3333333333333333,5.218,-0.27000000000000046,5.488
2018,1/7-1/18,N29-30,26,415,-1.0,STR3,42.12,1,4.212,4.0,0.0,0.0,0.0,8.0,0.0,0.0,0.0,0.0,0.0,0.0,0.0,40.0,0.0,0.0,0.0,0.0,20.0,5.0,-1.2,-0.26666666666666666,4.6850000000000005,-0.5329999999999995,5.488
2018,1/20-1/30,N31,27,434,-2.2,STR3,51.47,1,5.147,4.0,0.0,0.0,0.0,8.0,0.0,0.0,0.0,0.0,0.0,0.0,0.0,40.0,0.0,0.0,0.0,0.0,20.0,19.0,-1.2000000000000002,-1.0,4.212,-0.47300000000000075,5.488
2018,3/9-3/21,N32,28,454,8.3,STR3,49.1,1,4.91,4.0,0.0,0.0,0.0,8.0,0.0,0.0,0.0,0.0,0.0,0.0,0.0,40.0,0.0,0.0,0.0,0.0,20.0,20.0,10.5,1.7000000000000002,5.147,0.9350000000000005,5.488
2018,3/25-4/7,N33,29,473,15.7,STR3,52.13,1,5.213,4.0,0.0,0.0,0.0,8.0,0.0,0.0,0.0,0.0,0.0,0.0,0.0,40.0,0.0,0.0,0.0,0.0,20.0,19.0,7.399999999999999,7.266666666666667,4.91,-0.2370000000000001,5.488
2018,4/10-4/21,N34,30,492,19.4,STR3,47.65,1,4.765,4.0,0.0,0.0,0.0,8.0,0.0,0.0,0.0,0.0,0.0,0.0,0.0,40.0,0.0,0.0,0.0,0.0,20.0,19.0,3.6999999999999993,14.466666666666667,5.213,0.30299999999999994,5.488
2018,4/26-5/7,N35-36,31,498,23.7,STR3,54.06,1,5.406000000000001,4.0,0.0,0.0,0.0,8.0,0.0,0.0,0.0,0.0,0.0,0.0,0.0,40.0,0.0,0.0,0.0,0.0,20.0,6.0,4.300000000000001,19.599999999999998,4.765,-0.4480000000000004,5.488
2018,5/10-5/21,N37,32,517,24.1,STR3,51.99,1,5.199,4.0,0.0,0.0,0.0,8.0,0.0,0.0,0.0,0.0,0.0,0.0,0.0,40.0,0.0,0.0,0.0,0.0,20.0,19.0,0.40000000000000213,22.400000000000002,5.406000000000001,0.6410000000000009,5.488
2018,5/24-6/4,N38,33,536,29.7,STR3,43.7,1,4.37,4.0,0.0,0.0,0.0,8.0,0.0,0.0,0.0,0.0,0.0,0.0,0.0,40.0,0.0,0.0,0.0,0.0,20.0,19.0,5.599999999999998,25.833333333333332,5.199,-0.20700000000000074,5.488
2018,6/7-6/19,N39,34,556,26.6,STR3,47.67,1,4.767,4.0,0.0,0.0,0.0,8.0,0.0,0.0,0.0,0.0,0.0,0.0,0.0,40.0,0.0,0.0,0.0,0.0,20.0,20.0,-3.099999999999998,26.8,4.37,-0.8289999999999997,5.488
2018,6/22-7/2,N40,35,574,32.8,STR3,33.98,1,3.3979999999999997,4.0,0.0,0.0,0.0,8.0,0.0,0.0,0.0,0.0,0.0,0.0,0.0,40.0,0.0,0.0,0.0,0.0,20.0,18.0,6.199999999999996,29.7,4.767,0.39700000000000024,5.488
2018,7/5-7/17,N41,36,593,28.3,STR3,44.53,1,4.453,4.0,0.0,0.0,0.0,8.0,0.0,0.0,0.0,0.0,0.0,0.0,0.0,40.0,0.0,0.0,0.0,0.0,20.0,19.0,-4.4999999999999964,29.233333333333334,3.3979999999999997,-1.3690000000000007,5.488
2018,7/22-7/31,N42,37,612,32.7,STR3,40.48,1,4.048,4.0,0.0,0.0,0.0,8.0,0.0,0.0,0.0,0.0,0.0,0.0,0.0,40.0,0.0,0.0,0.0,0.0,20.0,19.0,4.400000000000002,31.26666666666667,4.453,1.0550000000000006,5.488
2018,8/3-8/14,N43-44,38,618,30.5,STR3,47.72,1,4.772,4.0,0.0,0.0,0.0,8.0,0.0,0.0,0.0,0.0,0.0,0.0,0.0,40.0,0.0,0.0,0.0,0.0,20.0,6.0,-2.200000000000003,30.5,4.048,-0.40500000000000025,5.488
2018,8/17-8/30,N45,39,636,29.6,STR3,49.95,1,4.995,4.0,0.0,0.0,0.0,8.0,0.0,0.0,0.0,0.0,0.0,0.0,0.0,40.0,0.0,0.0,0.0,0.0,20.0,18.0,-0.8999999999999986,30.933333333333337,4.772,0.7240000000000002,5.488
2018,9/2-9/12,N46,40,655,26.9,STR3,47.39,1,4.739,4.0,0.0,0.0,0.0,8.0,0.0,0.0,0.0,0.0,0.0,0.0,0.0,40.0,0.0,0.0,0.0,0.0,20.0,19.0,-2.700000000000003,29.0,4.995,0.22299999999999986,5.488
2018,9/15-9/25,N47,41,675,22.8,STR3,47.62,1,4.762,4.0,0.0,0.0,0.0,8.0,0.0,0.0,0.0,0.0,0.0,0.0,0.0,40.0,0.0,0.0,0.0,0.0,20.0,20.0,-4.099999999999998,26.433333333333337,4.739,-0.2560000000000002,5.488
2018,10/4-10/15,N48,42,694,17.4,STR3,46.07,1,4.607,4.0,0.0,0.0,0.0,8.0,0.0,0.0,0.0,0.0,0.0,0.0,0.0,40.0,0.0,0.0,0.0,0.0,20.0,19.0,-5.400000000000002,22.36666666666667,4.762,0.022999999999999687,5.488
2018,10/17-10/28,N49,43,714,14.8,STR3,45.57,1,4.557,4.0,0.0,0.0,0.0,8.0,0.0,0.0,0.0,0.0,0.0,0.0,0.0,40.0,0.0,0.0,0.0,0.0,20.0,20.0,-2.599999999999998,18.333333333333336,4.607,-0.15499999999999936,5.488
2018,11/2-11/16,N50-51,44,719,9.8,STR3,46.58,1,4.6579999999999995,4.0,0.0,0.0,0.0,8.0,0.0,0.0,0.0,0.0,0.0,0.0,0.0,40.0,0.0,0.0,0.0,0.0,20.0,5.0,-5.0,14.0,4.557,-0.04999999999999982,5.488
2018,11/20-12/1,N52,45,738,6.5,STR3,37.61,1,3.761,4.0,0.0,0.0,0.0,8.0,0.0,0.0,0.0,0.0,0.0,0.0,0.0,40.0,0.0,0.0,0.0,0.0,20.0,19.0,-3.3000000000000007,10.366666666666669,4.6579999999999995,0.10099999999999909,5.488
2018,12/4-12/17,N53,46,757,-1.1,STR3,45.68,1,4.568,4.0,0.0,0.0,0.0,8.0,0.0,0.0,0.0,0.0,0.0,0.0,0.0,40.0,0.0,0.0,0.0,0.0,20.0,19.0,-7.6,5.066666666666669,3.761,-0.8969999999999994,5.488
2018,12/30-2019/1/14,N54,47,834,-0.2,STR3,45.7,1,4.57,4.0,0.0,0.0,0.0,8.0,0.0,0.0,0.0,0.0,0.0,0.0,0.0,40.0,0.0,0.0,0.0,0.0,20.0,77.0,0.9000000000000001,1.7333333333333358,4.568,0.8069999999999995,5.488
2019,1/18-1/28,N55,48,912,4.0,STR3,44.74,1,4.474,4.0,0.0,0.0,0.0,8.0,0.0,0.0,0.0,0.0,0.0,0.0,0.0,40.0,0.0,0.0,0.0,0.0,20.0,78.0,4.2,0.9000000000000022,4.57,0.002000000000000668,5.488
2019,3/1-3/20,N56,49,1013,14.2,STR3,42.81,1,4.281000000000001,4.0,0.0,0.0,0.0,8.0,0.0,0.0,0.0,0.0,0.0,0.0,0.0,40.0,0.0,0.0,0.0,0.0,20.0,101.0,10.2,6.000000000000003,4.474,-0.09600000000000009,5.488
2019,3/24-4/4,N57,50,1114,14.5,STR3,45.27,1,4.527,4.0,0.0,0.0,0.0,8.0,0.0,0.0,0.0,0.0,0.0,0.0,0.0,40.0,0.0,0.0,0.0,0.0,20.0,101.0,0.3000000000000007,10.9,4.281000000000001,-0.19299999999999962,5.488
2019,4/10-4/20,N58,51,1215,18.9,STR3,45.31,1,4.531000000000001,4.0,0.0,0.0,0.0,8.0,0.0,0.0,0.0,0.0,0.0,0.0,0.0,40.0,0.0,0.0,0.0,0.0,20.0,101.0,4.399999999999999,15.866666666666669,4.527,0.24599999999999955,5.488
2019,4/25-5/5,N59,52,1317,20.3,STR3,47.1,1,4.71,4.0,0.0,0.0,0.0,8.0,0.0,0.0,0.0,0.0,0.0,0.0,0.0,40.0,0.0,0.0,0.0,0.0,20.0,102.0,1.4000000000000021,17.900000000000002,4.531000000000001,0.004000000000000448,5.488
2019,5/9-5/21,N60,53,1376,25.0,STR3,47.88,1,4.788,4.0,0.0,0.0,0.0,8.0,0.0,0.0,0.0,0.0,0.0,0.0,0.0,40.0,0.0,0.0,0.0,0.0,20.0,59.0,4.699999999999999,21.400000000000002,4.71,0.17899999999999938,5.488
2019,5/27-6/5,N61,54,1441,27.8,STR3,45.96,1,4.596,4.0,0.0,0.0,0.0,8.0,0.0,0.0,0.0,0.0,0.0,0.0,0.0,40.0,0.0,0.0,0.0,0.0,20.0,65.0,2.8000000000000007,24.36666666666667,4.788,0.07800000000000029,5.488
2019,6/12-6/22,N62,55,1508,29.3,STR3,50.82,1,5.082,4.0,0.0,0.0,0.0,8.0,0.0,0.0,0.0,0.0,0.0,0.0,0.0,40.0,0.0,0.0,0.0,0.0,20.0,67.0,1.5,27.36666666666667,4.596,-0.19200000000000017,5.488
2019,6/27-7/7,N63,56,1566,29.8,STR3,52.68,1,5.268,4.0,0.0,0.0,0.0,8.0,0.0,0.0,0.0,0.0,0.0,0.0,0.0,40.0,0.0,0.0,0.0,0.0,20.0,58.0,0.5,28.96666666666667,5.082,0.48599999999999977,5.488
2019,7/11-7/21,N64,57,1637,30.7,STR3,57.67,1,5.767,4.0,0.0,0.0,0.0,8.0,0.0,0.0,0.0,0.0,0.0,0.0,0.0,40.0,0.0,0.0,0.0,0.0,20.0,71.0,0.8999999999999986,29.933333333333337,5.268,0.18599999999999994,5.488
2019,7/25-8/4,N65,58,1706,31.2,STR3,58.18,1,5.818,4.0,0.0,0.0,0.0,8.0,0.0,0.0,0.0,0.0,0.0,0.0,0.0,40.0,0.0,0.0,0.0,0.0,20.0,69.0,0.5,30.566666666666666,5.767,0.49900000000000055,5.767
2019,8/9-8/19,N66,59,1777,29.1,STR3,60.49,1,6.049,4.0,0.0,0.0,0.0,8.0,0.0,0.0,0.0,0.0,0.0,0.0,0.0,40.0,0.0,0.0,0.0,0.0,20.0,71.0,-2.099999999999998,30.33333333333334,5.818,0.05099999999999927,5.818
2019,8/24-9/5,N67,60,1847,29.4,STR3,59.96,1,5.996,4.0,0.0,0.0,0.0,8.0,0.0,0.0,0.0,0.0,0.0,0.0,0.0,40.0,0.0,0.0,0.0,0.0,20.0,70.0,0.29999999999999716,29.900000000000002,6.049,0.23100000000000076,6.049
2019,9/10-9/20,N68,61,1915,24.1,STR3,54.81,1,5.481,4.0,0.0,0.0,0.0,8.0,0.0,0.0,0.0,0.0,0.0,0.0,0.0,40.0,0.0,0.0,0.0,0.0,20.0,68.0,-5.299999999999997,27.533333333333335,5.996,-0.052999999999999936,6.049
2019,9/25-10/13,N69,62,1981,21.8,STR3,50.43,1,5.043,4.0,0.0,0.0,0.0,8.0,0.0,0.0,0.0,0.0,0.0,0.0,0.0,40.0,0.0,0.0,0.0,0.0,20.0,66.0,-2.3000000000000007,25.100000000000005,5.481,-0.5150000000000006,6.049
2019,10/18-10/28,N70,63,2048,15.4,STR3,55.03,1,5.503,4.0,0.0,0.0,0.0,8.0,0.0,0.0,0.0,0.0,0.0,0.0,0.0,40.0,0.0,0.0,0.0,0.0,20.0,67.0,-6.4,20.433333333333334,5.043,-0.4379999999999997,6.049
2019,11/3-11/14,N71,64,2116,12.1,STR3,52.36,1,5.236,4.0,0.0,0.0,0.0,8.0,0.0,0.0,0.0,0.0,0.0,0.0,0.0,40.0,0.0,0.0,0.0,0.0,20.0,68.0,-3.3000000000000007,16.433333333333334,5.503,0.45999999999999996,6.049
2019,11/20-12/1,N72,65,2184,3.8,STR3,54.87,1,5.487,4.0,0.0,0.0,0.0,8.0,0.0,0.0,0.0,0.0,0.0,0.0,0.0,40.0,0.0,0.0,0.0,0.0,20.0,68.0,-8.3,10.433333333333335,5.236,-0.26700000000000035,6.049
2019,12/5-12/21,N73,66,2290,0.8,STR3,53.94,1,5.394,4.0,0.0,0.0,0.0,8.0,0.0,0.0,0.0,0.0,0.0,0.0,0.0,40.0,0.0,0.0,0.0,0.0,20.0,106.0,-3.0,5.566666666666669,5.487,0.25100000000000033,6.049
2019,12/26-1/5,N74,67,2396,0.1,STR3,55.91,1,5.590999999999999,4.0,0.0,0.0,0.0,8.0,0.0,0.0,0.0,0.0,0.0,0.0,0.0,40.0,0.0,0.0,0.0,0.0,20.0,106.0,-0.7000000000000001,1.566666666666669,5.394,-0.09299999999999997,6.049
2020,3/19-3/31,N75,68,2501,14.9,STR3,58.23,1,5.8229999999999995,4.0,0.0,0.0,0.0,8.0,0.0,0.0,0.0,0.0,0.0,0.0,0.0,40.0,0.0,0.0,0.0,0.0,20.0,105.0,14.8,5.266666666666669,5.590999999999999,0.19699999999999918,6.049
2020,4/4-4/15,N76,69,2605,18.0,STR3,59.36,1,5.936,4.0,0.0,0.0,0.0,8.0,0.0,0.0,0.0,0.0,0.0,0.0,0.0,40.0,0.0,0.0,0.0,0.0,20.0,104.0,3.0999999999999996,11.000000000000002,5.8229999999999995,0.2320000000000002,6.049
2020,4/19-4/28,N77,70,2708,18.3,STR3,61.44,1,6.144,4.0,0.0,0.0,0.0,8.0,0.0,0.0,0.0,0.0,0.0,0.0,0.0,40.0,0.0,0.0,0.0,0.0,20.0,103.0,0.3000000000000007,17.066666666666666,5.936,0.11300000000000043,6.049
2020,5/7,N78-中,71,2757,23.2,STR3,58.48,1,5.848,4.0,0.0,0.0,0.0,8.0,0.0,0.0,0.0,0.0,0.0,0.0,0.0,40.0,0.0,0.0,0.0,0.0,20.0,49.0,4.899999999999999,19.833333333333336,6.144,0.20800000000000018,6.144
2020,5/1-5/10,N78,72,2783,18.6,STR3,60.71,1,6.071,4.0,0.0,0.0,0.0,8.0,0.0,0.0,0.0,0.0,0.0,0.0,0.0,40.0,0.0,0.0,0.0,0.0,20.0,26.0,-4.599999999999998,20.033333333333335,5.848,-0.29600000000000026,6.144
2020,5/19,N79-中,73,2824,22.1,STR3,62.34,1,6.234,4.0,0.0,0.0,0.0,8.0,0.0,0.0,0.0,0.0,0.0,0.0,0.0,40.0,0.0,0.0,0.0,0.0,20.0,41.0,3.5,21.300000000000004,6.071,0.22299999999999986,6.144
2020,5/14-5/23,N79,74,2857,24.5,STR3,60.13,1,6.013,4.0,0.0,0.0,0.0,8.0,0.0,0.0,0.0,0.0,0.0,0.0,0.0,40.0,0.0,0.0,0.0,0.0,20.0,33.0,2.3999999999999986,21.733333333333338,6.234,0.16300000000000026,6.234
2020,6/2,N80-中,75,2900,27.0,STR3,60.57,1,6.057,4.0,0.0,0.0,0.0,8.0,0.0,0.0,0.0,0.0,0.0,0.0,0.0,40.0,0.0,0.0,0.0,0.0,20.0,43.0,2.5,24.533333333333335,6.013,-0.22100000000000009,6.234
2020,5/27-6/6,N80,76,2931,29.7,STR3,61.64,1,6.164,4.0,0.0,0.0,0.0,8.0,0.0,0.0,0.0,0.0,0.0,0.0,0.0,40.0,0.0,0.0,0.0,0.0,20.0,31.0,2.6999999999999993,27.066666666666666,6.057,0.04400000000000048,6.234
2020,6/17,N81-中,77,2987,31.7,STR3,61.18,1,6.118,4.0,0.0,0.0,0.0,8.0,0.0,0.0,0.0,0.0,0.0,0.0,0.0,40.0,0.0,0.0,0.0,0.0,20.0,56.0,2.0,29.46666666666667,6.164,0.10699999999999932,6.234
2020,6/10-6/19,N81,78,3006,29.0,STR3,61.2,1,6.12,4.0,0.0,0.0,0.0,8.0,0.0,0.0,0.0,0.0,0.0,0.0,0.0,40.0,0.0,0.0,0.0,0.0,20.0,19.0,-2.6999999999999993,30.133333333333336,6.118,-0.045999999999999375,6.234
2020,6/29,N82-中,79,3040,28.5,STR3,59.71,1,5.971,4.0,0.0,0.0,0.0,8.0,0.0,0.0,0.0,0.0,0.0,0.0,0.0,40.0,0.0,0.0,0.0,0.0,20.0,34.0,-0.5,29.733333333333334,6.12,0.0019999999999997797,6.234
2020,6/25-7/5,N82,80,3081,28.9,STR3,61.39,1,6.139,4.0,0.0,0.0,0.0,8.0,0.0,0.0,0.0,0.0,0.0,0.0,0.0,40.0,0.0,0.0,0.0,0.0,20.0,41.0,0.3999999999999986,28.8,5.971,-0.14900000000000002,6.234
2020,7/15,N83-中,81,3128,26.7,STR3,63.14,1,6.314,4.0,0.0,0.0,0.0,8.0,0.0,0.0,0.0,0.0,0.0,0.0,0.0,40.0,0.0,0.0,0.0,0.0,20.0,47.0,-2.1999999999999993,28.033333333333335,6.139,0.16800000000000015,6.234
2020,7/9-7/19,N83,82,3157,30.0,STR3,61.01,1,6.101,4.0,0.0,0.0,0.0,8.0,0.0,0.0,0.0,0.0,0.0,0.0,0.0,40.0,0.0,0.0,0.0,0.0,20.0,29.0,3.3000000000000007,28.533333333333335,6.314,0.17499999999999982,6.314
2020,8/8,N84-中,83,3212,30.6,STR3,67.98,1,6.798,4.0,0.0,0.0,0.0,8.0,0.0,0.0,0.0,0.0,0.0,0.0,0.0,40.0,0.0,0.0,0.0,0.0,20.0,55.0,0.6000000000000014,29.100000000000005,6.101,-0.21300000000000008,6.314
2020,7/24-8/11,N84,84,3233,30.8,STR3,65.44,1,6.544,4.0,0.0,0.0,0.0,8.0,0.0,0.0,0.0,0.0,0.0,0.0,0.0,40.0,0.0,0.0,0.0,0.0,20.0,21.0,0.1999999999999993,30.46666666666667,6.798,0.6970000000000001,6.798
2020,8/21,N85-中,85,3275,25.8,STR3,68.0,1,6.8,4.0,0.0,0.0,0.0,8.0,0.0,0.0,0.0,0.0,0.0,0.0,0.0,40.0,0.0,0.0,0.0,0.0,20.0,42.0,-5.0,29.066666666666666,6.544,-0.25400000000000045,6.798
2020,8/15-8/25,N85,86,3308,26.9,STR3,66.49,1,6.648999999999999,4.0,0.0,0.0,0.0,8.0,0.0,0.0,0.0,0.0,0.0,0.0,0.0,40.0,0.0,0.0,0.0,0.0,20.0,33.0,1.0999999999999979,27.83333333333334,6.8,0.2560000000000002,6.8
2020,9/2,N86-中,87,3344,27.3,STR3,67.03,1,6.703,4.0,0.0,0.0,0.0,8.0,0.0,0.0,0.0,0.0,0.0,0.0,0.0,40.0,0.0,0.0,0.0,0.0,20.0,36.0,0.40000000000000213,26.666666666666668,6.648999999999999,-0.1510000000000007,6.8
2020,8/29-9/7,N86,88,3383,27.5,STR3,67.76,1,6.776000000000001,4.0,0.0,0.0,0.0,8.0,0.0,0.0,0.0,0.0,0.0,0.0,0.0,40.0,0.0,0.0,0.0,0.0,20.0,39.0,0.1999999999999993,27.233333333333338,6.703,0.05400000000000116,6.8
2020,9/20,N87-中,89,3432,23.8,STR3,65.08,1,6.508,4.0,0.0,0.0,0.0,8.0,0.0,0.0,0.0,0.0,0.0,0.0,0.0,40.0,0.0,0.0,0.0,0.0,20.0,49.0,-3.6999999999999993,26.200000000000003,6.776000000000001,0.0730000000000004,6.8
2020,9/14-9/23,N87,90,3458,23.7,STR3,67.09,1,6.7090000000000005,4.0,0.0,0.0,0.0,8.0,0.0,0.0,0.0,0.0,0.0,0.0,0.0,40.0,0.0,0.0,0.0,0.0,20.0,26.0,-0.10000000000000142,25.0,6.508,-0.2680000000000007,6.8
2020,10/12,N88-中,91,3495,18.4,STR3,66.53,1,6.6530000000000005,4.0,0.0,0.0,0.0,8.0,0.0,0.0,0.0,0.0,0.0,0.0,0.0,40.0,0.0,0.0,0.0,0.0,20.0,37.0,-5.300000000000001,21.96666666666667,6.7090000000000005,0.2010000000000005,6.8
2020,9/28-10/17,N88,92,3533,17.7,STR3,66.39,1,6.639,4.0,0.0,0.0,0.0,8.0,0.0,0.0,0.0,0.0,0.0,0.0,0.0,40.0,0.0,0.0,0.0,0.0,20.0,38.0,-0.6999999999999993,19.933333333333337,6.6530000000000005,-0.05600000000000005,6.8
2020,10/26,N89-中,93,3577,15.1,STR3,62.44,1,6.244,4.0,0.0,0.0,0.0,8.0,0.0,0.0,0.0,0.0,0.0,0.0,0.0,40.0,0.0,0.0,0.0,0.0,20.0,44.0,-2.5999999999999996,17.066666666666666,6.639,-0.014000000000000234,6.8
2020,10/21-10/30,N89,94,3607,15.3,STR3,61.93,1,6.193,4.0,0.0,0.0,0.0,8.0,0.0,0.0,0.0,0.0,0.0,0.0,0.0,40.0,0.0,0.0,0.0,0.0,20.0,30.0,0.20000000000000107,16.033333333333335,6.244,-0.39500000000000046,6.8
2020,11/13,N90-中,95,3658,13.4,STR3,63.76,1,6.3759999999999994,4.0,0.0,0.0,0.0,8.0,0.0,0.0,0.0,0.0,0.0,0.0,0.0,40.0,0.0,0.0,0.0,0.0,20.0,51.0,-1.9000000000000004,14.600000000000003,6.193,-0.051000000000000156,6.8
2020,11/8-11/19,N90,96,3714,12.2,STR3,63.15,1,6.3149999999999995,4.0,0.0,0.0,0.0,8.0,0.0,0.0,0.0,0.0,0.0,0.0,0.0,40.0,0.0,0.0,0.0,0.0,20.0,56.0,-1.200000000000001,13.633333333333335,6.3759999999999994,0.18299999999999983,6.8
2020,11/29,N91-中,97,3768,3.5,STR3,63.75,1,6.375,4.0,0.0,0.0,0.0,8.0,0.0,0.0,0.0,0.0,0.0,0.0,0.0,40.0,0.0,0.0,0.0,0.0,20.0,54.0,-8.7,9.700000000000003,6.3149999999999995,-0.06099999999999994,6.8
2020,11/24-12/5,N91,98,3822,2.3,STR3,62.47,1,6.247,4.0,0.0,0.0,0.0,8.0,0.0,0.0,0.0,0.0,0.0,0.0,0.0,40.0,0.0,0.0,0.0,0.0,20.0,54.0,-1.2000000000000002,6.000000000000003,6.375,0.0600000000000005,6.8
2020,12/25,N92-中,99,3875,-0.4,STR3,60.86,1,6.086,4.0,0.0,0.0,0.0,8.0,0.0,0.0,0.0,0.0,0.0,0.0,0.0,40.0,0.0,0.0,0.0,0.0,20.0,53.0,-2.6999999999999997,1.8000000000000023,6.247,-0.1280000000000001,6.8
2020,12/10-12/22,N92,100,3929,-0.2,STR3,62.47,1,6.247,4.0,0.0,0.0,0.0,8.0,0.0,0.0,0.0,0.0,0.0,0.0,0.0,40.0,0.0,0.0,0.0,0.0,20.0,54.0,0.2,0.566666666666669,6.086,-0.1609999999999996,6.8
2020,12/31,N93-中,101,3980,-3.0,STR3,60.67,1,6.067,4.0,0.0,0.0,0.0,8.0,0.0,0.0,0.0,0.0,0.0,0.0,0.0,40.0,0.0,0.0,0.0,0.0,20.0,51.0,-2.8,-1.1999999999999977,6.247,0.1609999999999996,6.8
2020,12/26-1/6,N93,102,4037,-3.8,STR3,63.11,1,6.311,4.0,0.0,0.0,0.0,8.0,0.0,0.0,0.0,0.0,0.0,0.0,0.0,40.0,0.0,0.0,0.0,0.0,20.0,57.0,-0.7999999999999998,-2.333333333333331,6.067,-0.17999999999999972,6.8
2021,1/15,N94-中,103,4090,1.4,STR3,65.42,1,6.542,4.0,0.0,0.0,0.0,8.0,0.0,0.0,0.0,0.0,0.0,0.0,0.0,40.0,0.0,0.0,0.0,0.0,20.0,53.0,5.199999999999999,-1.7999999999999978,6.311,0.24399999999999977,6.8
2021,1/10-1/21,N94,104,4144,0.2,STR3,,0,,4.0,0.0,0.0,0.0,8.0,0.0,0.0,0.0,0.0,0.0,0.0,0.0,40.0,0.0,0.0,0.0,0.0,20.0,54.0,-1.2,-0.7333333333333308,6.542,0.23099999999999987,6.8
2021,3/24,N95-中,105,4204,11.9,STR3,66.08,1,6.608,4.0,0.0,0.0,0.0,8.0,0.0,0.0,0.0,0.0,0.0,0.0,0.0,40.0,0.0,0.0,0.0,0.0,20.0,60.0,11.700000000000001,4.500000000000003,6.542,0.23099999999999987,6.8
2021,3/18-3/29,N95,106,4252,14.2,STR3,62.53,1,6.253,4.0,0.0,0.0,0.0,8.0,0.0,0.0,0.0,0.0,0.0,0.0,0.0,40.0,0.0,0.0,0.0,0.0,20.0,48.0,2.299999999999999,8.766666666666667,6.608,0.06599999999999984,6.8
2021,4/7,N96-中,107,4307,16.9,STR3,65.0,1,6.5,4.0,0.0,0.0,0.0,8.0,0.0,0.0,0.0,0.0,0.0,0.0,0.0,40.0,0.0,0.0,0.0,0.0,20.0,55.0,2.6999999999999993,14.333333333333334,6.253,-0.35499999999999954,6.8
2021,4/2-4/12,N96,108,4358,16.8,STR3,65.85,1,6.584999999999999,4.0,0.0,0.0,0.0,8.0,0.0,0.0,0.0,0.0,0.0,0.0,0.0,40.0,0.0,0.0,0.0,0.0,20.0,51.0,-0.09999999999999787,15.966666666666669,6.5,0.2469999999999999,6.8
2021,4/21,N97-中,109,4415,20.2,STR3,64.03,1,6.4030000000000005,4.0,0.0,0.0,0.0,8.0,0.0,0.0,0.0,0.0,0.0,0.0,0.0,40.0,0.0,0.0,0.0,0.0,20.0,57.0,3.3999999999999986,17.96666666666667,6.584999999999999,0.08499999999999908,6.8
2021,4/16-4/26,N97,110,4466,19.2,STR3,63.93,1,6.393,4.0,0.0,0.0,0.0,8.0,0.0,0.0,0.0,0.0,0.0,0.0,0.0,40.0,0.0,0.0,0.0,0.0,20.0,51.0,-1.0,18.733333333333334,6.4030000000000005,-0.1819999999999986,6.8
2021,5/4,N98-中,111,4524,17.7,STR3,64.08,1,6.4079999999999995,4.0,0.0,0.0,0.0,8.0,0.0,0.0,0.0,0.0,0.0,0.0,0.0,40.0,0.0,0.0,0.0,0.0,20.0,58.0,-1.5,19.033333333333335,6.393,-0.010000000000000675,6.8
2021,4/29-5/9,N98,112,4573,20.8,STR3,67.89,1,6.789,4.0,0.0,0.0,0.0,8.0,0.0,0.0,0.0,0.0,0.0,0.0,0.0,40.0,0.0,0.0,0.0,0.0,20.0,49.0,3.1000000000000014,19.233333333333334,6.4079999999999995,0.01499999999999968,6.8
2021,5/19,N99-中,113,4612,23.8,STR3,63.52,1,6.352,4.0,0.0,0.0,0.0,8.0,0.0,0.0,0.0,0.0,0.0,0.0,0.0,40.0,0.0,0.0,0.0,0.0,20.0,39.0,3.0,20.766666666666666,6.789,0.3810000000000002,6.8
2021,5/14-5/24,N99,114,4650,25.1,STR3,65.77,1,6.577,4.0,0.0,0.0,0.0,8.0,0.0,0.0,0.0,0.0,0.0,0.0,0.0,40.0,0.0,0.0,0.0,0.0,20.0,38.0,1.3000000000000007,23.233333333333334,6.352,-0.4369999999999994,6.8
2021,6/2,N100-中,115,4692,23.6,STR3,67.14,1,6.714,4.0,0.0,0.0,0.0,8.0,0.0,0.0,0.0,0.0,0.0,0.0,0.0,40.0,0.0,0.0,0.0,0.0,20.0,42.0,-1.5,24.16666666666667,6.577,0.22499999999999964,6.8
2021,5/28-6/7,N100,116,4727,25.8,STR3,65.82,1,6.581999999999999,4.0,0.0,0.0,0.0,8.0,0.0,0.0,0.0,0.0,0.0,0.0,0.0,40.0,0.0,0.0,0.0,0.0,20.0,35.0,2.1999999999999993,24.833333333333332,6.714,0.13700000000000045,6.8
2021,6/16,N101-中,117,4768,30.1,STR3,65.67,1,6.567,4.0,0.0,0.0,0.0,8.0,0.0,0.0,0.0,0.0,0.0,0.0,0.0,40.0,0.0,0.0,0.0,0.0,20.0,41.0,4.300000000000001,26.5,6.581999999999999,-0.13200000000000145,6.8
2021,6/11-6/20,N101,118,4805,30.2,STR3,70.06,1,7.006,4.0,0.0,0.0,0.0,8.0,0.0,0.0,0.0,0.0,0.0,0.0,0.0,40.0,0.0,0.0,0.0,0.0,20.0,37.0,0.09999999999999787,28.700000000000003,6.567,-0.014999999999998792,6.8
2021,6/30,N102-中,119,4843,27.2,STR3,67.21,1,6.720999999999999,4.0,0.0,0.0,0.0,8.0,0.0,0.0,0.0,0.0,0.0,0.0,0.0,40.0,0.0,0.0,0.0,0.0,20.0,38.0,-3.0,29.166666666666668,7.006,0.43900000000000006,7.006
2021,6/25-7/6,N102,120,4882,27.5,STR3,68.49,1,6.848999999999999,4.0,0.0,0.0,0.0,8.0,0.0,0.0,0.0,0.0,0.0,0.0,0.0,40.0,0.0,0.0,0.0,0.0,20.0,39.0,0.3000000000000007,28.3,6.720999999999999,-0.28500000000000103,7.006
2021,7/14,N103-中,121,4922,29.1,STR3,69.35,1,6.935,4.0,0.0,0.0,0.0,8.0,0.0,0.0,0.0,0.0,0.0,0.0,0.0,40.0,0.0,0.0,0.0,0.0,20.0,40.0,1.6000000000000014,27.933333333333337,6.848999999999999,0.1280000000000001,7.006
2021,7/9-7/19,N103,122,4960,29.0,STR3,68.54,1,6.854000000000001,4.0,0.0,0.0,0.0,8.0,0.0,0.0,0.0,0.0,0.0,0.0,0.0,40.0,0.0,0.0,0.0,0.0,20.0,38.0,-0.10000000000000142,28.53333333333333,6.935,0.0860000000000003,7.006
2021,7/28,N104-中,123,4999,31.2,STR3,67.65,1,6.765000000000001,4.0,0.0,0.0,0.0,8.0,0.0,0.0,0.0,0.0,0.0,0.0,0.0,40.0,0.0,0.0,0.0,0.0,20.0,39.0,2.1999999999999993,29.766666666666666,6.854000000000001,-0.08099999999999863,7.006
2021,7/23-8/1,N104,124,5037,29.9,STR3,71.17,1,7.117,4.0,0.0,0.0,0.0,8.0,0.0,0.0,0.0,0.0,0.0,0.0,0.0,40.0,0.0,0.0,0.0,0.0,20.0,38.0,-1.3000000000000007,30.033333333333335,6.765000000000001,-0.08900000000000041,7.006
2021,8/10,N105-中,125,5077,30.5,STR3,69.81,1,6.981,4.0,0.0,0.0,0.0,8.0,0.0,0.0,0.0,0.0,0.0,0.0,0.0,40.0,0.0,0.0,0.0,0.0,20.0,40.0,0.6000000000000014,30.533333333333335,7.117,0.3519999999999994,7.117
2021,8/6-8/15,N105,126,5115,29.2,STR3,72.4,1,7.24,4.0,0.0,0.0,0.0,8.0,0.0,0.0,0.0,0.0,0.0,0.0,0.0,40.0,0.0,0.0,0.0,0.0,20.0,38.0,-1.3000000000000007,29.866666666666664,6.981,-0.13600000000000012,7.117
2021,8/25,N106-中,127,5151,28.1,STR3,71.42,1,7.142,4.0,0.0,0.0,0.0,8.0,0.0,0.0,0.0,0.0,0.0,0.0,0.0,40.0,0.0,0.0,0.0,0.0,20.0,36.0,-1.0999999999999979,29.26666666666667,7.24,0.25900000000000034,7.24
2021,8/20-8/29,N106,128,5193,27.5,STR3,74.0,1,7.4,4.0,0.0,0.0,0.0,8.0,0.0,0.0,0.0,0.0,0.0,0.0,0.0,40.0,0.0,0.0,0.0,0.0,20.0,42.0,-0.6000000000000014,28.26666666666667,7.142,-0.09799999999999986,7.24
2021,9/8,N107-中,129,5237,24.1,STR3,70.35,1,7.034999999999999,4.0,0.0,0.0,0.0,8.0,0.0,0.0,0.0,0.0,0.0,0.0,0.0,40.0,0.0,0.0,0.0,0.0,20.0,44.0,-3.3999999999999986,26.566666666666666,7.4,0.258,7.4
2021,9/03-9/13,N107,130,5271,25.2,STR3,69.24,1,6.9239999999999995,4.0,0.0,0.0,0.0,8.0,0.0,0.0,0.0,0.0,0.0,0.0,0.0,40.0,0.0,0.0,0.0,0.0,20.0,34.0,1.0999999999999979,25.600000000000005,7.034999999999999,-0.3650000000000011,7.4
2021,9/22,N108-中,131,5314,22.2,STR3,71.24,1,7.124,4.0,0.0,0.0,0.0,8.0,0.0,0.0,0.0,0.0,0.0,0.0,0.0,40.0,0.0,0.0,0.0,0.0,20.0,43.0,-3.0,23.833333333333332,6.9239999999999995,-0.11099999999999977,7.4
2021,9/17-9/26,N108,132,5349,22.5,STR3,71.22,1,7.122,4.0,0.0,0.0,0.0,8.0,0.0,0.0,0.0,0.0,0.0,0.0,0.0,40.0,0.0,0.0,0.0,0.0,20.0,35.0,0.3000000000000007,23.3,7.124,0.20000000000000018,7.4
2021,10/13,N109-中,133,5387,16.3,STR3,68.26,1,6.8260000000000005,4.0,0.0,0.0,0.0,8.0,0.0,0.0,0.0,0.0,0.0,0.0,0.0,40.0,0.0,0.0,0.0,0.0,20.0,38.0,-6.199999999999999,20.333333333333332,7.122,-0.0019999999999997797,7.4
2021,10/8-10/18,N109,134,5427,15.6,STR3,68.22,1,6.822,4.0,0.0,0.0,0.0,8.0,0.0,0.0,0.0,0.0,0.0,0.0,0.0,40.0,0.0,0.0,0.0,0.0,20.0,40.0,-0.7000000000000011,18.133333333333333,6.8260000000000005,-0.2959999999999994,7.4
2021,10/27,N110-中,135,5469,15.5,STR3,67.25,1,6.725,4.0,0.0,0.0,0.0,8.0,0.0,0.0,0.0,0.0,0.0,0.0,0.0,40.0,0.0,0.0,0.0,0.0,20.0,42.0,-0.09999999999999964,15.800000000000002,6.822,-0.004000000000000448,7.4
2021,10/22-11/1,N110,136,5504,15.5,STR3,69.43,1,6.9430000000000005,4.0,0.0,0.0,0.0,8.0,0.0,0.0,0.0,0.0,0.0,0.0,0.0,40.0,0.0,0.0,0.0,0.0,20.0,35.0,0.0,15.533333333333333,6.725,-0.09700000000000042,7.4
2021,11/11,N111-中,137,5556,7.7,STR3,68.0,1,6.8,4.0,0.0,0.0,0.0,8.0,0.0,0.0,0.0,0.0,0.0,0.0,0.0,40.0,0.0,0.0,0.0,0.0,20.0,52.0,-7.8,12.9,6.9430000000000005,0.21800000000000086,7.4
2021,11/05-11/17,N111,138,5612,9.3,STR3,69.85,1,6.984999999999999,4.0,0.0,0.0,0.0,8.0,0.0,0.0,0.0,0.0,0.0,0.0,0.0,40.0,0.0,0.0,0.0,0.0,20.0,56.0,1.6000000000000005,10.833333333333334,6.8,-0.14300000000000068,7.4
2021,11/25,N112-中,139,5669,5.5,STR3,67.29,1,6.729000000000001,4.0,0.0,0.0,0.0,8.0,0.0,0.0,0.0,0.0,0.0,0.0,0.0,40.0,0.0,0.0,0.0,0.0,20.0,57.0,-3.8000000000000007,7.500000000000001,6.984999999999999,0.1849999999999996,7.4
2021,11/20-11/30,N112,140,5720,6.4,STR3,67.44,1,6.744,4.0,0.0,0.0,0.0,8.0,0.0,0.0,0.0,0.0,0.0,0.0,0.0,40.0,0.0,0.0,0.0,0.0,20.0,51.0,0.9000000000000004,7.066666666666667,6.729000000000001,-0.25599999999999845,7.4
2021,12/9,N113-中,141,5778,7.2,STR3,69.89,1,6.989,4.0,0.0,0.0,0.0,8.0,0.0,0.0,0.0,0.0,0.0,0.0,0.0,40.0,0.0,0.0,0.0,0.0,20.0,58.0,0.7999999999999998,6.366666666666668,6.744,0.014999999999998792,7.4
2021,12/4-12/14,N113,142,5828,5.4,STR3,70.69,1,7.069,4.0,0.0,0.0,0.0,8.0,0.0,0.0,0.0,0.0,0.0,0.0,0.0,40.0,0.0,0.0,0.0,0.0,20.0,50.0,-1.7999999999999998,6.333333333333335,6.989,0.2450000000000001,7.4
2021,12/23,N114-中,143,5889,3.1,STR3,66.56,1,6.656000000000001,4.0,0.0,0.0,0.0,8.0,0.0,0.0,0.0,0.0,0.0,0.0,0.0,40.0,0.0,0.0,0.0,0.0,20.0,61.0,-2.3000000000000003,5.233333333333335,7.069,0.08000000000000007,7.4
2021,12/17-12/28,N114,144,5936,0.2,STR3,65.82,1,6.581999999999999,4.0,0.0,0.0,0.0,8.0,0.0,0.0,0.0,0.0,0.0,0.0,0.0,40.0,0.0,0.0,0.0,0.0,20.0,47.0,-2.9,2.900000000000001,6.656000000000001,-0.41299999999999937,7.4
2021,1/8,N115-中,145,5992,1.1,STR3,66.75,1,6.675,4.0,0.0,0.0,0.0,8.0,0.0,0.0,0.0,0.0,0.0,0.0,0.0,40.0,0.0,0.0,0.0,0.0,20.0,56.0,0.9000000000000001,1.466666666666668,6.581999999999999,-0.07400000000000162,7.4
2021,1/3-1/13,N115,146,6044,0.8,STR3,71.76,1,7.176,4.0,0.0,0.0,0.0,8.0,0.0,0.0,0.0,0.0,0.0,0.0,0.0,40.0,0.0,0.0,0.0,0.0,20.0,52.0,-0.30000000000000004,0.7000000000000012,6.675,0.09300000000000086,7.4
2016,11/30-12/10,N1,0,3,3.8,STR4,18.93,1,1.893,0.0,4.0,0.0,0.0,6.0,0.0,0.0,0.0,0.0,0.0,0.0,2.0,20.0,0.0,20.0,0.0,24.0,0.0,0.0,0.0,3.8,,,
2016,12/13-12/24,N2,1,10,1.2,STR4,16.32,1,1.6320000000000001,0.0,4.0,0.0,0.0,6.0,0.0,0.0,0.0,0.0,0.0,0.0,2.0,20.0,0.0,20.0,0.0,24.0,0.0,7.0,-2.5999999999999996,2.5,1.893,,1.893
2016,12/27-1/9,N3,2,30,0.9,STR4,18.18,1,1.818,0.0,4.0,0.0,0.0,6.0,0.0,0.0,0.0,0.0,0.0,0.0,2.0,20.0,0.0,20.0,0.0,24.0,0.0,20.0,-0.29999999999999993,1.9666666666666666,1.6320000000000001,-0.2609999999999999,1.893
2017,1/12-2/23,N4,3,48,3.6,STR4,18.2,1,1.8199999999999998,0.0,4.0,0.0,0.0,6.0,0.0,0.0,0.0,0.0,0.0,0.0,2.0,20.0,0.0,20.0,0.0,24.0,0.0,18.0,2.7,1.9000000000000001,1.818,0.18599999999999994,1.893
2017,2/26-3/10,N5,4,67,11.4,STR4,,0,,0.0,4.0,0.0,0.0,6.0,0.0,0.0,0.0,0.0,0.0,0.0,2.0,20.0,0.0,20.0,0.0,24.0,0.0,19.0,7.800000000000001,5.3,1.8199999999999998,0.0019999999999997797,1.893
2017,3/13-3/23,N6,5,85,13.9,STR4,15.27,1,1.527,0.0,4.0,0.0,0.0,6.0,0.0,0.0,0.0,0.0,0.0,0.0,2.0,20.0,0.0,20.0,0.0,24.0,0.0,18.0,2.5,9.633333333333333,1.8199999999999998,0.0019999999999997797,1.893
2017,3/26-4/6,N7,6,104,19.1,STR4,16.94,1,1.6940000000000002,0.0,4.0,0.0,0.0,6.0,0.0,0.0,0.0,0.0,0.0,0.0,2.0,20.0,0.0,20.0,0.0,24.0,0.0,19.0,5.200000000000001,14.799999999999999,1.527,-0.2929999999999999,1.893
2017,4/9-4/13,N8,7,108,21.1,STR4,18.03,1,1.8030000000000002,0.0,4.0,0.0,0.0,6.0,0.0,0.0,0.0,0.0,0.0,0.0,2.0,20.0,0.0,20.0,0.0,24.0,0.0,4.0,2.0,18.033333333333335,1.6940000000000002,0.16700000000000026,1.893
2017,4/17-4-21,N9,8,109,21.7,STR4,20.75,1,2.075,0.0,4.0,0.0,0.0,6.0,0.0,0.0,0.0,0.0,0.0,0.0,2.0,20.0,0.0,20.0,0.0,24.0,0.0,1.0,0.5999999999999979,20.633333333333336,1.8030000000000002,0.10899999999999999,1.893
2017,4/24-5/4,N10,9,129,27.0,STR4,20.5,1,2.05,0.0,4.0,0.0,0.0,6.0,0.0,0.0,0.0,0.0,0.0,0.0,2.0,20.0,0.0,20.0,0.0,24.0,0.0,20.0,5.300000000000001,23.266666666666666,2.075,0.272,2.075
2017,5/7-5-17,N11,10,149,30.1,STR4,22.59,1,2.259,0.0,4.0,0.0,0.0,6.0,0.0,0.0,0.0,0.0,0.0,0.0,2.0,20.0,0.0,20.0,0.0,24.0,0.0,20.0,3.1000000000000014,26.266666666666666,2.05,-0.025000000000000355,2.075
2017,5/20-5/30,N12,11,168,30.2,STR4,25.47,1,2.5469999999999997,0.0,4.0,0.0,0.0,6.0,0.0,0.0,0.0,0.0,0.0,0.0,2.0,20.0,0.0,20.0,0.0,24.0,0.0,19.0,0.09999999999999787,29.099999999999998,2.259,0.20900000000000007,2.259
2017,6/2-6/12,N13,12,188,29.6,STR4,27.36,1,2.7359999999999998,0.0,4.0,0.0,0.0,6.0,0.0,0.0,0.0,0.0,0.0,0.0,2.0,20.0,0.0,20.0,0.0,24.0,0.0,20.0,-0.5999999999999979,29.96666666666667,2.5469999999999997,0.2879999999999998,2.5469999999999997
2017,6/16-6/26,N14,13,206,30.1,STR4,28.81,1,2.881,0.0,4.0,0.0,0.0,6.0,0.0,0.0,0.0,0.0,0.0,0.0,2.0,20.0,0.0,20.0,0.0,24.0,0.0,18.0,0.5,29.96666666666667,2.7359999999999998,0.18900000000000006,2.7359999999999998
2017,6/29-7/10,N15,14,224,28.6,STR4,28.12,1,2.8120000000000003,0.0,4.0,0.0,0.0,6.0,0.0,0.0,0.0,0.0,0.0,0.0,2.0,20.0,0.0,20.0,0.0,24.0,0.0,18.0,-1.5,29.433333333333337,2.881,0.14500000000000002,2.881
2017,7/13-7/23,N16-17,15,230,31.4,STR4,29.54,1,2.9539999999999997,0.0,4.0,0.0,0.0,6.0,0.0,0.0,0.0,0.0,0.0,0.0,2.0,20.0,0.0,20.0,0.0,24.0,0.0,6.0,2.799999999999997,30.03333333333333,2.8120000000000003,-0.0689999999999995,2.881
2017,7/27-8/7,N18,16,250,32.1,STR4,31.46,1,3.146,0.0,4.0,0.0,0.0,6.0,0.0,0.0,0.0,0.0,0.0,0.0,2.0,20.0,0.0,20.0,0.0,24.0,0.0,20.0,0.7000000000000028,30.7,2.9539999999999997,0.14199999999999946,2.9539999999999997
2017,8/10-8/21,N19,17,268,28.6,STR4,30.72,1,3.072,0.0,4.0,0.0,0.0,6.0,0.0,0.0,0.0,0.0,0.0,0.0,2.0,20.0,0.0,20.0,0.0,24.0,0.0,18.0,-3.5,30.7,3.146,0.19200000000000017,3.146
2017,8/25-9/4,N20,18,286,26.3,STR4,37.3,1,3.7299999999999995,0.0,4.0,0.0,0.0,6.0,0.0,0.0,0.0,0.0,0.0,0.0,2.0,20.0,0.0,20.0,0.0,24.0,0.0,18.0,-2.3000000000000007,29.0,3.072,-0.07399999999999984,3.146
2017,9/8-9/18,N21,19,305,28.2,STR4,38.3,1,3.8299999999999996,0.0,4.0,0.0,0.0,6.0,0.0,0.0,0.0,0.0,0.0,0.0,2.0,20.0,0.0,20.0,0.0,24.0,0.0,19.0,1.8999999999999986,27.7,3.7299999999999995,0.6579999999999995,3.7299999999999995
2017,9/21-10/9,N22,20,323,22.9,STR4,33.57,1,3.357,0.0,4.0,0.0,0.0,6.0,0.0,0.0,0.0,0.0,0.0,0.0,2.0,20.0,0.0,20.0,0.0,24.0,0.0,18.0,-5.300000000000001,25.8,3.8299999999999996,0.10000000000000009,3.8299999999999996
2017,10/13-10/25,N23,21,346,14.9,STR4,34.07,1,3.407,0.0,4.0,0.0,0.0,6.0,0.0,0.0,0.0,0.0,0.0,0.0,2.0,20.0,0.0,20.0,0.0,24.0,0.0,23.0,-7.999999999999998,22.0,3.357,-0.4729999999999994,3.8299999999999996
2017,11/1-11/12,N24-25,22,352,11.1,STR4,43.77,1,4.377000000000001,0.0,4.0,0.0,0.0,6.0,0.0,0.0,0.0,0.0,0.0,0.0,2.0,20.0,0.0,20.0,0.0,24.0,0.0,6.0,-3.8000000000000007,16.3,3.407,0.04999999999999982,3.8299999999999996
2017,11/15-11/26,N26,23,371,3.8,STR4,38.77,1,3.8770000000000002,0.0,4.0,0.0,0.0,6.0,0.0,0.0,0.0,0.0,0.0,0.0,2.0,20.0,0.0,20.0,0.0,24.0,0.0,19.0,-7.3,9.933333333333334,4.377000000000001,0.9700000000000006,4.377000000000001
2017,12/9-12/21,N27,24,391,0.0,STR4,42.63,1,4.263,0.0,4.0,0.0,0.0,6.0,0.0,0.0,0.0,0.0,0.0,0.0,2.0,20.0,0.0,20.0,0.0,24.0,0.0,20.0,-3.8,4.966666666666666,3.8770000000000002,-0.5000000000000004,4.377000000000001
2017,12/23-1/3,N28,25,410,0.2,STR4,44.7,1,4.470000000000001,0.0,4.0,0.0,0.0,6.0,0.0,0.0,0.0,0.0,0.0,0.0,2.0,20.0,0.0,20.0,0.0,24.0,0.0,19.0,0.2,1.3333333333333333,4.263,0.3859999999999997,4.377000000000001
2018,1/7-1/18,N29-30,26,415,-1.0,STR4,45.57,1,4.557,0.0,4.0,0.0,0.0,6.0,0.0,0.0,0.0,0.0,0.0,0.0,2.0,20.0,0.0,20.0,0.0,24.0,0.0,5.0,-1.2,-0.26666666666666666,4.470000000000001,0.20700000000000074,4.470000000000001
2018,1/20-1/30,N31,27,434,-2.2,STR4,42.73,1,4.273,0.0,4.0,0.0,0.0,6.0,0.0,0.0,0.0,0.0,0.0,0.0,2.0,20.0,0.0,20.0,0.0,24.0,0.0,19.0,-1.2000000000000002,-1.0,4.557,0.08699999999999974,4.557
2018,3/9-3/21,N32,28,454,8.3,STR4,37.03,1,3.7030000000000003,0.0,4.0,0.0,0.0,6.0,0.0,0.0,0.0,0.0,0.0,0.0,2.0,20.0,0.0,20.0,0.0,24.0,0.0,20.0,10.5,1.7000000000000002,4.273,-0.2840000000000007,4.557
2018,3/25-4/7,N33,29,473,15.7,STR4,30.43,1,3.043,0.0,4.0,0.0,0.0,6.0,0.0,0.0,0.0,0.0,0.0,0.0,2.0,20.0,0.0,20.0,0.0,24.0,0.0,19.0,7.399999999999999,7.266666666666667,3.7030000000000003,-0.5699999999999994,4.557
2018,4/10-4/21,N34,30,492,19.4,STR4,,0,,0.0,4.0,0.0,0.0,6.0,0.0,0.0,0.0,0.0,0.0,0.0,2.0,20.0,0.0,20.0,0.0,24.0,0.0,19.0,3.6999999999999993,14.466666666666667,3.043,-0.6600000000000001,4.557
2018,4/26-5/7,N35-36,31,498,23.7,STR4,,0,,0.0,4.0,0.0,0.0,6.0,0.0,0.0,0.0,0.0,0.0,0.0,2.0,20.0,0.0,20.0,0.0,24.0,0.0,6.0,4.300000000000001,19.599999999999998,3.043,-0.6600000000000001,4.557
2018,5/10-5/21,N37,32,517,24.1,STR4,,0,,0.0,4.0,0.0,0.0,6.0,0.0,0.0,0.0,0.0,0.0,0.0,2.0,20.0,0.0,20.0,0.0,24.0,0.0,19.0,0.40000000000000213,22.400000000000002,3.043,-0.6600000000000001,4.557
2018,5/24-6/4,N38,33,536,29.7,STR4,,0,,0.0,4.0,0.0,0.0,6.0,0.0,0.0,0.0,0.0,0.0,0.0,2.0,20.0,0.0,20.0,0.0,24.0,0.0,19.0,5.599999999999998,25.833333333333332,3.043,-0.6600000000000001,4.557
2018,6/7-6/19,N39,34,556,26.6,STR4,37.75,1,3.775,0.0,4.0,0.0,0.0,6.0,0.0,0.0,0.0,0.0,0.0,0.0,2.0,20.0,0.0,20.0,0.0,24.0,0.0,20.0,-3.099999999999998,26.8,3.043,-0.6600000000000001,4.557
2018,6/22-7/2,N40,35,574,32.8,STR4,32.52,1,3.2520000000000002,0.0,4.0,0.0,0.0,6.0,0.0,0.0,0.0,0.0,0.0,0.0,2.0,20.0,0.0,20.0,0.0,24.0,0.0,18.0,6.199999999999996,29.7,3.775,0.7319999999999998,4.557
2018,7/5-7/17,N41,36,593,28.3,STR4,32.82,1,3.282,0.0,4.0,0.0,0.0,6.0,0.0,0.0,0.0,0.0,0.0,0.0,2.0,20.0,0.0,20.0,0.0,24.0,0.0,19.0,-4.4999999999999964,29.233333333333334,3.2520000000000002,-0.5229999999999997,4.557
2018,7/22-7/31,N42,37,612,32.7,STR4,36.43,1,3.643,0.0,4.0,0.0,0.0,6.0,0.0,0.0,0.0,0.0,0.0,0.0,2.0,20.0,0.0,20.0,0.0,24.0,0.0,19.0,4.400000000000002,31.26666666666667,3.282,0.029999999999999805,4.557
2018,8/3-8/14,N43-44,38,618,30.5,STR4,33.2,1,3.3200000000000003,0.0,4.0,0.0,0.0,6.0,0.0,0.0,0.0,0.0,0.0,0.0,2.0,20.0,0.0,20.0,0.0,24.0,0.0,6.0,-2.200000000000003,30.5,3.643,0.36099999999999977,4.557
2018,8/17-8/30,N45,39,636,29.6,STR4,35.37,1,3.537,0.0,4.0,0.0,0.0,6.0,0.0,0.0,0.0,0.0,0.0,0.0,2.0,20.0,0.0,20.0,0.0,24.0,0.0,18.0,-0.8999999999999986,30.933333333333337,3.3200000000000003,-0.3229999999999995,4.557
2018,9/2-9/12,N46,40,655,26.9,STR4,35.58,1,3.558,0.0,4.0,0.0,0.0,6.0,0.0,0.0,0.0,0.0,0.0,0.0,2.0,20.0,0.0,20.0,0.0,24.0,0.0,19.0,-2.700000000000003,29.0,3.537,0.21699999999999964,4.557
2018,9/15-9/25,N47,41,675,22.8,STR4,33.32,1,3.332,0.0,4.0,0.0,0.0,6.0,0.0,0.0,0.0,0.0,0.0,0.0,2.0,20.0,0.0,20.0,0.0,24.0,0.0,20.0,-4.099999999999998,26.433333333333337,3.558,0.020999999999999908,4.557
2018,10/4-10/15,N48,42,694,17.4,STR4,34.5,1,3.45,0.0,4.0,0.0,0.0,6.0,0.0,0.0,0.0,0.0,0.0,0.0,2.0,20.0,0.0,20.0,0.0,24.0,0.0,19.0,-5.400000000000002,22.36666666666667,3.332,-0.22599999999999998,4.557
2018,10/17-10/28,N49,43,714,14.8,STR4,34.05,1,3.405,0.0,4.0,0.0,0.0,6.0,0.0,0.0,0.0,0.0,0.0,0.0,2.0,20.0,0.0,20.0,0.0,24.0,0.0,20.0,-2.599999999999998,18.333333333333336,3.45,0.11800000000000033,4.557
2018,11/2-11/16,N50-51,44,719,9.8,STR4,32.23,1,3.223,0.0,4.0,0.0,0.0,6.0,0.0,0.0,0.0,0.0,0.0,0.0,2.0,20.0,0.0,20.0,0.0,24.0,0.0,5.0,-5.0,14.0,3.405,-0.04500000000000037,4.557
2018,11/20-12/1,N52,45,738,6.5,STR4,,0,,0.0,4.0,0.0,0.0,6.0,0.0,0.0,0.0,0.0,0.0,0.0,2.0,20.0,0.0,20.0,0.0,24.0,0.0,19.0,-3.3000000000000007,10.366666666666669,3.223,-0.18199999999999994,4.557
2018,12/4-12/17,N53,46,757,-1.1,STR4,32.77,1,3.277,0.0,4.0,0.0,0.0,6.0,0.0,0.0,0.0,0.0,0.0,0.0,2.0,20.0,0.0,20.0,0.0,24.0,0.0,19.0,-7.6,5.066666666666669,3.223,-0.18199999999999994,4.557
2018,12/30-2019/1/14,N54,47,834,-0.2,STR4,33.28,1,3.3280000000000003,0.0,4.0,0.0,0.0,6.0,0.0,0.0,0.0,0.0,0.0,0.0,2.0,20.0,0.0,20.0,0.0,24.0,0.0,77.0,0.9000000000000001,1.7333333333333358,3.277,0.05400000000000027,4.557
2019,1/18-1/28,N55,48,912,4.0,STR4,38.83,1,3.883,0.0,4.0,0.0,0.0,6.0,0.0,0.0,0.0,0.0,0.0,0.0,2.0,20.0,0.0,20.0,0.0,24.0,0.0,78.0,4.2,0.9000000000000022,3.3280000000000003,0.051000000000000156,4.557
2019,3/1-3/20,N56,49,1013,14.2,STR4,34.08,1,3.408,0.0,4.0,0.0,0.0,6.0,0.0,0.0,0.0,0.0,0.0,0.0,2.0,20.0,0.0,20.0,0.0,24.0,0.0,101.0,10.2,6.000000000000003,3.883,0.5549999999999997,4.557
2019,3/24-4/4,N57,50,1114,14.5,STR4,35.94,1,3.594,0.0,4.0,0.0,0.0,6.0,0.0,0.0,0.0,0.0,0.0,0.0,2.0,20.0,0.0,20.0,0.0,24.0,0.0,101.0,0.3000000000000007,10.9,3.408,-0.4750000000000001,4.557
2019,4/10-4/20,N58,51,1215,18.9,STR4,35.07,1,3.507,0.0,4.0,0.0,0.0,6.0,0.0,0.0,0.0,0.0,0.0,0.0,2.0,20.0,0.0,20.0,0.0,24.0,0.0,101.0,4.399999999999999,15.866666666666669,3.594,0.18599999999999994,4.557
2019,4/25-5/5,N59,52,1317,20.3,STR4,35.89,1,3.589,0.0,4.0,0.0,0.0,6.0,0.0,0.0,0.0,0.0,0.0,0.0,2.0,20.0,0.0,20.0,0.0,24.0,0.0,102.0,1.4000000000000021,17.900000000000002,3.507,-0.08699999999999974,4.557
2019,5/9-5/21,N60,53,1376,25.0,STR4,36.81,1,3.681,0.0,4.0,0.0,0.0,6.0,0.0,0.0,0.0,0.0,0.0,0.0,2.0,20.0,0.0,20.0,0.0,24.0,0.0,59.0,4.699999999999999,21.400000000000002,3.589,0.08199999999999985,4.557
2019,5/27-6/5,N61,54,1441,27.8,STR4,36.11,1,3.6109999999999998,0.0,4.0,0.0,0.0,6.0,0.0,0.0,0.0,0.0,0.0,0.0,2.0,20.0,0.0,20.0,0.0,24.0,0.0,65.0,2.8000000000000007,24.36666666666667,3.681,0.09200000000000008,4.557
2019,6/12-6/22,N62,55,1508,29.3,STR4,38.89,1,3.8890000000000002,0.0,4.0,0.0,0.0,6.0,0.0,0.0,0.0,0.0,0.0,0.0,2.0,20.0,0.0,20.0,0.0,24.0,0.0,67.0,1.5,27.36666666666667,3.6109999999999998,-0.07000000000000028,4.557
2019,6/27-7/7,N63,56,1566,29.8,STR4,40.11,1,4.011,0.0,4.0,0.0,0.0,6.0,0.0,0.0,0.0,0.0,0.0,0.0,2.0,20.0,0.0,20.0,0.0,24.0,0.0,58.0,0.5,28.96666666666667,3.8890000000000002,0.27800000000000047,4.557
2019,7/11-7/21,N64,57,1637,30.7,STR4,41.51,1,4.151,0.0,4.0,0.0,0.0,6.0,0.0,0.0,0.0,0.0,0.0,0.0,2.0,20.0,0.0,20.0,0.0,24.0,0.0,71.0,0.8999999999999986,29.933333333333337,4.011,0.12199999999999989,4.557
2019,7/25-8/4,N65,58,1706,31.2,STR4,44.62,1,4.462,0.0,4.0,0.0,0.0,6.0,0.0,0.0,0.0,0.0,0.0,0.0,2.0,20.0,0.0,20.0,0.0,24.0,0.0,69.0,0.5,30.566666666666666,4.151,0.13999999999999968,4.557
2019,8/9-8/19,N66,59,1777,29.1,STR4,45.54,1,4.554,0.0,4.0,0.0,0.0,6.0,0.0,0.0,0.0,0.0,0.0,0.0,2.0,20.0,0.0,20.0,0.0,24.0,0.0,71.0,-2.099999999999998,30.33333333333334,4.462,0.31099999999999994,4.557
2019,8/24-9/5,N67,60,1847,29.4,STR4,43.06,1,4.306,0.0,4.0,0.0,0.0,6.0,0.0,0.0,0.0,0.0,0.0,0.0,2.0,20.0,0.0,20.0,0.0,24.0,0.0,70.0,0.29999999999999716,29.900000000000002,4.554,0.09200000000000053,4.557
2019,9/10-9/20,N68,61,1915,24.1,STR4,42.68,1,4.268,0.0,4.0,0.0,0.0,6.0,0.0,0.0,0.0,0.0,0.0,0.0,2.0,20.0,0.0,20.0,0.0,24.0,0.0,68.0,-5.299999999999997,27.533333333333335,4.306,-0.24800000000000022,4.557
2019,9/25-10/13,N69,62,1981,21.8,STR4,40.79,1,4.079,0.0,4.0,0.0,0.0,6.0,0.0,0.0,0.0,0.0,0.0,0.0,2.0,20.0,0.0,20.0,0.0,24.0,0.0,66.0,-2.3000000000000007,25.100000000000005,4.268,-0.038000000000000256,4.557
2019,10/18-10/28,N70,63,2048,15.4,STR4,41.22,1,4.122,0.0,4.0,0.0,0.0,6.0,0.0,0.0,0.0,0.0,0.0,0.0,2.0,20.0,0.0,20.0,0.0,24.0,0.0,67.0,-6.4,20.433333333333334,4.079,-0.18900000000000006,4.557
2019,11/3-11/14,N71,64,2116,12.1,STR4,,0,,0.0,4.0,0.0,0.0,6.0,0.0,0.0,0.0,0.0,0.0,0.0,2.0,20.0,0.0,20.0,0.0,24.0,0.0,68.0,-3.3000000000000007,16.433333333333334,4.122,0.04300000000000015,4.557
2019,11/20-12/1,N72,65,2184,3.8,STR4,34.33,1,3.433,0.0,4.0,0.0,0.0,6.0,0.0,0.0,0.0,0.0,0.0,0.0,2.0,20.0,0.0,20.0,0.0,24.0,0.0,68.0,-8.3,10.433333333333335,4.122,0.04300000000000015,4.557
2019,12/5-12/21,N73,66,2290,0.8,STR4,35.1,1,3.5100000000000002,0.0,4.0,0.0,0.0,6.0,0.0,0.0,0.0,0.0,0.0,0.0,2.0,20.0,0.0,20.0,0.0,24.0,0.0,106.0,-3.0,5.566666666666669,3.433,-0.6890000000000001,4.557
2019,12/26-1/5,N74,67,2396,0.1,STR4,35.58,1,3.558,0.0,4.0,0.0,0.0,6.0,0.0,0.0,0.0,0.0,0.0,0.0,2.0,20.0,0.0,20.0,0.0,24.0,0.0,106.0,-0.7000000000000001,1.566666666666669,3.5100000000000002,0.0770000000000004,4.557
2020,3/19-3/31,N75,68,2501,14.9,STR4,36.47,1,3.647,0.0,4.0,0.0,0.0,6.0,0.0,0.0,0.0,0.0,0.0,0.0,2.0,20.0,0.0,20.0,0.0,24.0,0.0,105.0,14.8,5.266666666666669,3.558,0.0479999999999996,4.557
2020,4/4-4/15,N76,69,2605,18.0,STR4,37.18,1,3.718,0.0,4.0,0.0,0.0,6.0,0.0,0.0,0.0,0.0,0.0,0.0,2.0,20.0,0.0,20.0,0.0,24.0,0.0,104.0,3.0999999999999996,11.000000000000002,3.647,0.08899999999999997,4.557
2020,4/19-4/28,N77,70,2708,18.3,STR4,38.74,1,3.874,0.0,4.0,0.0,0.0,6.0,0.0,0.0,0.0,0.0,0.0,0.0,2.0,20.0,0.0,20.0,0.0,24.0,0.0,103.0,0.3000000000000007,17.066666666666666,3.718,0.07100000000000017,4.557
2020,5/7,N78-中,71,2757,23.2,STR4,37.3,1,3.7299999999999995,0.0,4.0,0.0,0.0,6.0,0.0,0.0,0.0,0.0,0.0,0.0,2.0,20.0,0.0,20.0,0.0,24.0,0.0,49.0,4.899999999999999,19.833333333333336,3.874,0.15600000000000014,4.557
2020,5/1-5/10,N78,72,2783,18.6,STR4,38.08,1,3.808,0.0,4.0,0.0,0.0,6.0,0.0,0.0,0.0,0.0,0.0,0.0,2.0,20.0,0.0,20.0,0.0,24.0,0.0,26.0,-4.599999999999998,20.033333333333335,3.7299999999999995,-0.14400000000000057,4.557
2020,5/19,N79-中,73,2824,22.1,STR4,39.81,1,3.9810000000000003,0.0,4.0,0.0,0.0,6.0,0.0,0.0,0.0,0.0,0.0,0.0,2.0,20.0,0.0,20.0,0.0,24.0,0.0,41.0,3.5,21.300000000000004,3.808,0.07800000000000029,4.557
2020,5/14-5/23,N79,74,2857,24.5,STR4,38.34,1,3.8340000000000005,0.0,4.0,0.0,0.0,6.0,0.0,0.0,0.0,0.0,0.0,0.0,2.0,20.0,0.0,20.0,0.0,24.0,0.0,33.0,2.3999999999999986,21.733333333333338,3.9810000000000003,0.1730000000000005,4.557
2020,6/2,N80-中,75,2900,27.0,STR4,41.24,1,4.1240000000000006,0.0,4.0,0.0,0.0,6.0,0.0,0.0,0.0,0.0,0.0,0.0,2.0,20.0,0.0,20.0,0.0,24.0,0.0,43.0,2.5,24.533333333333335,3.8340000000000005,-0.1469999999999998,4.557
2020,5/27-6/6,N80,76,2931,29.7,STR4,39.37,1,3.937,0.0,4.0,0.0,0.0,6.0,0.0,0.0,0.0,0.0,0.0,0.0,2.0,20.0,0.0,20.0,0.0,24.0,0.0,31.0,2.6999999999999993,27.066666666666666,4.1240000000000006,0.29000000000000004,4.557
2020,6/17,N81-中,77,2987,31.7,STR4,39.02,1,3.902,0.0,4.0,0.0,0.0,6.0,0.0,0.0,0.0,0.0,0.0,0.0,2.0,20.0,0.0,20.0,0.0,24.0,0.0,56.0,2.0,29.46666666666667,3.937,-0.18700000000000072,4.557
2020,6/10-6/19,N81,78,3006,29.0,STR4,40.68,1,4.068,0.0,4.0,0.0,0.0,6.0,0.0,0.0,0.0,0.0,0.0,0.0,2.0,20.0,0.0,20.0,0.0,24.0,0.0,19.0,-2.6999999999999993,30.133333333333336,3.902,-0.0349999999999997,4.557
2020,6/29,N82-中,79,3040,28.5,STR4,39.46,1,3.946,0.0,4.0,0.0,0.0,6.0,0.0,0.0,0.0,0.0,0.0,0.0,2.0,20.0,0.0,20.0,0.0,24.0,0.0,34.0,-0.5,29.733333333333334,4.068,0.16599999999999948,4.557
2020,6/25-7/5,N82,80,3081,28.9,STR4,39.28,1,3.928,0.0,4.0,0.0,0.0,6.0,0.0,0.0,0.0,0.0,0.0,0.0,2.0,20.0,0.0,20.0,0.0,24.0,0.0,41.0,0.3999999999999986,28.8,3.946,-0.12199999999999944,4.557
2020,7/15,N83-中,81,3128,26.7,STR4,41.18,1,4.118,0.0,4.0,0.0,0.0,6.0,0.0,0.0,0.0,0.0,0.0,0.0,2.0,20.0,0.0,20.0,0.0,24.0,0.0,47.0,-2.1999999999999993,28.033333333333335,3.928,-0.018000000000000238,4.557
2020,7/9-7/19,N83,82,3157,30.0,STR4,41.05,1,4.1049999999999995,0.0,4.0,0.0,0.0,6.0,0.0,0.0,0.0,0.0,0.0,0.0,2.0,20.0,0.0,20.0,0.0,24.0,0.0,29.0,3.3000000000000007,28.533333333333335,4.118,0.1900000000000004,4.557
2020,8/8,N84-中,83,3212,30.6,STR4,41.35,1,4.135,0.0,4.0,0.0,0.0,6.0,0.0,0.0,0.0,0.0,0.0,0.0,2.0,20.0,0.0,20.0,0.0,24.0,0.0,55.0,0.6000000000000014,29.100000000000005,4.1049999999999995,-0.013000000000000789,4.557
2020,7/24-8/11,N84,84,3233,30.8,STR4,41.05,1,4.1049999999999995,0.0,4.0,0.0,0.0,6.0,0.0,0.0,0.0,0.0,0.0,0.0,2.0,20.0,0.0,20.0,0.0,24.0,0.0,21.0,0.1999999999999993,30.46666666666667,4.135,0.03000000000000025,4.557
2020,8/21,N85-中,85,3275,25.8,STR4,41.39,1,4.139,0.0,4.0,0.0,0.0,6.0,0.0,0.0,0.0,0.0,0.0,0.0,2.0,20.0,0.0,20.0,0.0,24.0,0.0,42.0,-5.0,29.066666666666666,4.1049999999999995,-0.03000000000000025,4.557
2020,8/15-8/25,N85,86,3308,26.9,STR4,39.14,1,3.914,0.0,4.0,0.0,0.0,6.0,0.0,0.0,0.0,0.0,0.0,0.0,2.0,20.0,0.0,20.0,0.0,24.0,0.0,33.0,1.0999999999999979,27.83333333333334,4.139,0.034000000000000696,4.557
2020,9/2,N86-中,87,3344,27.3,STR4,40.97,1,4.0969999999999995,0.0,4.0,0.0,0.0,6.0,0.0,0.0,0.0,0.0,0.0,0.0,2.0,20.0,0.0,20.0,0.0,24.0,0.0,36.0,0.40000000000000213,26.666666666666668,3.914,-0.2250000000000001,4.557
2020,8/29-9/7,N86,88,3383,27.5,STR4,41.38,1,4.138,0.0,4.0,0.0,0.0,6.0,0.0,0.0,0.0,0.0,0.0,0.0,2.0,20.0,0.0,20.0,0.0,24.0,0.0,39.0,0.1999999999999993,27.233333333333338,4.0969999999999995,0.18299999999999939,4.557
2020,9/20,N87-中,89,3432,23.8,STR4,40.31,1,4.031000000000001,0.0,4.0,0.0,0.0,6.0,0.0,0.0,0.0,0.0,0.0,0.0,2.0,20.0,0.0,20.0,0.0,24.0,0.0,49.0,-3.6999999999999993,26.200000000000003,4.138,0.04100000000000037,4.557
2020,9/14-9/23,N87,90,3458,23.7,STR4,39.67,1,3.967,0.0,4.0,0.0,0.0,6.0,0.0,0.0,0.0,0.0,0.0,0.0,2.0,20.0,0.0,20.0,0.0,24.0,0.0,26.0,-0.10000000000000142,25.0,4.031000000000001,-0.10699999999999932,4.557
2020,10/12,N88-中,91,3495,18.4,STR4,39.63,1,3.963,0.0,4.0,0.0,0.0,6.0,0.0,0.0,0.0,0.0,0.0,0.0,2.0,20.0,0.0,20.0,0.0,24.0,0.0,37.0,-5.300000000000001,21.96666666666667,3.967,-0.0640000000000005,4.557
2020,9/28-10/17,N88,92,3533,17.7,STR4,39.6,1,3.96,0.0,4.0,0.0,0.0,6.0,0.0,0.0,0.0,0.0,0.0,0.0,2.0,20.0,0.0,20.0,0.0,24.0,0.0,38.0,-0.6999999999999993,19.933333333333337,3.963,-0.0040000000000000036,4.557
2020,10/26,N89-中,93,3577,15.1,STR4,39.73,1,3.973,0.0,4.0,0.0,0.0,6.0,0.0,0.0,0.0,0.0,0.0,0.0,2.0,20.0,0.0,20.0,0.0,24.0,0.0,44.0,-2.5999999999999996,17.066666666666666,3.96,-0.0030000000000001137,4.557
2020,10/21-10/30,N89,94,3607,15.3,STR4,46.19,1,4.619,0.0,4.0,0.0,0.0,6.0,0.0,0.0,0.0,0.0,0.0,0.0,2.0,20.0,0.0,20.0,0.0,24.0,0.0,30.0,0.20000000000000107,16.033333333333335,3.973,0.0129999999999999,4.557
2020,11/13,N90-中,95,3658,13.4,STR4,44.76,1,4.476,0.0,4.0,0.0,0.0,6.0,0.0,0.0,0.0,0.0,0.0,0.0,2.0,20.0,0.0,20.0,0.0,24.0,0.0,51.0,-1.9000000000000004,14.600000000000003,4.619,0.6459999999999999,4.619
2020,11/8-11/19,N90,96,3714,12.2,STR4,44.01,1,4.401,0.0,4.0,0.0,0.0,6.0,0.0,0.0,0.0,0.0,0.0,0.0,2.0,20.0,0.0,20.0,0.0,24.0,0.0,56.0,-1.200000000000001,13.633333333333335,4.476,-0.1429999999999998,4.619
2020,11/29,N91-中,97,3768,3.5,STR4,44.21,1,4.421,0.0,4.0,0.0,0.0,6.0,0.0,0.0,0.0,0.0,0.0,0.0,2.0,20.0,0.0,20.0,0.0,24.0,0.0,54.0,-8.7,9.700000000000003,4.401,-0.07500000000000018,4.619
2020,11/24-12/5,N91,98,3822,2.3,STR4,44.9,1,4.49,0.0,4.0,0.0,0.0,6.0,0.0,0.0,0.0,0.0,0.0,0.0,2.0,20.0,0.0,20.0,0.0,24.0,0.0,54.0,-1.2000000000000002,6.000000000000003,4.421,0.020000000000000462,4.619
2020,12/25,N92-中,99,3875,-0.4,STR4,44.44,1,4.444,0.0,4.0,0.0,0.0,6.0,0.0,0.0,0.0,0.0,0.0,0.0,2.0,20.0,0.0,20.0,0.0,24.0,0.0,53.0,-2.6999999999999997,1.8000000000000023,4.49,0.06899999999999995,4.619
2020,12/10-12/22,N92,100,3929,-0.2,STR4,42.6,1,4.26,0.0,4.0,0.0,0.0,6.0,0.0,0.0,0.0,0.0,0.0,0.0,2.0,20.0,0.0,20.0,0.0,24.0,0.0,54.0,0.2,0.566666666666669,4.444,-0.04600000000000026,4.619
2020,12/31,N93-中,101,3980,-3.0,STR4,43.1,1,4.3100000000000005,0.0,4.0,0.0,0.0,6.0,0.0,0.0,0.0,0.0,0.0,0.0,2.0,20.0,0.0,20.0,0.0,24.0,0.0,51.0,-2.8,-1.1999999999999977,4.26,-0.18400000000000016,4.619
2020,12/26-1/6,N93,102,4037,-3.8,STR4,43.54,1,4.354,0.0,4.0,0.0,0.0,6.0,0.0,0.0,0.0,0.0,0.0,0.0,2.0,20.0,0.0,20.0,0.0,24.0,0.0,57.0,-0.7999999999999998,-2.333333333333331,4.3100000000000005,0.05000000000000071,4.619
2021,1/15,N94-中,103,4090,1.4,STR4,43.1,1,4.3100000000000005,0.0,4.0,0.0,0.0,6.0,0.0,0.0,0.0,0.0,0.0,0.0,2.0,20.0,0.0,20.0,0.0,24.0,0.0,53.0,5.199999999999999,-1.7999999999999978,4.354,0.043999999999999595,4.619
2021,1/10-1/21,N94,104,4144,0.2,STR4,44.78,1,4.478,0.0,4.0,0.0,0.0,6.0,0.0,0.0,0.0,0.0,0.0,0.0,2.0,20.0,0.0,20.0,0.0,24.0,0.0,54.0,-1.2,-0.7333333333333308,4.3100000000000005,-0.043999999999999595,4.619
2021,3/24,N95-中,105,4204,11.9,STR4,46.26,1,4.6259999999999994,0.0,4.0,0.0,0.0,6.0,0.0,0.0,0.0,0.0,0.0,0.0,2.0,20.0,0.0,20.0,0.0,24.0,0.0,60.0,11.700000000000001,4.500000000000003,4.478,0.16799999999999926,4.619
2021,3/18-3/29,N95,106,4252,14.2,STR4,45.32,1,4.532,0.0,4.0,0.0,0.0,6.0,0.0,0.0,0.0,0.0,0.0,0.0,2.0,20.0,0.0,20.0,0.0,24.0,0.0,48.0,2.299999999999999,8.766666666666667,4.6259999999999994,0.1479999999999997,4.6259999999999994
2021,4/7,N96-中,107,4307,16.9,STR4,46.29,1,4.629,0.0,4.0,0.0,0.0,6.0,0.0,0.0,0.0,0.0,0.0,0.0,2.0,20.0,0.0,20.0,0.0,24.0,0.0,55.0,2.6999999999999993,14.333333333333334,4.532,-0.09399999999999942,4.6259999999999994
2021,4/2-4/12,N96,108,4358,16.8,STR4,46.22,1,4.622,0.0,4.0,0.0,0.0,6.0,0.0,0.0,0.0,0.0,0.0,0.0,2.0,20.0,0.0,20.0,0.0,24.0,0.0,51.0,-0.09999999999999787,15.966666666666669,4.629,0.09699999999999953,4.629
2021,4/21,N97-中,109,4415,20.2,STR4,46.35,1,4.635,0.0,4.0,0.0,0.0,6.0,0.0,0.0,0.0,0.0,0.0,0.0,2.0,20.0,0.0,20.0,0.0,24.0,0.0,57.0,3.3999999999999986,17.96666666666667,4.622,-0.006999999999999673,4.629
2021,4/16-4/26,N97,110,4466,19.2,STR4,46.99,1,4.699,0.0,4.0,0.0,0.0,6.0,0.0,0.0,0.0,0.0,0.0,0.0,2.0,20.0,0.0,20.0,0.0,24.0,0.0,51.0,-1.0,18.733333333333334,4.635,0.0129999999999999,4.635
2021,5/4,N98-中,111,4524,17.7,STR4,47.72,1,4.772,0.0,4.0,0.0,0.0,6.0,0.0,0.0,0.0,0.0,0.0,0.0,2.0,20.0,0.0,20.0,0.0,24.0,0.0,58.0,-1.5,19.033333333333335,4.699,0.06400000000000006,4.699
2021,4/29-5/9,N98,112,4573,20.8,STR4,47.63,1,4.763,0.0,4.0,0.0,0.0,6.0,0.0,0.0,0.0,0.0,0.0,0.0,2.0,20.0,0.0,20.0,0.0,24.0,0.0,49.0,3.1000000000000014,19.233333333333334,4.772,0.0730000000000004,4.772
2021,5/19,N99-中,113,4612,23.8,STR4,47.6,1,4.76,0.0,4.0,0.0,0.0,6.0,0.0,0.0,0.0,0.0,0.0,0.0,2.0,20.0,0.0,20.0,0.0,24.0,0.0,39.0,3.0,20.766666666666666,4.763,-0.009000000000000341,4.772
2021,5/14-5/24,N99,114,4650,25.1,STR4,46.78,1,4.678,0.0,4.0,0.0,0.0,6.0,0.0,0.0,0.0,0.0,0.0,0.0,2.0,20.0,0.0,20.0,0.0,24.0,0.0,38.0,1.3000000000000007,23.233333333333334,4.76,-0.0030000000000001137,4.772
2021,6/2,N100-中,115,4692,23.6,STR4,49.19,1,4.919,0.0,4.0,0.0,0.0,6.0,0.0,0.0,0.0,0.0,0.0,0.0,2.0,20.0,0.0,20.0,0.0,24.0,0.0,42.0,-1.5,24.16666666666667,4.678,-0.08199999999999985,4.772
2021,5/28-6/7,N100,116,4727,25.8,STR4,50.17,1,5.017,0.0,4.0,0.0,0.0,6.0,0.0,0.0,0.0,0.0,0.0,0.0,2.0,20.0,0.0,20.0,0.0,24.0,0.0,35.0,2.1999999999999993,24.833333333333332,4.919,0.24099999999999966,4.919
2021,6/16,N101-中,117,4768,30.1,STR4,49.21,1,4.921,0.0,4.0,0.0,0.0,6.0,0.0,0.0,0.0,0.0,0.0,0.0,2.0,20.0,0.0,20.0,0.0,24.0,0.0,41.0,4.300000000000001,26.5,5.017,0.09800000000000075,5.017
2021,6/11-6/20,N101,118,4805,30.2,STR4,52.07,1,5.207,0.0,4.0,0.0,0.0,6.0,0.0,0.0,0.0,0.0,0.0,0.0,2.0,20.0,0.0,20.0,0.0,24.0,0.0,37.0,0.09999999999999787,28.700000000000003,4.921,-0.09600000000000009,5.017
2021,6/30,N102-中,119,4843,27.2,STR4,52.39,1,5.239,0.0,4.0,0.0,0.0,6.0,0.0,0.0,0.0,0.0,0.0,0.0,2.0,20.0,0.0,20.0,0.0,24.0,0.0,38.0,-3.0,29.166666666666668,5.207,0.2859999999999996,5.207
2021,6/25-7/6,N102,120,4882,27.5,STR4,52.49,1,5.2490000000000006,0.0,4.0,0.0,0.0,6.0,0.0,0.0,0.0,0.0,0.0,0.0,2.0,20.0,0.0,20.0,0.0,24.0,0.0,39.0,0.3000000000000007,28.3,5.239,0.03200000000000003,5.239
2021,7/14,N103-中,121,4922,29.1,STR4,52.36,1,5.236,0.0,4.0,0.0,0.0,6.0,0.0,0.0,0.0,0.0,0.0,0.0,2.0,20.0,0.0,20.0,0.0,24.0,0.0,40.0,1.6000000000000014,27.933333333333337,5.2490000000000006,0.010000000000000675,5.2490000000000006
2021,7/9-7/19,N103,122,4960,29.0,STR4,50.83,1,5.083,0.0,4.0,0.0,0.0,6.0,0.0,0.0,0.0,0.0,0.0,0.0,2.0,20.0,0.0,20.0,0.0,24.0,0.0,38.0,-0.10000000000000142,28.53333333333333,5.236,-0.013000000000000789,5.2490000000000006
2021,7/28,N104-中,123,4999,31.2,STR4,52.96,1,5.296,0.0,4.0,0.0,0.0,6.0,0.0,0.0,0.0,0.0,0.0,0.0,2.0,20.0,0.0,20.0,0.0,24.0,0.0,39.0,2.1999999999999993,29.766666666666666,5.083,-0.15299999999999958,5.2490000000000006
2021,7/23-8/1,N104,124,5037,29.9,STR4,51.36,1,5.136,0.0,4.0,0.0,0.0,6.0,0.0,0.0,0.0,0.0,0.0,0.0,2.0,20.0,0.0,20.0,0.0,24.0,0.0,38.0,-1.3000000000000007,30.033333333333335,5.296,0.21300000000000008,5.296
2021,8/10,N105-中,125,5077,30.5,STR4,53.68,1,5.368,0.0,4.0,0.0,0.0,6.0,0.0,0.0,0.0,0.0,0.0,0.0,2.0,20.0,0.0,20.0,0.0,24.0,0.0,40.0,0.6000000000000014,30.533333333333335,5.136,-0.16000000000000014,5.296
2021,8/6-8/15,N105,126,5115,29.2,STR4,52.86,1,5.286,0.0,4.0,0.0,0.0,6.0,0.0,0.0,0.0,0.0,0.0,0.0,2.0,20.0,0.0,20.0,0.0,24.0,0.0,38.0,-1.3000000000000007,29.866666666666664,5.368,0.2320000000000002,5.368
2021,8/25,N106-中,127,5151,28.1,STR4,55.64,1,5.564,0.0,4.0,0.0,0.0,6.0,0.0,0.0,0.0,0.0,0.0,0.0,2.0,20.0,0.0,20.0,0.0,24.0,0.0,36.0,-1.0999999999999979,29.26666666666667,5.286,-0.08200000000000074,5.368
2021,8/20-8/29,N106,128,5193,27.5,STR4,53.61,1,5.361,0.0,4.0,0.0,0.0,6.0,0.0,0.0,0.0,0.0,0.0,0.0,2.0,20.0,0.0,20.0,0.0,24.0,0.0,42.0,-0.6000000000000014,28.26666666666667,5.564,0.27800000000000047,5.564
2021,9/8,N107-中,129,5237,24.1,STR4,52.61,1,5.261,0.0,4.0,0.0,0.0,6.0,0.0,0.0,0.0,0.0,0.0,0.0,2.0,20.0,0.0,20.0,0.0,24.0,0.0,44.0,-3.3999999999999986,26.566666666666666,5.361,-0.2030000000000003,5.564
2021,9/03-9/13,N107,130,5271,25.2,STR4,52.08,1,5.208,0.0,4.0,0.0,0.0,6.0,0.0,0.0,0.0,0.0,0.0,0.0,2.0,20.0,0.0,20.0,0.0,24.0,0.0,34.0,1.0999999999999979,25.600000000000005,5.261,-0.09999999999999964,5.564
2021,9/22,N108-中,131,5314,22.2,STR4,53.31,1,5.331,0.0,4.0,0.0,0.0,6.0,0.0,0.0,0.0,0.0,0.0,0.0,2.0,20.0,0.0,20.0,0.0,24.0,0.0,43.0,-3.0,23.833333333333332,5.208,-0.052999999999999936,5.564
2021,9/17-9/26,N108,132,5349,22.5,STR4,51.83,1,5.183,0.0,4.0,0.0,0.0,6.0,0.0,0.0,0.0,0.0,0.0,0.0,2.0,20.0,0.0,20.0,0.0,24.0,0.0,35.0,0.3000000000000007,23.3,5.331,0.12300000000000022,5.564
2021,10/13,N109-中,133,5387,16.3,STR4,52.11,1,5.211,0.0,4.0,0.0,0.0,6.0,0.0,0.0,0.0,0.0,0.0,0.0,2.0,20.0,0.0,20.0,0.0,24.0,0.0,38.0,-6.199999999999999,20.333333333333332,5.183,-0.14800000000000058,5.564
2021,10/8-10/18,N109,134,5427,15.6,STR4,51.31,1,5.131,0.0,4.0,0.0,0.0,6.0,0.0,0.0,0.0,0.0,0.0,0.0,2.0,20.0,0.0,20.0,0.0,24.0,0.0,40.0,-0.7000000000000011,18.133333333333333,5.211,0.02800000000000047,5.564
2021,10/27,N110-中,135,5469,15.5,STR4,51.81,1,5.181,0.0,4.0,0.0,0.0,6.0,0.0,0.0,0.0,0.0,0.0,0.0,2.0,20.0,0.0,20.0,0.0,24.0,0.0,42.0,-0.09999999999999964,15.800000000000002,5.131,-0.08000000000000007,5.564
2021,10/22-11/1,N110,136,5504,15.5,STR4,51.07,1,5.107,0.0,4.0,0.0,0.0,6.0,0.0,0.0,0.0,0.0,0.0,0.0,2.0,20.0,0.0,20.0,0.0,24.0,0.0,35.0,0.0,15.533333333333333,5.181,0.04999999999999982,5.564
2021,11/11,N111-中,137,5556,7.7,STR4,50.82,1,5.082,0.0,4.0,0.0,0.0,6.0,0.0,0.0,0.0,0.0,0.0,0.0,2.0,20.0,0.0,20.0,0.0,24.0,0.0,52.0,-7.8,12.9,5.107,-0.07399999999999984,5.564
2021,11/05-11/17,N111,138,5612,9.3,STR4,50.29,1,5.029,0.0,4.0,0.0,0.0,6.0,0.0,0.0,0.0,0.0,0.0,0.0,2.0,20.0,0.0,20.0,0.0,24.0,0.0,56.0,1.6000000000000005,10.833333333333334,5.082,-0.025000000000000355,5.564
2021,11/25,N112-中,139,5669,5.5,STR4,49.5,1,4.95,0.0,4.0,0.0,0.0,6.0,0.0,0.0,0.0,0.0,0.0,0.0,2.0,20.0,0.0,20.0,0.0,24.0,0.0,57.0,-3.8000000000000007,7.500000000000001,5.029,-0.052999999999999936,5.564
2021,11/20-11/30,N112,140,5720,6.4,STR4,51.46,1,5.146,0.0,4.0,0.0,0.0,6.0,0.0,0.0,0.0,0.0,0.0,0.0,2.0,20.0,0.0,20.0,0.0,24.0,0.0,51.0,0.9000000000000004,7.066666666666667,4.95,-0.07899999999999974,5.564
2021,12/9,N113-中,141,5778,7.2,STR4,51.93,1,5.193,0.0,4.0,0.0,0.0,6.0,0.0,0.0,0.0,0.0,0.0,0.0,2.0,20.0,0.0,20.0,0.0,24.0,0.0,58.0,0.7999999999999998,6.366666666666668,5.146,0.19599999999999973,5.564
2021,12/4-12/14,N113,142,5828,5.4,STR4,51.25,1,5.125,0.0,4.0,0.0,0.0,6.0,0.0,0.0,0.0,0.0,0.0,0.0,2.0,20.0,0.0,20.0,0.0,24.0,0.0,50.0,-1.7999999999999998,6.333333333333335,5.193,0.04699999999999971,5.564
2021,12/23,N114-中,143,5889,3.1,STR4,51.76,1,5.176,0.0,4.0,0.0,0.0,6.0,0.0,0.0,0.0,0.0,0.0,0.0,2.0,20.0,0.0,20.0,0.0,24.0,0.0,61.0,-2.3000000000000003,5.233333333333335,5.125,-0.06799999999999962,5.564
2021,12/17-12/28,N114,144,5936,0.2,STR4,51.01,1,5.101,0.0,4.0,0.0,0.0,6.0,0.0,0.0,0.0,0.0,0.0,0.0,2.0,20.0,0.0,20.0,0.0,24.0,0.0,47.0,-2.9,2.900000000000001,5.176,0.051000000000000156,5.564
2021,1/8,N115-中,145,5992,1.1,STR4,51.14,1,5.114,0.0,4.0,0.0,0.0,6.0,0.0,0.0,0.0,0.0,0.0,0.0,2.0,20.0,0.0,20.0,0.0,24.0,0.0,56.0,0.9000000000000001,1.466666666666668,5.101,-0.07500000000000018,5.564
2021,1/3-1/13,N115,146,6044,0.8,STR4,50.54,1,5.054,0.0,4.0,0.0,0.0,6.0,0.0,0.0,0.0,0.0,0.0,0.0,2.0,20.0,0.0,20.0,0.0,24.0,0.0,52.0,-0.30000000000000004,0.7000000000000012,5.114,0.0129999999999999,5.564
2016,11/30-12/10,N1,0,3,3.8,STR5,20.56,1,2.056,0.0,4.0,0.0,0.0,0.0,6.0,0.0,0.0,0.0,0.0,0.0,2.0,20.0,0.0,20.0,24.0,0.0,0.0,0.0,0.0,3.8,,,
2016,12/13-12/24,N2,1,10,1.2,STR5,20.35,1,2.035,0.0,4.0,0.0,0.0,0.0,6.0,0.0,0.0,0.0,0.0,0.0,2.0,20.0,0.0,20.0,24.0,0.0,0.0,7.0,-2.5999999999999996,2.5,2.056,,2.056
2016,12/27-1/9,N3,2,30,0.9,STR5,20.06,1,2.006,0.0,4.0,0.0,0.0,0.0,6.0,0.0,0.0,0.0,0.0,0.0,2.0,20.0,0.0,20.0,24.0,0.0,0.0,20.0,-0.29999999999999993,1.9666666666666666,2.035,-0.020999999999999908,2.056
2017,1/12-2/23,N4,3,48,3.6,STR5,20.77,1,2.077,0.0,4.0,0.0,0.0,0.0,6.0,0.0,0.0,0.0,0.0,0.0,2.0,20.0,0.0,20.0,24.0,0.0,0.0,18.0,2.7,1.9000000000000001,2.006,-0.02900000000000036,2.056
2017,2/26-3/10,N5,4,67,11.4,STR5,,0,,0.0,4.0,0.0,0.0,0.0,6.0,0.0,0.0,0.0,0.0,0.0,2.0,20.0,0.0,20.0,24.0,0.0,0.0,19.0,7.800000000000001,5.3,2.077,0.07100000000000017,2.077
2017,3/13-3/23,N6,5,85,13.9,STR5,20.21,1,2.021,0.0,4.0,0.0,0.0,0.0,6.0,0.0,0.0,0.0,0.0,0.0,2.0,20.0,0.0,20.0,24.0,0.0,0.0,18.0,2.5,9.633333333333333,2.077,0.07100000000000017,2.077
2017,3/26-4/6,N7,6,104,19.1,STR5,20.23,1,2.023,0.0,4.0,0.0,0.0,0.0,6.0,0.0,0.0,0.0,0.0,0.0,2.0,20.0,0.0,20.0,24.0,0.0,0.0,19.0,5.200000000000001,14.799999999999999,2.021,-0.05600000000000005,2.077
2017,4/9-4/13,N8,7,108,21.1,STR5,20.4,1,2.04,0.0,4.0,0.0,0.0,0.0,6.0,0.0,0.0,0.0,0.0,0.0,2.0,20.0,0.0,20.0,24.0,0.0,0.0,4.0,2.0,18.033333333333335,2.023,0.002000000000000224,2.077
2017,4/17-4-21,N9,8,109,21.7,STR5,22.6,1,2.2600000000000002,0.0,4.0,0.0,0.0,0.0,6.0,0.0,0.0,0.0,0.0,0.0,2.0,20.0,0.0,20.0,24.0,0.0,0.0,1.0,0.5999999999999979,20.633333333333336,2.04,0.016999999999999904,2.077
2017,4/24-5/4,N10,9,129,27.0,STR5,23.49,1,2.3489999999999998,0.0,4.0,0.0,0.0,0.0,6.0,0.0,0.0,0.0,0.0,0.0,2.0,20.0,0.0,20.0,24.0,0.0,0.0,20.0,5.300000000000001,23.266666666666666,2.2600000000000002,0.2200000000000002,2.2600000000000002
2017,5/7-5-17,N11,10,149,30.1,STR5,26.74,1,2.674,0.0,4.0,0.0,0.0,0.0,6.0,0.0,0.0,0.0,0.0,0.0,2.0,20.0,0.0,20.0,24.0,0.0,0.0,20.0,3.1000000000000014,26.266666666666666,2.3489999999999998,0.08899999999999952,2.3489999999999998
2017,5/20-5/30,N12,11,168,30.2,STR5,29.99,1,2.9989999999999997,0.0,4.0,0.0,0.0,0.0,6.0,0.0,0.0,0.0,0.0,0.0,2.0,20.0,0.0,20.0,24.0,0.0,0.0,19.0,0.09999999999999787,29.099999999999998,2.674,0.3250000000000002,2.674
2017,6/2-6/12,N13,12,188,29.6,STR5,31.14,1,3.114,0.0,4.0,0.0,0.0,0.0,6.0,0.0,0.0,0.0,0.0,0.0,2.0,20.0,0.0,20.0,24.0,0.0,0.0,20.0,-0.5999999999999979,29.96666666666667,2.9989999999999997,0.32499999999999973,2.9989999999999997
2017,6/16-6/26,N14,13,206,30.1,STR5,32.65,1,3.2649999999999997,0.0,4.0,0.0,0.0,0.0,6.0,0.0,0.0,0.0,0.0,0.0,2.0,20.0,0.0,20.0,24.0,0.0,0.0,18.0,0.5,29.96666666666667,3.114,0.11500000000000021,3.114
2017,6/29-7/10,N15,14,224,28.6,STR5,25.95,1,2.5949999999999998,0.0,4.0,0.0,0.0,0.0,6.0,0.0,0.0,0.0,0.0,0.0,2.0,20.0,0.0,20.0,24.0,0.0,0.0,18.0,-1.5,29.433333333333337,3.2649999999999997,0.1509999999999998,3.2649999999999997
2017,7/13-7/23,N16-17,15,230,31.4,STR5,33.52,1,3.3520000000000003,0.0,4.0,0.0,0.0,0.0,6.0,0.0,0.0,0.0,0.0,0.0,2.0,20.0,0.0,20.0,24.0,0.0,0.0,6.0,2.799999999999997,30.03333333333333,2.5949999999999998,-0.6699999999999999,3.2649999999999997
2017,7/27-8/7,N18,16,250,32.1,STR5,33.89,1,3.3890000000000002,0.0,4.0,0.0,0.0,0.0,6.0,0.0,0.0,0.0,0.0,0.0,2.0,20.0,0.0,20.0,24.0,0.0,0.0,20.0,0.7000000000000028,30.7,3.3520000000000003,0.7570000000000006,3.3520000000000003
2017,8/10-8/21,N19,17,268,28.6,STR5,34.45,1,3.4450000000000003,0.0,4.0,0.0,0.0,0.0,6.0,0.0,0.0,0.0,0.0,0.0,2.0,20.0,0.0,20.0,24.0,0.0,0.0,18.0,-3.5,30.7,3.3890000000000002,0.03699999999999992,3.3890000000000002
2017,8/25-9/4,N20,18,286,26.3,STR5,38.32,1,3.832,0.0,4.0,0.0,0.0,0.0,6.0,0.0,0.0,0.0,0.0,0.0,2.0,20.0,0.0,20.0,24.0,0.0,0.0,18.0,-2.3000000000000007,29.0,3.4450000000000003,0.05600000000000005,3.4450000000000003
2017,9/8-9/18,N21,19,305,28.2,STR5,41.68,1,4.168,0.0,4.0,0.0,0.0,0.0,6.0,0.0,0.0,0.0,0.0,0.0,2.0,20.0,0.0,20.0,24.0,0.0,0.0,19.0,1.8999999999999986,27.7,3.832,0.38699999999999957,3.832
2017,9/21-10/9,N22,20,323,22.9,STR5,34.77,1,3.4770000000000003,0.0,4.0,0.0,0.0,0.0,6.0,0.0,0.0,0.0,0.0,0.0,2.0,20.0,0.0,20.0,24.0,0.0,0.0,18.0,-5.300000000000001,25.8,4.168,0.3360000000000003,4.168
2017,10/13-10/25,N23,21,346,14.9,STR5,39.92,1,3.992,0.0,4.0,0.0,0.0,0.0,6.0,0.0,0.0,0.0,0.0,0.0,2.0,20.0,0.0,20.0,24.0,0.0,0.0,23.0,-7.999999999999998,22.0,3.4770000000000003,-0.6909999999999998,4.168
2017,11/1-11/12,N24-25,22,352,11.1,STR5,49.61,1,4.961,0.0,4.0,0.0,0.0,0.0,6.0,0.0,0.0,0.0,0.0,0.0,2.0,20.0,0.0,20.0,24.0,0.0,0.0,6.0,-3.8000000000000007,16.3,3.992,0.5149999999999997,4.168
2017,11/15-11/26,N26,23,371,3.8,STR5,50.65,1,5.0649999999999995,0.0,4.0,0.0,0.0,0.0,6.0,0.0,0.0,0.0,0.0,0.0,2.0,20.0,0.0,20.0,24.0,0.0,0.0,19.0,-7.3,9.933333333333334,4.961,0.9690000000000003,4.961
2017,12/9-12/21,N27,24,391,0.0,STR5,47.79,1,4.779,0.0,4.0,0.0,0.0,0.0,6.0,0.0,0.0,0.0,0.0,0.0,2.0,20.0,0.0,20.0,24.0,0.0,0.0,20.0,-3.8,4.966666666666666,5.0649999999999995,0.1039999999999992,5.0649999999999995
2017,12/23-1/3,N28,25,410,0.2,STR5,48.52,1,4.852,0.0,4.0,0.0,0.0,0.0,6.0,0.0,0.0,0.0,0.0,0.0,2.0,20.0,0.0,20.0,24.0,0.0,0.0,19.0,0.2,1.3333333333333333,4.779,-0.2859999999999996,5.0649999999999995
2018,1/7-1/18,N29-30,26,415,-1.0,STR5,50.7,1,5.07,0.0,4.0,0.0,0.0,0.0,6.0,0.0,0.0,0.0,0.0,0.0,2.0,20.0,0.0,20.0,24.0,0.0,0.0,5.0,-1.2,-0.26666666666666666,4.852,0.0730000000000004,5.0649999999999995
2018,1/20-1/30,N31,27,434,-2.2,STR5,50.13,1,5.013,0.0,4.0,0.0,0.0,0.0,6.0,0.0,0.0,0.0,0.0,0.0,2.0,20.0,0.0,20.0,24.0,0.0,0.0,19.0,-1.2000000000000002,-1.0,5.07,0.21799999999999997,5.07
2018,3/9-3/21,N32,28,454,8.3,STR5,38.28,1,3.8280000000000003,0.0,4.0,0.0,0.0,0.0,6.0,0.0,0.0,0.0,0.0,0.0,2.0,20.0,0.0,20.0,24.0,0.0,0.0,20.0,10.5,1.7000000000000002,5.013,-0.057000000000000384,5.07
2018,3/25-4/7,N33,29,473,15.7,STR5,35.73,1,3.5729999999999995,0.0,4.0,0.0,0.0,0.0,6.0,0.0,0.0,0.0,0.0,0.0,2.0,20.0,0.0,20.0,24.0,0.0,0.0,19.0,7.399999999999999,7.266666666666667,3.8280000000000003,-1.1849999999999996,5.07
2018,4/10-4/21,N34,30,492,19.4,STR5,46.41,1,4.641,0.0,4.0,0.0,0.0,0.0,6.0,0.0,0.0,0.0,0.0,0.0,2.0,20.0,0.0,20.0,24.0,0.0,0.0,19.0,3.6999999999999993,14.466666666666667,3.5729999999999995,-0.2550000000000008,5.07
2018,4/26-5/7,N35-36,31,498,23.7,STR5,55.27,1,5.527,0.0,4.0,0.0,0.0,0.0,6.0,0.0,0.0,0.0,0.0,0.0,2.0,20.0,0.0,20.0,24.0,0.0,0.0,6.0,4.300000000000001,19.599999999999998,4.641,1.0680000000000005,5.07
2018,5/10-5/21,N37,32,517,24.1,STR5,55.51,1,5.551,0.0,4.0,0.0,0.0,0.0,6.0,0.0,0.0,0.0,0.0,0.0,2.0,20.0,0.0,20.0,24.0,0.0,0.0,19.0,0.40000000000000213,22.400000000000002,5.527,0.8860000000000001,5.527
2018,5/24-6/4,N38,33,536,29.7,STR5,42.46,1,4.246,0.0,4.0,0.0,0.0,0.0,6.0,0.0,0.0,0.0,0.0,0.0,2.0,20.0,0.0,20.0,24.0,0.0,0.0,19.0,5.599999999999998,25.833333333333332,5.551,0.02400000000000002,5.551
2018,6/7-6/19,N39,34,556,26.6,STR5,40.18,1,4.018,0.0,4.0,0.0,0.0,0.0,6.0,0.0,0.0,0.0,0.0,0.0,2.0,20.0,0.0,20.0,24.0,0.0,0.0,20.0,-3.099999999999998,26.8,4.246,-1.3049999999999997,5.551
2018,6/22-7/2,N40,35,574,32.8,STR5,39.58,1,3.9579999999999997,0.0,4.0,0.0,0.0,0.0,6.0,0.0,0.0,0.0,0.0,0.0,2.0,20.0,0.0,20.0,24.0,0.0,0.0,18.0,6.199999999999996,29.7,4.018,-0.22800000000000065,5.551
2018,7/5-7/17,N41,36,593,28.3,STR5,36.29,1,3.629,0.0,4.0,0.0,0.0,0.0,6.0,0.0,0.0,0.0,0.0,0.0,2.0,20.0,0.0,20.0,24.0,0.0,0.0,19.0,-4.4999999999999964,29.233333333333334,3.9579999999999997,-0.06000000000000005,5.551
2018,7/22-7/31,N42,37,612,32.7,STR5,36.9,1,3.69,0.0,4.0,0.0,0.0,0.0,6.0,0.0,0.0,0.0,0.0,0.0,2.0,20.0,0.0,20.0,24.0,0.0,0.0,19.0,4.400000000000002,31.26666666666667,3.629,-0.32899999999999974,5.551
2018,8/3-8/14,N43-44,38,618,30.5,STR5,36.3,1,3.63,0.0,4.0,0.0,0.0,0.0,6.0,0.0,0.0,0.0,0.0,0.0,2.0,20.0,0.0,20.0,24.0,0.0,0.0,6.0,-2.200000000000003,30.5,3.69,0.06099999999999994,5.551
2018,8/17-8/30,N45,39,636,29.6,STR5,38.51,1,3.851,0.0,4.0,0.0,0.0,0.0,6.0,0.0,0.0,0.0,0.0,0.0,2.0,20.0,0.0,20.0,24.0,0.0,0.0,18.0,-0.8999999999999986,30.933333333333337,3.63,-0.06000000000000005,5.551
2018,9/2-9/12,N46,40,655,26.9,STR5,40.39,1,4.039,0.0,4.0,0.0,0.0,0.0,6.0,0.0,0.0,0.0,0.0,0.0,2.0,20.0,0.0,20.0,24.0,0.0,0.0,19.0,-2.700000000000003,29.0,3.851,0.22100000000000009,5.551
2018,9/15-9/25,N47,41,675,22.8,STR5,39.72,1,3.972,0.0,4.0,0.0,0.0,0.0,6.0,0.0,0.0,0.0,0.0,0.0,2.0,20.0,0.0,20.0,24.0,0.0,0.0,20.0,-4.099999999999998,26.433333333333337,4.039,0.18799999999999972,5.551
2018,10/4-10/15,N48,42,694,17.4,STR5,47.47,1,4.747,0.0,4.0,0.0,0.0,0.0,6.0,0.0,0.0,0.0,0.0,0.0,2.0,20.0,0.0,20.0,24.0,0.0,0.0,19.0,-5.400000000000002,22.36666666666667,3.972,-0.06699999999999973,5.551
2018,10/17-10/28,N49,43,714,14.8,STR5,38.68,1,3.868,0.0,4.0,0.0,0.0,0.0,6.0,0.0,0.0,0.0,0.0,0.0,2.0,20.0,0.0,20.0,24.0,0.0,0.0,20.0,-2.599999999999998,18.333333333333336,4.747,0.7749999999999999,5.551
2018,11/2-11/16,N50-51,44,719,9.8,STR5,34.94,1,3.4939999999999998,0.0,4.0,0.0,0.0,0.0,6.0,0.0,0.0,0.0,0.0,0.0,2.0,20.0,0.0,20.0,24.0,0.0,0.0,5.0,-5.0,14.0,3.868,-0.879,5.551
2018,11/20-12/1,N52,45,738,6.5,STR5,,0,,0.0,4.0,0.0,0.0,0.0,6.0,0.0,0.0,0.0,0.0,0.0,2.0,20.0,0.0,20.0,24.0,0.0,0.0,19.0,-3.3000000000000007,10.366666666666669,3.4939999999999998,-0.3740000000000001,5.551
2018,12/4-12/17,N53,46,757,-1.1,STR5,39.19,1,3.9189999999999996,0.0,4.0,0.0,0.0,0.0,6.0,0.0,0.0,0.0,0.0,0.0,2.0,20.0,0.0,20.0,24.0,0.0,0.0,19.0,-7.6,5.066666666666669,3.4939999999999998,-0.3740000000000001,5.551
2018,12/30-2019/1/14,N54,47,834,-0.2,STR5,38.53,1,3.853,0.0,4.0,0.0,0.0,0.0,6.0,0.0,0.0,0.0,0.0,0.0,2.0,20.0,0.0,20.0,24.0,0.0,0.0,77.0,0.9000000000000001,1.7333333333333358,3.9189999999999996,0.4249999999999998,5.551
2019,1/18-1/28,N55,48,912,4.0,STR5,35.63,1,3.563,0.0,4.0,0.0,0.0,0.0,6.0,0.0,0.0,0.0,0.0,0.0,2.0,20.0,0.0,20.0,24.0,0.0,0.0,78.0,4.2,0.9000000000000022,3.853,-0.06599999999999939,5.551
2019,3/1-3/20,N56,49,1013,14.2,STR5,34.76,1,3.476,0.0,4.0,0.0,0.0,0.0,6.0,0.0,0.0,0.0,0.0,0.0,2.0,20.0,0.0,20.0,24.0,0.0,0.0,101.0,10.2,6.000000000000003,3.563,-0.29000000000000004,5.551
2019,3/24-4/4,N57,50,1114,14.5,STR5,36.29,1,3.629,0.0,4.0,0.0,0.0,0.0,6.0,0.0,0.0,0.0,0.0,0.0,2.0,20.0,0.0,20.0,24.0,0.0,0.0,101.0,0.3000000000000007,10.9,3.476,-0.08700000000000019,5.551
2019,4/10-4/20,N58,51,1215,18.9,STR5,38.1,1,3.81,0.0,4.0,0.0,0.0,0.0,6.0,0.0,0.0,0.0,0.0,0.0,2.0,20.0,0.0,20.0,24.0,0.0,0.0,101.0,4.399999999999999,15.866666666666669,3.629,0.15300000000000002,5.551
2019,4/25-5/5,N59,52,1317,20.3,STR5,37.32,1,3.732,0.0,4.0,0.0,0.0,0.0,6.0,0.0,0.0,0.0,0.0,0.0,2.0,20.0,0.0,20.0,24.0,0.0,0.0,102.0,1.4000000000000021,17.900000000000002,3.81,0.18100000000000005,5.551
2019,5/9-5/21,N60,53,1376,25.0,STR5,39.0,1,3.9,0.0,4.0,0.0,0.0,0.0,6.0,0.0,0.0,0.0,0.0,0.0,2.0,20.0,0.0,20.0,24.0,0.0,0.0,59.0,4.699999999999999,21.400000000000002,3.732,-0.07799999999999985,5.551
2019,5/27-6/5,N61,54,1441,27.8,STR5,36.92,1,3.692,0.0,4.0,0.0,0.0,0.0,6.0,0.0,0.0,0.0,0.0,0.0,2.0,20.0,0.0,20.0,24.0,0.0,0.0,65.0,2.8000000000000007,24.36666666666667,3.9,0.1679999999999997,5.551
2019,6/12-6/22,N62,55,1508,29.3,STR5,41.67,1,4.167,0.0,4.0,0.0,0.0,0.0,6.0,0.0,0.0,0.0,0.0,0.0,2.0,20.0,0.0,20.0,24.0,0.0,0.0,67.0,1.5,27.36666666666667,3.692,-0.20799999999999974,5.551
2019,6/27-7/7,N63,56,1566,29.8,STR5,42.95,1,4.295,0.0,4.0,0.0,0.0,0.0,6.0,0.0,0.0,0.0,0.0,0.0,2.0,20.0,0.0,20.0,24.0,0.0,0.0,58.0,0.5,28.96666666666667,4.167,0.47499999999999964,5.551
2019,7/11-7/21,N64,57,1637,30.7,STR5,46.16,1,4.616,0.0,4.0,0.0,0.0,0.0,6.0,0.0,0.0,0.0,0.0,0.0,2.0,20.0,0.0,20.0,24.0,0.0,0.0,71.0,0.8999999999999986,29.933333333333337,4.295,0.1280000000000001,5.551
2019,7/25-8/4,N65,58,1706,31.2,STR5,47.2,1,4.720000000000001,0.0,4.0,0.0,0.0,0.0,6.0,0.0,0.0,0.0,0.0,0.0,2.0,20.0,0.0,20.0,24.0,0.0,0.0,69.0,0.5,30.566666666666666,4.616,0.32099999999999973,5.551
2019,8/9-8/19,N66,59,1777,29.1,STR5,47.69,1,4.769,0.0,4.0,0.0,0.0,0.0,6.0,0.0,0.0,0.0,0.0,0.0,2.0,20.0,0.0,20.0,24.0,0.0,0.0,71.0,-2.099999999999998,30.33333333333334,4.720000000000001,0.10400000000000098,5.551
2019,8/24-9/5,N67,60,1847,29.4,STR5,47.27,1,4.727,0.0,4.0,0.0,0.0,0.0,6.0,0.0,0.0,0.0,0.0,0.0,2.0,20.0,0.0,20.0,24.0,0.0,0.0,70.0,0.29999999999999716,29.900000000000002,4.769,0.04899999999999949,5.551
2019,9/10-9/20,N68,61,1915,24.1,STR5,49.61,1,4.961,0.0,4.0,0.0,0.0,0.0,6.0,0.0,0.0,0.0,0.0,0.0,2.0,20.0,0.0,20.0,24.0,0.0,0.0,68.0,-5.299999999999997,27.533333333333335,4.727,-0.041999999999999815,5.551
2019,9/25-10/13,N69,62,1981,21.8,STR5,46.16,1,4.616,0.0,4.0,0.0,0.0,0.0,6.0,0.0,0.0,0.0,0.0,0.0,2.0,20.0,0.0,20.0,24.0,0.0,0.0,66.0,-2.3000000000000007,25.100000000000005,4.961,0.23399999999999999,5.551
2019,10/18-10/28,N70,63,2048,15.4,STR5,46.23,1,4.622999999999999,0.0,4.0,0.0,0.0,0.0,6.0,0.0,0.0,0.0,0.0,0.0,2.0,20.0,0.0,20.0,24.0,0.0,0.0,67.0,-6.4,20.433333333333334,4.616,-0.34500000000000064,5.551
2019,11/3-11/14,N71,64,2116,12.1,STR5,45.65,1,4.5649999999999995,0.0,4.0,0.0,0.0,0.0,6.0,0.0,0.0,0.0,0.0,0.0,2.0,20.0,0.0,20.0,24.0,0.0,0.0,68.0,-3.3000000000000007,16.433333333333334,4.622999999999999,0.006999999999999673,5.551
2019,11/20-12/1,N72,65,2184,3.8,STR5,48.07,1,4.807,0.0,4.0,0.0,0.0,0.0,6.0,0.0,0.0,0.0,0.0,0.0,2.0,20.0,0.0,20.0,24.0,0.0,0.0,68.0,-8.3,10.433333333333335,4.5649999999999995,-0.05799999999999983,5.551
2019,12/5-12/21,N73,66,2290,0.8,STR5,47.18,1,4.718,0.0,4.0,0.0,0.0,0.0,6.0,0.0,0.0,0.0,0.0,0.0,2.0,20.0,0.0,20.0,24.0,0.0,0.0,106.0,-3.0,5.566666666666669,4.807,0.24200000000000088,5.551
2019,12/26-1/5,N74,67,2396,0.1,STR5,48.35,1,4.835,0.0,4.0,0.0,0.0,0.0,6.0,0.0,0.0,0.0,0.0,0.0,2.0,20.0,0.0,20.0,24.0,0.0,0.0,106.0,-0.7000000000000001,1.566666666666669,4.718,-0.08900000000000041,5.551
2020,3/19-3/31,N75,68,2501,14.9,STR5,45.94,1,4.593999999999999,0.0,4.0,0.0,0.0,0.0,6.0,0.0,0.0,0.0,0.0,0.0,2.0,20.0,0.0,20.0,24.0,0.0,0.0,105.0,14.8,5.266666666666669,4.835,0.11699999999999999,5.551
2020,4/4-4/15,N76,69,2605,18.0,STR5,48.27,1,4.827,0.0,4.0,0.0,0.0,0.0,6.0,0.0,0.0,0.0,0.0,0.0,2.0,20.0,0.0,20.0,24.0,0.0,0.0,104.0,3.0999999999999996,11.000000000000002,4.593999999999999,-0.24100000000000055,5.551
2020,4/19-4/28,N77,70,2708,18.3,STR5,50.88,1,5.088,0.0,4.0,0.0,0.0,0.0,6.0,0.0,0.0,0.0,0.0,0.0,2.0,20.0,0.0,20.0,24.0,0.0,0.0,103.0,0.3000000000000007,17.066666666666666,4.827,0.23300000000000054,5.551
2020,5/7,N78-中,71,2757,23.2,STR5,46.87,1,4.686999999999999,0.0,4.0,0.0,0.0,0.0,6.0,0.0,0.0,0.0,0.0,0.0,2.0,20.0,0.0,20.0,24.0,0.0,0.0,49.0,4.899999999999999,19.833333333333336,5.088,0.2610000000000001,5.551
2020,5/1-5/10,N78,72,2783,18.6,STR5,48.77,1,4.877000000000001,0.0,4.0,0.0,0.0,0.0,6.0,0.0,0.0,0.0,0.0,0.0,2.0,20.0,0.0,20.0,24.0,0.0,0.0,26.0,-4.599999999999998,20.033333333333335,4.686999999999999,-0.4010000000000007,5.551
2020,5/19,N79-中,73,2824,22.1,STR5,51.44,1,5.144,0.0,4.0,0.0,0.0,0.0,6.0,0.0,0.0,0.0,0.0,0.0,2.0,20.0,0.0,20.0,24.0,0.0,0.0,41.0,3.5,21.300000000000004,4.877000000000001,0.19000000000000128,5.551
2020,5/14-5/23,N79,74,2857,24.5,STR5,49.43,1,4.943,0.0,4.0,0.0,0.0,0.0,6.0,0.0,0.0,0.0,0.0,0.0,2.0,20.0,0.0,20.0,24.0,0.0,0.0,33.0,2.3999999999999986,21.733333333333338,5.144,0.26699999999999946,5.551
2020,6/2,N80-中,75,2900,27.0,STR5,51.92,1,5.192,0.0,4.0,0.0,0.0,0.0,6.0,0.0,0.0,0.0,0.0,0.0,2.0,20.0,0.0,20.0,24.0,0.0,0.0,43.0,2.5,24.533333333333335,4.943,-0.2010000000000005,5.551
2020,5/27-6/6,N80,76,2931,29.7,STR5,52.33,1,5.233,0.0,4.0,0.0,0.0,0.0,6.0,0.0,0.0,0.0,0.0,0.0,2.0,20.0,0.0,20.0,24.0,0.0,0.0,31.0,2.6999999999999993,27.066666666666666,5.192,0.24900000000000055,5.551
2020,6/17,N81-中,77,2987,31.7,STR5,50.54,1,5.054,0.0,4.0,0.0,0.0,0.0,6.0,0.0,0.0,0.0,0.0,0.0,2.0,20.0,0.0,20.0,24.0,0.0,0.0,56.0,2.0,29.46666666666667,5.233,0.04099999999999948,5.551
2020,6/10-6/19,N81,78,3006,29.0,STR5,51.73,1,5.173,0.0,4.0,0.0,0.0,0.0,6.0,0.0,0.0,0.0,0.0,0.0,2.0,20.0,0.0,20.0,24.0,0.0,0.0,19.0,-2.6999999999999993,30.133333333333336,5.054,-0.17899999999999938,5.551
2020,6/29,N82-中,79,3040,28.5,STR5,51.41,1,5.141,0.0,4.0,0.0,0.0,0.0,6.0,0.0,0.0,0.0,0.0,0.0,2.0,20.0,0.0,20.0,24.0,0.0,0.0,34.0,-0.5,29.733333333333334,5.173,0.11899999999999977,5.551
2020,6/25-7/5,N82,80,3081,28.9,STR5,53.03,1,5.303,0.0,4.0,0.0,0.0,0.0,6.0,0.0,0.0,0.0,0.0,0.0,2.0,20.0,0.0,20.0,24.0,0.0,0.0,41.0,0.3999999999999986,28.8,5.141,-0.03200000000000003,5.551
2020,7/15,N83-中,81,3128,26.7,STR5,55.4,1,5.54,0.0,4.0,0.0,0.0,0.0,6.0,0.0,0.0,0.0,0.0,0.0,2.0,20.0,0.0,20.0,24.0,0.0,0.0,47.0,-2.1999999999999993,28.033333333333335,5.303,0.16199999999999992,5.551
2020,7/9-7/19,N83,82,3157,30.0,STR5,54.72,1,5.4719999999999995,0.0,4.0,0.0,0.0,0.0,6.0,0.0,0.0,0.0,0.0,0.0,2.0,20.0,0.0,20.0,24.0,0.0,0.0,29.0,3.3000000000000007,28.533333333333335,5.54,0.2370000000000001,5.551
2020,8/8,N84-中,83,3212,30.6,STR5,54.87,1,5.487,0.0,4.0,0.0,0.0,0.0,6.0,0.0,0.0,0.0,0.0,0.0,2.0,20.0,0.0,20.0,24.0,0.0,0.0,55.0,0.6000000000000014,29.100000000000005,5.4719999999999995,-0.0680000000000005,5.551
2020,7/24-8/11,N84,84,3233,30.8,STR5,53.83,1,5.383,0.0,4.0,0.0,0.0,0.0,6.0,0.0,0.0,0.0,0.0,0.0,2.0,20.0,0.0,20.0,24.0,0.0,0.0,21.0,0.1999999999999993,30.46666666666667,5.487,0.015000000000000568,5.551
2020,8/21,N85-中,85,3275,25.8,STR5,55.27,1,5.527,0.0,4.0,0.0,0.0,0.0,6.0,0.0,0.0,0.0,0.0,0.0,2.0,20.0,0.0,20.0,24.0,0.0,0.0,42.0,-5.0,29.066666666666666,5.383,-0.10400000000000009,5.551
2020,8/15-8/25,N85,86,3308,26.9,STR5,54.98,1,5.497999999999999,0.0,4.0,0.0,0.0,0.0,6.0,0.0,0.0,0.0,0.0,0.0,2.0,20.0,0.0,20.0,24.0,0.0,0.0,33.0,1.0999999999999979,27.83333333333334,5.527,0.14400000000000013,5.551
2020,9/2,N86-中,87,3344,27.3,STR5,55.71,1,5.571,0.0,4.0,0.0,0.0,0.0,6.0,0.0,0.0,0.0,0.0,0.0,2.0,20.0,0.0,20.0,24.0,0.0,0.0,36.0,0.40000000000000213,26.666666666666668,5.497999999999999,-0.029000000000000803,5.551
2020,8/29-9/7,N86,88,3383,27.5,STR5,57.27,1,5.727,0.0,4.0,0.0,0.0,0.0,6.0,0.0,0.0,0.0,0.0,0.0,2.0,20.0,0.0,20.0,24.0,0.0,0.0,39.0,0.1999999999999993,27.233333333333338,5.571,0.0730000000000004,5.571
2020,9/20,N87-中,89,3432,23.8,STR5,56.16,1,5.616,0.0,4.0,0.0,0.0,0.0,6.0,0.0,0.0,0.0,0.0,0.0,2.0,20.0,0.0,20.0,24.0,0.0,0.0,49.0,-3.6999999999999993,26.200000000000003,5.727,0.15600000000000058,5.727
2020,9/14-9/23,N87,90,3458,23.7,STR5,52.61,1,5.261,0.0,4.0,0.0,0.0,0.0,6.0,0.0,0.0,0.0,0.0,0.0,2.0,20.0,0.0,20.0,24.0,0.0,0.0,26.0,-0.10000000000000142,25.0,5.616,-0.11100000000000065,5.727
2020,10/12,N88-中,91,3495,18.4,STR5,54.1,1,5.41,0.0,4.0,0.0,0.0,0.0,6.0,0.0,0.0,0.0,0.0,0.0,2.0,20.0,0.0,20.0,24.0,0.0,0.0,37.0,-5.300000000000001,21.96666666666667,5.261,-0.35499999999999954,5.727
2020,9/28-10/17,N88,92,3533,17.7,STR5,54.59,1,5.4590000000000005,0.0,4.0,0.0,0.0,0.0,6.0,0.0,0.0,0.0,0.0,0.0,2.0,20.0,0.0,20.0,24.0,0.0,0.0,38.0,-0.6999999999999993,19.933333333333337,5.41,0.14900000000000002,5.727
2020,10/26,N89-中,93,3577,15.1,STR5,51.88,1,5.188000000000001,0.0,4.0,0.0,0.0,0.0,6.0,0.0,0.0,0.0,0.0,0.0,2.0,20.0,0.0,20.0,24.0,0.0,0.0,44.0,-2.5999999999999996,17.066666666666666,5.4590000000000005,0.04900000000000038,5.727
2020,10/21-10/30,N89,94,3607,15.3,STR5,56.65,1,5.665,0.0,4.0,0.0,0.0,0.0,6.0,0.0,0.0,0.0,0.0,0.0,2.0,20.0,0.0,20.0,24.0,0.0,0.0,30.0,0.20000000000000107,16.033333333333335,5.188000000000001,-0.2709999999999999,5.727
2020,11/13,N90-中,95,3658,13.4,STR5,53.83,1,5.383,0.0,4.0,0.0,0.0,0.0,6.0,0.0,0.0,0.0,0.0,0.0,2.0,20.0,0.0,20.0,24.0,0.0,0.0,51.0,-1.9000000000000004,14.600000000000003,5.665,0.4769999999999994,5.727
2020,11/8-11/19,N90,96,3714,12.2,STR5,52.8,1,5.279999999999999,0.0,4.0,0.0,0.0,0.0,6.0,0.0,0.0,0.0,0.0,0.0,2.0,20.0,0.0,20.0,24.0,0.0,0.0,56.0,-1.200000000000001,13.633333333333335,5.383,-0.28200000000000003,5.727
2020,11/29,N91-中,97,3768,3.5,STR5,52.09,1,5.2090000000000005,0.0,4.0,0.0,0.0,0.0,6.0,0.0,0.0,0.0,0.0,0.0,2.0,20.0,0.0,20.0,24.0,0.0,0.0,54.0,-8.7,9.700000000000003,5.279999999999999,-0.10300000000000065,5.727
2020,11/24-12/5,N91,98,3822,2.3,STR5,49.4,1,4.9399999999999995,0.0,4.0,0.0,0.0,0.0,6.0,0.0,0.0,0.0,0.0,0.0,2.0,20.0,0.0,20.0,24.0,0.0,0.0,54.0,-1.2000000000000002,6.000000000000003,5.2090000000000005,-0.07099999999999884,5.727
2020,12/25,N92-中,99,3875,-0.4,STR5,52.67,1,5.267,0.0,4.0,0.0,0.0,0.0,6.0,0.0,0.0,0.0,0.0,0.0,2.0,20.0,0.0,20.0,24.0,0.0,0.0,53.0,-2.6999999999999997,1.8000000000000023,4.9399999999999995,-0.269000000000001,5.727
2020,12/10-12/22,N92,100,3929,-0.2,STR5,51.47,1,5.147,0.0,4.0,0.0,0.0,0.0,6.0,0.0,0.0,0.0,0.0,0.0,2.0,20.0,0.0,20.0,24.0,0.0,0.0,54.0,0.2,0.566666666666669,5.267,0.32700000000000085,5.727
2020,12/31,N93-中,101,3980,-3.0,STR5,51.47,1,5.147,0.0,4.0,0.0,0.0,0.0,6.0,0.0,0.0,0.0,0.0,0.0,2.0,20.0,0.0,20.0,24.0,0.0,0.0,51.0,-2.8,-1.1999999999999977,5.147,-0.1200000000000001,5.727
2020,12/26-1/6,N93,102,4037,-3.8,STR5,52.15,1,5.215,0.0,4.0,0.0,0.0,0.0,6.0,0.0,0.0,0.0,0.0,0.0,2.0,20.0,0.0,20.0,24.0,0.0,0.0,57.0,-0.7999999999999998,-2.333333333333331,5.147,0.0,5.727
2021,1/15,N94-中,103,4090,1.4,STR5,51.53,1,5.1530000000000005,0.0,4.0,0.0,0.0,0.0,6.0,0.0,0.0,0.0,0.0,0.0,2.0,20.0,0.0,20.0,24.0,0.0,0.0,53.0,5.199999999999999,-1.7999999999999978,5.215,0.06799999999999962,5.727
2021,1/10-1/21,N94,104,4144,0.2,STR5,51.98,1,5.1979999999999995,0.0,4.0,0.0,0.0,0.0,6.0,0.0,0.0,0.0,0.0,0.0,2.0,20.0,0.0,20.0,24.0,0.0,0.0,54.0,-1.2,-0.7333333333333308,5.1530000000000005,-0.06199999999999939,5.727
2021,3/24,N95-中,105,4204,11.9,STR5,53.36,1,5.336,0.0,4.0,0.0,0.0,0.0,6.0,0.0,0.0,0.0,0.0,0.0,2.0,20.0,0.0,20.0,24.0,0.0,0.0,60.0,11.700000000000001,4.500000000000003,5.1979999999999995,0.04499999999999904,5.727
2021,3/18-3/29,N95,106,4252,14.2,STR5,53.13,1,5.313000000000001,0.0,4.0,0.0,0.0,0.0,6.0,0.0,0.0,0.0,0.0,0.0,2.0,20.0,0.0,20.0,24.0,0.0,0.0,48.0,2.299999999999999,8.766666666666667,5.336,0.1380000000000008,5.727
2021,4/7,N96-中,107,4307,16.9,STR5,53.73,1,5.372999999999999,0.0,4.0,0.0,0.0,0.0,6.0,0.0,0.0,0.0,0.0,0.0,2.0,20.0,0.0,20.0,24.0,0.0,0.0,55.0,2.6999999999999993,14.333333333333334,5.313000000000001,-0.022999999999999687,5.727
2021,4/2-4/12,N96,108,4358,16.8,STR5,54.67,1,5.4670000000000005,0.0,4.0,0.0,0.0,0.0,6.0,0.0,0.0,0.0,0.0,0.0,2.0,20.0,0.0,20.0,24.0,0.0,0.0,51.0,-0.09999999999999787,15.966666666666669,5.372999999999999,0.05999999999999872,5.727
2021,4/21,N97-中,109,4415,20.2,STR5,53.17,1,5.317,0.0,4.0,0.0,0.0,0.0,6.0,0.0,0.0,0.0,0.0,0.0,2.0,20.0,0.0,20.0,24.0,0.0,0.0,57.0,3.3999999999999986,17.96666666666667,5.4670000000000005,0.0940000000000012,5.727
2021,4/16-4/26,N97,110,4466,19.2,STR5,55.57,1,5.557,0.0,4.0,0.0,0.0,0.0,6.0,0.0,0.0,0.0,0.0,0.0,2.0,20.0,0.0,20.0,24.0,0.0,0.0,51.0,-1.0,18.733333333333334,5.317,-0.15000000000000036,5.727
2021,5/4,N98-中,111,4524,17.7,STR5,56.0,1,5.6,0.0,4.0,0.0,0.0,0.0,6.0,0.0,0.0,0.0,0.0,0.0,2.0,20.0,0.0,20.0,24.0,0.0,0.0,58.0,-1.5,19.033333333333335,5.557,0.2400000000000002,5.727
2021,4/29-5/9,N98,112,4573,20.8,STR5,55.08,1,5.508,0.0,4.0,0.0,0.0,0.0,6.0,0.0,0.0,0.0,0.0,0.0,2.0,20.0,0.0,20.0,24.0,0.0,0.0,49.0,3.1000000000000014,19.233333333333334,5.6,0.04299999999999926,5.727
2021,5/19,N99-中,113,4612,23.8,STR5,56.0,1,5.6,0.0,4.0,0.0,0.0,0.0,6.0,0.0,0.0,0.0,0.0,0.0,2.0,20.0,0.0,20.0,24.0,0.0,0.0,39.0,3.0,20.766666666666666,5.508,-0.09199999999999964,5.727
2021,5/14-5/24,N99,114,4650,25.1,STR5,56.23,1,5.622999999999999,0.0,4.0,0.0,0.0,0.0,6.0,0.0,0.0,0.0,0.0,0.0,2.0,20.0,0.0,20.0,24.0,0.0,0.0,38.0,1.3000000000000007,23.233333333333334,5.6,0.09199999999999964,5.727
2021,6/2,N100-中,115,4692,23.6,STR5,57.06,1,5.706,0.0,4.0,0.0,0.0,0.0,6.0,0.0,0.0,0.0,0.0,0.0,2.0,20.0,0.0,20.0,24.0,0.0,0.0,42.0,-1.5,24.16666666666667,5.622999999999999,0.022999999999999687,5.727
2021,5/28-6/7,N100,116,4727,25.8,STR5,56.9,1,5.6899999999999995,0.0,4.0,0.0,0.0,0.0,6.0,0.0,0.0,0.0,0.0,0.0,2.0,20.0,0.0,20.0,24.0,0.0,0.0,35.0,2.1999999999999993,24.833333333333332,5.706,0.08300000000000107,5.727
2021,6/16,N101-中,117,4768,30.1,STR5,58.94,1,5.894,0.0,4.0,0.0,0.0,0.0,6.0,0.0,0.0,0.0,0.0,0.0,2.0,20.0,0.0,20.0,24.0,0.0,0.0,41.0,4.300000000000001,26.5,5.6899999999999995,-0.016000000000000902,5.727
2021,6/11-6/20,N101,118,4805,30.2,STR5,60.31,1,6.031000000000001,0.0,4.0,0.0,0.0,0.0,6.0,0.0,0.0,0.0,0.0,0.0,2.0,20.0,0.0,20.0,24.0,0.0,0.0,37.0,0.09999999999999787,28.700000000000003,5.894,0.20400000000000063,5.894
2021,6/30,N102-中,119,4843,27.2,STR5,61.19,1,6.119,0.0,4.0,0.0,0.0,0.0,6.0,0.0,0.0,0.0,0.0,0.0,2.0,20.0,0.0,20.0,24.0,0.0,0.0,38.0,-3.0,29.166666666666668,6.031000000000001,0.13700000000000045,6.031000000000001
2021,6/25-7/6,N102,120,4882,27.5,STR5,60.57,1,6.057,0.0,4.0,0.0,0.0,0.0,6.0,0.0,0.0,0.0,0.0,0.0,2.0,20.0,0.0,20.0,24.0,0.0,0.0,39.0,0.3000000000000007,28.3,6.119,0.08799999999999919,6.119
2021,7/14,N103-中,121,4922,29.1,STR5,60.66,1,6.066,0.0,4.0,0.0,0.0,0.0,6.0,0.0,0.0,0.0,0.0,0.0,2.0,20.0,0.0,20.0,24.0,0.0,0.0,40.0,1.6000000000000014,27.933333333333337,6.057,-0.06199999999999939,6.119
2021,7/9-7/19,N103,122,4960,29.0,STR5,57.65,1,5.765,0.0,4.0,0.0,0.0,0.0,6.0,0.0,0.0,0.0,0.0,0.0,2.0,20.0,0.0,20.0,24.0,0.0,0.0,38.0,-0.10000000000000142,28.53333333333333,6.066,0.008999999999999453,6.119
2021,7/28,N104-中,123,4999,31.2,STR5,60.62,1,6.061999999999999,0.0,4.0,0.0,0.0,0.0,6.0,0.0,0.0,0.0,0.0,0.0,2.0,20.0,0.0,20.0,24.0,0.0,0.0,39.0,2.1999999999999993,29.766666666666666,5.765,-0.30100000000000016,6.119
2021,7/23-8/1,N104,124,5037,29.9,STR5,59.76,1,5.976,0.0,4.0,0.0,0.0,0.0,6.0,0.0,0.0,0.0,0.0,0.0,2.0,20.0,0.0,20.0,24.0,0.0,0.0,38.0,-1.3000000000000007,30.033333333333335,6.061999999999999,0.2969999999999997,6.119
2021,8/10,N105-中,125,5077,30.5,STR5,61.76,1,6.176,0.0,4.0,0.0,0.0,0.0,6.0,0.0,0.0,0.0,0.0,0.0,2.0,20.0,0.0,20.0,24.0,0.0,0.0,40.0,0.6000000000000014,30.533333333333335,5.976,-0.08599999999999941,6.119
2021,8/6-8/15,N105,126,5115,29.2,STR5,61.6,1,6.16,0.0,4.0,0.0,0.0,0.0,6.0,0.0,0.0,0.0,0.0,0.0,2.0,20.0,0.0,20.0,24.0,0.0,0.0,38.0,-1.3000000000000007,29.866666666666664,6.176,0.20000000000000018,6.176
2021,8/25,N106-中,127,5151,28.1,STR5,63.01,1,6.301,0.0,4.0,0.0,0.0,0.0,6.0,0.0,0.0,0.0,0.0,0.0,2.0,20.0,0.0,20.0,24.0,0.0,0.0,36.0,-1.0999999999999979,29.26666666666667,6.16,-0.016000000000000014,6.176
2021,8/20-8/29,N106,128,5193,27.5,STR5,62.74,1,6.274,0.0,4.0,0.0,0.0,0.0,6.0,0.0,0.0,0.0,0.0,0.0,2.0,20.0,0.0,20.0,24.0,0.0,0.0,42.0,-0.6000000000000014,28.26666666666667,6.301,0.14100000000000001,6.301
2021,9/8,N107-中,129,5237,24.1,STR5,62.92,1,6.292,0.0,4.0,0.0,0.0,0.0,6.0,0.0,0.0,0.0,0.0,0.0,2.0,20.0,0.0,20.0,24.0,0.0,0.0,44.0,-3.3999999999999986,26.566666666666666,6.274,-0.027000000000000135,6.301
2021,9/03-9/13,N107,130,5271,25.2,STR5,61.56,1,6.156000000000001,0.0,4.0,0.0,0.0,0.0,6.0,0.0,0.0,0.0,0.0,0.0,2.0,20.0,0.0,20.0,24.0,0.0,0.0,34.0,1.0999999999999979,25.600000000000005,6.292,0.017999999999999794,6.301
2021,9/22,N108-中,131,5314,22.2,STR5,63.72,1,6.372,0.0,4.0,0.0,0.0,0.0,6.0,0.0,0.0,0.0,0.0,0.0,2.0,20.0,0.0,20.0,24.0,0.0,0.0,43.0,-3.0,23.833333333333332,6.156000000000001,-0.13599999999999923,6.301
2021,9/17-9/26,N108,132,5349,22.5,STR5,61.26,1,6.1259999999999994,0.0,4.0,0.0,0.0,0.0,6.0,0.0,0.0,0.0,0.0,0.0,2.0,20.0,0.0,20.0,24.0,0.0,0.0,35.0,0.3000000000000007,23.3,6.372,0.2159999999999993,6.372
2021,10/13,N109-中,133,5387,16.3,STR5,60.13,1,6.013,0.0,4.0,0.0,0.0,0.0,6.0,0.0,0.0,0.0,0.0,0.0,2.0,20.0,0.0,20.0,24.0,0.0,0.0,38.0,-6.199999999999999,20.333333333333332,6.1259999999999994,-0.24600000000000044,6.372
2021,10/8-10/18,N109,134,5427,15.6,STR5,59.45,1,5.945,0.0,4.0,0.0,0.0,0.0,6.0,0.0,0.0,0.0,0.0,0.0,2.0,20.0,0.0,20.0,24.0,0.0,0.0,40.0,-0.7000000000000011,18.133333333333333,6.013,-0.11299999999999955,6.372
2021,10/27,N110-中,135,5469,15.5,STR5,61.44,1,6.144,0.0,4.0,0.0,0.0,0.0,6.0,0.0,0.0,0.0,0.0,0.0,2.0,20.0,0.0,20.0,24.0,0.0,0.0,42.0,-0.09999999999999964,15.800000000000002,5.945,-0.06799999999999962,6.372
2021,10/22-11/1,N110,136,5504,15.5,STR5,60.22,1,6.022,0.0,4.0,0.0,0.0,0.0,6.0,0.0,0.0,0.0,0.0,0.0,2.0,20.0,0.0,20.0,24.0,0.0,0.0,35.0,0.0,15.533333333333333,6.144,0.19899999999999984,6.372
2021,11/11,N111-中,137,5556,7.7,STR5,61.28,1,6.128,0.0,4.0,0.0,0.0,0.0,6.0,0.0,0.0,0.0,0.0,0.0,2.0,20.0,0.0,20.0,24.0,0.0,0.0,52.0,-7.8,12.9,6.022,-0.12199999999999989,6.372
2021,11/05-11/17,N111,138,5612,9.3,STR5,59.47,1,5.947,0.0,4.0,0.0,0.0,0.0,6.0,0.0,0.0,0.0,0.0,0.0,2.0,20.0,0.0,20.0,24.0,0.0,0.0,56.0,1.6000000000000005,10.833333333333334,6.128,0.10599999999999987,6.372
2021,11/25,N112-中,139,5669,5.5,STR5,60.98,1,6.098,0.0,4.0,0.0,0.0,0.0,6.0,0.0,0.0,0.0,0.0,0.0,2.0,20.0,0.0,20.0,24.0,0.0,0.0,57.0,-3.8000000000000007,7.500000000000001,5.947,-0.18100000000000005,6.372
2021,11/20-11/30,N112,140,5720,6.4,STR5,58.96,1,5.896,0.0,4.0,0.0,0.0,0.0,6.0,0.0,0.0,0.0,0.0,0.0,2.0,20.0,0.0,20.0,24.0,0.0,0.0,51.0,0.9000000000000004,7.066666666666667,6.098,0.1509999999999998,6.372
2021,12/9,N113-中,141,5778,7.2,STR5,54.51,1,5.451,0.0,4.0,0.0,0.0,0.0,6.0,0.0,0.0,0.0,0.0,0.0,2.0,20.0,0.0,20.0,24.0,0.0,0.0,58.0,0.7999999999999998,6.366666666666668,5.896,-0.20199999999999996,6.372
2021,12/4-12/14,N113,142,5828,5.4,STR5,61.72,1,6.172,0.0,4.0,0.0,0.0,0.0,6.0,0.0,0.0,0.0,0.0,0.0,2.0,20.0,0.0,20.0,24.0,0.0,0.0,50.0,-1.7999999999999998,6.333333333333335,5.451,-0.4450000000000003,6.372
2021,12/23,N114-中,143,5889,3.1,STR5,60.27,1,6.027,0.0,4.0,0.0,0.0,0.0,6.0,0.0,0.0,0.0,0.0,0.0,2.0,20.0,0.0,20.0,24.0,0.0,0.0,61.0,-2.3000000000000003,5.233333333333335,6.172,0.7210000000000001,6.372
2021,12/17-12/28,N114,144,5936,0.2,STR5,55.96,1,5.596,0.0,4.0,0.0,0.0,0.0,6.0,0.0,0.0,0.0,0.0,0.0,2.0,20.0,0.0,20.0,24.0,0.0,0.0,47.0,-2.9,2.900000000000001,6.027,-0.14499999999999957,6.372
2021,1/8,N115-中,145,5992,1.1,STR5,58.83,1,5.883,0.0,4.0,0.0,0.0,0.0,6.0,0.0,0.0,0.0,0.0,0.0,2.0,20.0,0.0,20.0,24.0,0.0,0.0,56.0,0.9000000000000001,1.466666666666668,5.596,-0.43100000000000005,6.372
2021,1/3-1/13,N115,146,6044,0.8,STR5,60.42,1,6.042,0.0,4.0,0.0,0.0,0.0,6.0,0.0,0.0,0.0,0.0,0.0,2.0,20.0,0.0,20.0,24.0,0.0,0.0,52.0,-0.30000000000000004,0.7000000000000012,5.883,0.2869999999999999,6.372
2016,11/30-12/10,N1,0,3,3.8,STR6,20.47,1,2.0469999999999997,0.0,4.0,0.0,0.0,0.0,0.0,0.0,10.0,0.0,0.0,0.0,2.0,38.0,0.0,20.0,0.0,0.0,0.0,0.0,0.0,3.8,,,
2016,12/13-12/24,N2,1,10,1.2,STR6,17.2,1,1.72,0.0,4.0,0.0,0.0,0.0,0.0,0.0,10.0,0.0,0.0,0.0,2.0,38.0,0.0,20.0,0.0,0.0,0.0,7.0,-2.5999999999999996,2.5,2.0469999999999997,,2.0469999999999997
2016,12/27-1/9,N3,2,30,0.9,STR6,20.58,1,2.058,0.0,4.0,0.0,0.0,0.0,0.0,0.0,10.0,0.0,0.0,0.0,2.0,38.0,0.0,20.0,0.0,0.0,0.0,20.0,-0.29999999999999993,1.9666666666666666,1.72,-0.32699999999999974,2.0469999999999997
2017,1/12-2/23,N4,3,48,3.6,STR6,16.22,1,1.6219999999999999,0.0,4.0,0.0,0.0,0.0,0.0,0.0,10.0,0.0,0.0,0.0,2.0,38.0,0.0,20.0,0.0,0.0,0.0,18.0,2.7,1.9000000000000001,2.058,0.33799999999999986,2.058
2017,2/26-3/10,N5,4,67,11.4,STR6,,0,,0.0,4.0,0.0,0.0,0.0,0.0,0.0,10.0,0.0,0.0,0.0,2.0,38.0,0.0,20.0,0.0,0.0,0.0,19.0,7.800000000000001,5.3,1.6219999999999999,-0.43599999999999994,2.058
2017,3/13-3/23,N6,5,85,13.9,STR6,16.31,1,1.6309999999999998,0.0,4.0,0.0,0.0,0.0,0.0,0.0,10.0,0.0,0.0,0.0,2.0,38.0,0.0,20.0,0.0,0.0,0.0,18.0,2.5,9.633333333333333,1.6219999999999999,-0.43599999999999994,2.058
2017,3/26-4/6,N7,6,104,19.1,STR6,19.63,1,1.9629999999999999,0.0,4.0,0.0,0.0,0.0,0.0,0.0,10.0,0.0,0.0,0.0,2.0,38.0,0.0,20.0,0.0,0.0,0.0,19.0,5.200000000000001,14.799999999999999,1.6309999999999998,0.008999999999999897,2.058
2017,4/9-4/13,N8,7,108,21.1,STR6,23.14,1,2.314,0.0,4.0,0.0,0.0,0.0,0.0,0.0,10.0,0.0,0.0,0.0,2.0,38.0,0.0,20.0,0.0,0.0,0.0,4.0,2.0,18.033333333333335,1.9629999999999999,0.3320000000000001,2.058
2017,4/17-4-21,N9,8,109,21.7,STR6,23.43,1,2.343,0.0,4.0,0.0,0.0,0.0,0.0,0.0,10.0,0.0,0.0,0.0,2.0,38.0,0.0,20.0,0.0,0.0,0.0,1.0,0.5999999999999979,20.633333333333336,2.314,0.3510000000000002,2.314
2017,4/24-5/4,N10,9,129,27.0,STR6,23.73,1,2.373,0.0,4.0,0.0,0.0,0.0,0.0,0.0,10.0,0.0,0.0,0.0,2.0,38.0,0.0,20.0,0.0,0.0,0.0,20.0,5.300000000000001,23.266666666666666,2.343,0.028999999999999915,2.343
2017,5/7-5-17,N11,10,149,30.1,STR6,23.14,1,2.314,0.0,4.0,0.0,0.0,0.0,0.0,0.0,10.0,0.0,0.0,0.0,2.0,38.0,0.0,20.0,0.0,0.0,0.0,20.0,3.1000000000000014,26.266666666666666,2.373,0.03000000000000025,2.373
2017,5/20-5/30,N12,11,168,30.2,STR6,29.17,1,2.9170000000000003,0.0,4.0,0.0,0.0,0.0,0.0,0.0,10.0,0.0,0.0,0.0,2.0,38.0,0.0,20.0,0.0,0.0,0.0,19.0,0.09999999999999787,29.099999999999998,2.314,-0.05900000000000016,2.373
2017,6/2-6/12,N13,12,188,29.6,STR6,30.67,1,3.067,0.0,4.0,0.0,0.0,0.0,0.0,0.0,10.0,0.0,0.0,0.0,2.0,38.0,0.0,20.0,0.0,0.0,0.0,20.0,-0.5999999999999979,29.96666666666667,2.9170000000000003,0.6030000000000002,2.9170000000000003
2017,6/16-6/26,N14,13,206,30.1,STR6,31.45,1,3.145,0.0,4.0,0.0,0.0,0.0,0.0,0.0,10.0,0.0,0.0,0.0,2.0,38.0,0.0,20.0,0.0,0.0,0.0,18.0,0.5,29.96666666666667,3.067,0.1499999999999999,3.067
2017,6/29-7/10,N15,14,224,28.6,STR6,33.95,1,3.3950000000000005,0.0,4.0,0.0,0.0,0.0,0.0,0.0,10.0,0.0,0.0,0.0,2.0,38.0,0.0,20.0,0.0,0.0,0.0,18.0,-1.5,29.433333333333337,3.145,0.07799999999999985,3.145
2017,7/13-7/23,N16-17,15,230,31.4,STR6,35.25,1,3.525,0.0,4.0,0.0,0.0,0.0,0.0,0.0,10.0,0.0,0.0,0.0,2.0,38.0,0.0,20.0,0.0,0.0,0.0,6.0,2.799999999999997,30.03333333333333,3.3950000000000005,0.25000000000000044,3.3950000000000005
2017,7/27-8/7,N18,16,250,32.1,STR6,34.43,1,3.443,0.0,4.0,0.0,0.0,0.0,0.0,0.0,10.0,0.0,0.0,0.0,2.0,38.0,0.0,20.0,0.0,0.0,0.0,20.0,0.7000000000000028,30.7,3.525,0.12999999999999945,3.525
2017,8/10-8/21,N19,17,268,28.6,STR6,35.24,1,3.524,0.0,4.0,0.0,0.0,0.0,0.0,0.0,10.0,0.0,0.0,0.0,2.0,38.0,0.0,20.0,0.0,0.0,0.0,18.0,-3.5,30.7,3.443,-0.08199999999999985,3.525
2017,8/25-9/4,N20,18,286,26.3,STR6,47.03,1,4.703,0.0,4.0,0.0,0.0,0.0,0.0,0.0,10.0,0.0,0.0,0.0,2.0,38.0,0.0,20.0,0.0,0.0,0.0,18.0,-2.3000000000000007,29.0,3.524,0.08099999999999996,3.525
2017,9/8-9/18,N21,19,305,28.2,STR6,44.05,1,4.404999999999999,0.0,4.0,0.0,0.0,0.0,0.0,0.0,10.0,0.0,0.0,0.0,2.0,38.0,0.0,20.0,0.0,0.0,0.0,19.0,1.8999999999999986,27.7,4.703,1.1790000000000003,4.703
2017,9/21-10/9,N22,20,323,22.9,STR6,37.17,1,3.717,0.0,4.0,0.0,0.0,0.0,0.0,0.0,10.0,0.0,0.0,0.0,2.0,38.0,0.0,20.0,0.0,0.0,0.0,18.0,-5.300000000000001,25.8,4.404999999999999,-0.29800000000000093,4.703
2017,10/13-10/25,N23,21,346,14.9,STR6,39.72,1,3.972,0.0,4.0,0.0,0.0,0.0,0.0,0.0,10.0,0.0,0.0,0.0,2.0,38.0,0.0,20.0,0.0,0.0,0.0,23.0,-7.999999999999998,22.0,3.717,-0.6879999999999993,4.703
2017,11/1-11/12,N24-25,22,352,11.1,STR6,47.39,1,4.739,0.0,4.0,0.0,0.0,0.0,0.0,0.0,10.0,0.0,0.0,0.0,2.0,38.0,0.0,20.0,0.0,0.0,0.0,6.0,-3.8000000000000007,16.3,3.972,0.2549999999999999,4.703
2017,11/15-11/26,N26,23,371,3.8,STR6,44.58,1,4.458,0.0,4.0,0.0,0.0,0.0,0.0,0.0,10.0,0.0,0.0,0.0,2.0,38.0,0.0,20.0,0.0,0.0,0.0,19.0,-7.3,9.933333333333334,4.739,0.7669999999999999,4.739
2017,12/9-12/21,N27,24,391,0.0,STR6,51.45,1,5.1450000000000005,0.0,4.0,0.0,0.0,0.0,0.0,0.0,10.0,0.0,0.0,0.0,2.0,38.0,0.0,20.0,0.0,0.0,0.0,20.0,-3.8,4.966666666666666,4.458,-0.2809999999999997,4.739
2017,12/23-1/3,N28,25,410,0.2,STR6,49.88,1,4.988,0.0,4.0,0.0,0.0,0.0,0.0,0.0,10.0,0.0,0.0,0.0,2.0,38.0,0.0,20.0,0.0,0.0,0.0,19.0,0.2,1.3333333333333333,5.1450000000000005,0.6870000000000003,5.1450000000000005
2018,1/7-1/18,N29-30,26,415,-1.0,STR6,50.28,1,5.0280000000000005,0.0,4.0,0.0,0.0,0.0,0.0,0.0,10.0,0.0,0.0,0.0,2.0,38.0,0.0,20.0,0.0,0.0,0.0,5.0,-1.2,-0.26666666666666666,4.988,-0.15700000000000003,5.1450000000000005
2018,1/20-1/30,N31,27,434,-2.2,STR6,50.8,1,5.08,0.0,4.0,0.0,0.0,0.0,0.0,0.0,10.0,0.0,0.0,0.0,2.0,38.0,0.0,20.0,0.0,0.0,0.0,19.0,-1.2000000000000002,-1.0,5.0280000000000005,0.040000000000000036,5.1450000000000005
2018,3/9-3/21,N32,28,454,8.3,STR6,44.38,1,4.438000000000001,0.0,4.0,0.0,0.0,0.0,0.0,0.0,10.0,0.0,0.0,0.0,2.0,38.0,0.0,20.0,0.0,0.0,0.0,20.0,10.5,1.7000000000000002,5.08,0.0519999999999996,5.1450000000000005
2018,3/25-4/7,N33,29,473,15.7,STR6,31.48,1,3.148,0.0,4.0,0.0,0.0,0.0,0.0,0.0,10.0,0.0,0.0,0.0,2.0,38.0,0.0,20.0,0.0,0.0,0.0,19.0,7.399999999999999,7.266666666666667,4.438000000000001,-0.6419999999999995,5.1450000000000005
2018,4/10-4/21,N34,30,492,19.4,STR6,45.92,1,4.5920000000000005,0.0,4.0,0.0,0.0,0.0,0.0,0.0,10.0,0.0,0.0,0.0,2.0,38.0,0.0,20.0,0.0,0.0,0.0,19.0,3.6999999999999993,14.466666666666667,3.148,-1.2900000000000005,5.1450000000000005
2018,4/26-5/7,N35-36,31,498,23.7,STR6,51.02,1,5.102,0.0,4.0,0.0,0.0,0.0,0.0,0.0,10.0,0.0,0.0,0.0,2.0,38.0,0.0,20.0,0.0,0.0,0.0,6.0,4.300000000000001,19.599999999999998,4.5920000000000005,1.4440000000000004,5.1450000000000005
2018,5/10-5/21,N37,32,517,24.1,STR6,51.63,1,5.163,0.0,4.0,0.0,0.0,0.0,0.0,0.0,10.0,0.0,0.0,0.0,2.0,38.0,0.0,20.0,0.0,0.0,0.0,19.0,0.40000000000000213,22.400000000000002,5.102,0.5099999999999998,5.1450000000000005
2018,5/24-6/4,N38,33,536,29.7,STR6,40.85,1,4.085,0.0,4.0,0.0,0.0,0.0,0.0,0.0,10.0,0.0,0.0,0.0,2.0,38.0,0.0,20.0,0.0,0.0,0.0,19.0,5.599999999999998,25.833333333333332,5.163,0.06099999999999994,5.163
2018,6/7-6/19,N39,34,556,26.6,STR6,42.63,1,4.263,0.0,4.0,0.0,0.0,0.0,0.0,0.0,10.0,0.0,0.0,0.0,2.0,38.0,0.0,20.0,0.0,0.0,0.0,20.0,-3.099999999999998,26.8,4.085,-1.0780000000000003,5.163
2018,6/22-7/2,N40,35,574,32.8,STR6,37.27,1,3.7270000000000003,0.0,4.0,0.0,0.0,0.0,0.0,0.0,10.0,0.0,0.0,0.0,2.0,38.0,0.0,20.0,0.0,0.0,0.0,18.0,6.199999999999996,29.7,4.263,0.17799999999999994,5.163
2018,7/5-7/17,N41,36,593,28.3,STR6,45.27,1,4.527,0.0,4.0,0.0,0.0,0.0,0.0,0.0,10.0,0.0,0.0,0.0,2.0,38.0,0.0,20.0,0.0,0.0,0.0,19.0,-4.4999999999999964,29.233333333333334,3.7270000000000003,-0.5359999999999996,5.163
2018,7/22-7/31,N42,37,612,32.7,STR6,49.05,1,4.904999999999999,0.0,4.0,0.0,0.0,0.0,0.0,0.0,10.0,0.0,0.0,0.0,2.0,38.0,0.0,20.0,0.0,0.0,0.0,19.0,4.400000000000002,31.26666666666667,4.527,0.7999999999999998,5.163
2018,8/3-8/14,N43-44,38,618,30.5,STR6,46.82,1,4.682,0.0,4.0,0.0,0.0,0.0,0.0,0.0,10.0,0.0,0.0,0.0,2.0,38.0,0.0,20.0,0.0,0.0,0.0,6.0,-2.200000000000003,30.5,4.904999999999999,0.3779999999999992,5.163
2018,8/17-8/30,N45,39,636,29.6,STR6,48.12,1,4.811999999999999,0.0,4.0,0.0,0.0,0.0,0.0,0.0,10.0,0.0,0.0,0.0,2.0,38.0,0.0,20.0,0.0,0.0,0.0,18.0,-0.8999999999999986,30.933333333333337,4.682,-0.22299999999999898,5.163
2018,9/2-9/12,N46,40,655,26.9,STR6,46.51,1,4.651,0.0,4.0,0.0,0.0,0.0,0.0,0.0,10.0,0.0,0.0,0.0,2.0,38.0,0.0,20.0,0.0,0.0,0.0,19.0,-2.700000000000003,29.0,4.811999999999999,0.129999999999999,5.163
2018,9/15-9/25,N47,41,675,22.8,STR6,45.65,1,4.5649999999999995,0.0,4.0,0.0,0.0,0.0,0.0,0.0,10.0,0.0,0.0,0.0,2.0,38.0,0.0,20.0,0.0,0.0,0.0,20.0,-4.099999999999998,26.433333333333337,4.651,-0.1609999999999996,5.163
2018,10/4-10/15,N48,42,694,17.4,STR6,46.35,1,4.635,0.0,4.0,0.0,0.0,0.0,0.0,0.0,10.0,0.0,0.0,0.0,2.0,38.0,0.0,20.0,0.0,0.0,0.0,19.0,-5.400000000000002,22.36666666666667,4.5649999999999995,-0.0860000000000003,5.163
2018,10/17-10/28,N49,43,714,14.8,STR6,44.72,1,4.4719999999999995,0.0,4.0,0.0,0.0,0.0,0.0,0.0,10.0,0.0,0.0,0.0,2.0,38.0,0.0,20.0,0.0,0.0,0.0,20.0,-2.599999999999998,18.333333333333336,4.635,0.07000000000000028,5.163
2018,11/2-11/16,N50-51,44,719,9.8,STR6,45.33,1,4.5329999999999995,0.0,4.0,0.0,0.0,0.0,0.0,0.0,10.0,0.0,0.0,0.0,2.0,38.0,0.0,20.0,0.0,0.0,0.0,5.0,-5.0,14.0,4.4719999999999995,-0.16300000000000026,5.163
2018,11/20-12/1,N52,45,738,6.5,STR6,35.82,1,3.582,0.0,4.0,0.0,0.0,0.0,0.0,0.0,10.0,0.0,0.0,0.0,2.0,38.0,0.0,20.0,0.0,0.0,0.0,19.0,-3.3000000000000007,10.366666666666669,4.5329999999999995,0.06099999999999994,5.163
2018,12/4-12/17,N53,46,757,-1.1,STR6,43.52,1,4.352,0.0,4.0,0.0,0.0,0.0,0.0,0.0,10.0,0.0,0.0,0.0,2.0,38.0,0.0,20.0,0.0,0.0,0.0,19.0,-7.6,5.066666666666669,3.582,-0.9509999999999996,5.163
2018,12/30-2019/1/14,N54,47,834,-0.2,STR6,44.03,1,4.4030000000000005,0.0,4.0,0.0,0.0,0.0,0.0,0.0,10.0,0.0,0.0,0.0,2.0,38.0,0.0,20.0,0.0,0.0,0.0,77.0,0.9000000000000001,1.7333333333333358,4.352,0.7700000000000005,5.163
2019,1/18-1/28,N55,48,912,4.0,STR6,47.96,1,4.796,0.0,4.0,0.0,0.0,0.0,0.0,0.0,10.0,0.0,0.0,0.0,2.0,38.0,0.0,20.0,0.0,0.0,0.0,78.0,4.2,0.9000000000000022,4.4030000000000005,0.051000000000000156,5.163
2019,3/1-3/20,N56,49,1013,14.2,STR6,43.33,1,4.333,0.0,4.0,0.0,0.0,0.0,0.0,0.0,10.0,0.0,0.0,0.0,2.0,38.0,0.0,20.0,0.0,0.0,0.0,101.0,10.2,6.000000000000003,4.796,0.3929999999999998,5.163
2019,3/24-4/4,N57,50,1114,14.5,STR6,45.93,1,4.593,0.0,4.0,0.0,0.0,0.0,0.0,0.0,10.0,0.0,0.0,0.0,2.0,38.0,0.0,20.0,0.0,0.0,0.0,101.0,0.3000000000000007,10.9,4.333,-0.4630000000000001,5.163
2019,4/10-4/20,N58,51,1215,18.9,STR6,45.99,1,4.599,0.0,4.0,0.0,0.0,0.0,0.0,0.0,10.0,0.0,0.0,0.0,2.0,38.0,0.0,20.0,0.0,0.0,0.0,101.0,4.399999999999999,15.866666666666669,4.593,0.2599999999999998,5.163
2019,4/25-5/5,N59,52,1317,20.3,STR6,45.25,1,4.525,0.0,4.0,0.0,0.0,0.0,0.0,0.0,10.0,0.0,0.0,0.0,2.0,38.0,0.0,20.0,0.0,0.0,0.0,102.0,1.4000000000000021,17.900000000000002,4.599,0.006000000000000227,5.163
2019,5/9-5/21,N60,53,1376,25.0,STR6,48.76,1,4.8759999999999994,0.0,4.0,0.0,0.0,0.0,0.0,0.0,10.0,0.0,0.0,0.0,2.0,38.0,0.0,20.0,0.0,0.0,0.0,59.0,4.699999999999999,21.400000000000002,4.525,-0.07399999999999984,5.163
2019,5/27-6/5,N61,54,1441,27.8,STR6,47.94,1,4.794,0.0,4.0,0.0,0.0,0.0,0.0,0.0,10.0,0.0,0.0,0.0,2.0,38.0,0.0,20.0,0.0,0.0,0.0,65.0,2.8000000000000007,24.36666666666667,4.8759999999999994,0.3509999999999991,5.163
2019,6/12-6/22,N62,55,1508,29.3,STR6,50.0,1,5.0,0.0,4.0,0.0,0.0,0.0,0.0,0.0,10.0,0.0,0.0,0.0,2.0,38.0,0.0,20.0,0.0,0.0,0.0,67.0,1.5,27.36666666666667,4.794,-0.08199999999999985,5.163
2019,6/27-7/7,N63,56,1566,29.8,STR6,52.88,1,5.288,0.0,4.0,0.0,0.0,0.0,0.0,0.0,10.0,0.0,0.0,0.0,2.0,38.0,0.0,20.0,0.0,0.0,0.0,58.0,0.5,28.96666666666667,5.0,0.2060000000000004,5.163
2019,7/11-7/21,N64,57,1637,30.7,STR6,51.74,1,5.174,0.0,4.0,0.0,0.0,0.0,0.0,0.0,10.0,0.0,0.0,0.0,2.0,38.0,0.0,20.0,0.0,0.0,0.0,71.0,0.8999999999999986,29.933333333333337,5.288,0.28800000000000026,5.288
2019,7/25-8/4,N65,58,1706,31.2,STR6,57.62,1,5.762,0.0,4.0,0.0,0.0,0.0,0.0,0.0,10.0,0.0,0.0,0.0,2.0,38.0,0.0,20.0,0.0,0.0,0.0,69.0,0.5,30.566666666666666,5.174,-0.11399999999999988,5.288
2019,8/9-8/19,N66,59,1777,29.1,STR6,59.42,1,5.942,0.0,4.0,0.0,0.0,0.0,0.0,0.0,10.0,0.0,0.0,0.0,2.0,38.0,0.0,20.0,0.0,0.0,0.0,71.0,-2.099999999999998,30.33333333333334,5.762,0.5879999999999992,5.762
2019,8/24-9/5,N67,60,1847,29.4,STR6,56.66,1,5.6659999999999995,0.0,4.0,0.0,0.0,0.0,0.0,0.0,10.0,0.0,0.0,0.0,2.0,38.0,0.0,20.0,0.0,0.0,0.0,70.0,0.29999999999999716,29.900000000000002,5.942,0.1800000000000006,5.942
2019,9/10-9/20,N68,61,1915,24.1,STR6,57.06,1,5.706,0.0,4.0,0.0,0.0,0.0,0.0,0.0,10.0,0.0,0.0,0.0,2.0,38.0,0.0,20.0,0.0,0.0,0.0,68.0,-5.299999999999997,27.533333333333335,5.6659999999999995,-0.2760000000000007,5.942
2019,9/25-10/13,N69,62,1981,21.8,STR6,51.81,1,5.181,0.0,4.0,0.0,0.0,0.0,0.0,0.0,10.0,0.0,0.0,0.0,2.0,38.0,0.0,20.0,0.0,0.0,0.0,66.0,-2.3000000000000007,25.100000000000005,5.706,0.040000000000000924,5.942
2019,10/18-10/28,N70,63,2048,15.4,STR6,54.38,1,5.438000000000001,0.0,4.0,0.0,0.0,0.0,0.0,0.0,10.0,0.0,0.0,0.0,2.0,38.0,0.0,20.0,0.0,0.0,0.0,67.0,-6.4,20.433333333333334,5.181,-0.5250000000000004,5.942
2019,11/3-11/14,N71,64,2116,12.1,STR6,44.89,1,4.489,0.0,4.0,0.0,0.0,0.0,0.0,0.0,10.0,0.0,0.0,0.0,2.0,38.0,0.0,20.0,0.0,0.0,0.0,68.0,-3.3000000000000007,16.433333333333334,5.438000000000001,0.25700000000000056,5.942
2019,11/20-12/1,N72,65,2184,3.8,STR6,47.06,1,4.706,0.0,4.0,0.0,0.0,0.0,0.0,0.0,10.0,0.0,0.0,0.0,2.0,38.0,0.0,20.0,0.0,0.0,0.0,68.0,-8.3,10.433333333333335,4.489,-0.9490000000000007,5.942
2019,12/5-12/21,N73,66,2290,0.8,STR6,49.47,1,4.947,0.0,4.0,0.0,0.0,0.0,0.0,0.0,10.0,0.0,0.0,0.0,2.0,38.0,0.0,20.0,0.0,0.0,0.0,106.0,-3.0,5.566666666666669,4.706,0.21700000000000053,5.942
2019,12/26-1/5,N74,67,2396,0.1,STR6,48.81,1,4.881,0.0,4.0,0.0,0.0,0.0,0.0,0.0,10.0,0.0,0.0,0.0,2.0,38.0,0.0,20.0,0.0,0.0,0.0,106.0,-0.7000000000000001,1.566666666666669,4.947,0.24099999999999966,5.942
2020,3/19-3/31,N75,68,2501,14.9,STR6,50.31,1,5.031000000000001,0.0,4.0,0.0,0.0,0.0,0.0,0.0,10.0,0.0,0.0,0.0,2.0,38.0,0.0,20.0,0.0,0.0,0.0,105.0,14.8,5.266666666666669,4.881,-0.06599999999999984,5.942
2020,4/4-4/15,N76,69,2605,18.0,STR6,51.96,1,5.196,0.0,4.0,0.0,0.0,0.0,0.0,0.0,10.0,0.0,0.0,0.0,2.0,38.0,0.0,20.0,0.0,0.0,0.0,104.0,3.0999999999999996,11.000000000000002,5.031000000000001,0.15000000000000036,5.942
2020,4/19-4/28,N77,70,2708,18.3,STR6,55.02,1,5.502000000000001,0.0,4.0,0.0,0.0,0.0,0.0,0.0,10.0,0.0,0.0,0.0,2.0,38.0,0.0,20.0,0.0,0.0,0.0,103.0,0.3000000000000007,17.066666666666666,5.196,0.16499999999999915,5.942
2020,5/7,N78-中,71,2757,23.2,STR6,51.7,1,5.17,0.0,4.0,0.0,0.0,0.0,0.0,0.0,10.0,0.0,0.0,0.0,2.0,38.0,0.0,20.0,0.0,0.0,0.0,49.0,4.899999999999999,19.833333333333336,5.502000000000001,0.30600000000000094,5.942
2020,5/1-5/10,N78,72,2783,18.6,STR6,52.56,1,5.256,0.0,4.0,0.0,0.0,0.0,0.0,0.0,10.0,0.0,0.0,0.0,2.0,38.0,0.0,20.0,0.0,0.0,0.0,26.0,-4.599999999999998,20.033333333333335,5.17,-0.33200000000000074,5.942
2020,5/19,N79-中,73,2824,22.1,STR6,54.59,1,5.4590000000000005,0.0,4.0,0.0,0.0,0.0,0.0,0.0,10.0,0.0,0.0,0.0,2.0,38.0,0.0,20.0,0.0,0.0,0.0,41.0,3.5,21.300000000000004,5.256,0.0860000000000003,5.942
2020,5/14-5/23,N79,74,2857,24.5,STR6,53.96,1,5.396,0.0,4.0,0.0,0.0,0.0,0.0,0.0,10.0,0.0,0.0,0.0,2.0,38.0,0.0,20.0,0.0,0.0,0.0,33.0,2.3999999999999986,21.733333333333338,5.4590000000000005,0.2030000000000003,5.942
2020,6/2,N80-中,75,2900,27.0,STR6,56.99,1,5.699,0.0,4.0,0.0,0.0,0.0,0.0,0.0,10.0,0.0,0.0,0.0,2.0,38.0,0.0,20.0,0.0,0.0,0.0,43.0,2.5,24.533333333333335,5.396,-0.06300000000000061,5.942
2020,5/27-6/6,N80,76,2931,29.7,STR6,57.46,1,5.746,0.0,4.0,0.0,0.0,0.0,0.0,0.0,10.0,0.0,0.0,0.0,2.0,38.0,0.0,20.0,0.0,0.0,0.0,31.0,2.6999999999999993,27.066666666666666,5.699,0.30299999999999994,5.942
2020,6/17,N81-中,77,2987,31.7,STR6,55.19,1,5.519,0.0,4.0,0.0,0.0,0.0,0.0,0.0,10.0,0.0,0.0,0.0,2.0,38.0,0.0,20.0,0.0,0.0,0.0,56.0,2.0,29.46666666666667,5.746,0.0470000000000006,5.942
2020,6/10-6/19,N81,78,3006,29.0,STR6,58.44,1,5.843999999999999,0.0,4.0,0.0,0.0,0.0,0.0,0.0,10.0,0.0,0.0,0.0,2.0,38.0,0.0,20.0,0.0,0.0,0.0,19.0,-2.6999999999999993,30.133333333333336,5.519,-0.2270000000000003,5.942
2020,6/29,N82-中,79,3040,28.5,STR6,56.33,1,5.633,0.0,4.0,0.0,0.0,0.0,0.0,0.0,10.0,0.0,0.0,0.0,2.0,38.0,0.0,20.0,0.0,0.0,0.0,34.0,-0.5,29.733333333333334,5.843999999999999,0.3249999999999993,5.942
2020,6/25-7/5,N82,80,3081,28.9,STR6,53.65,1,5.365,0.0,4.0,0.0,0.0,0.0,0.0,0.0,10.0,0.0,0.0,0.0,2.0,38.0,0.0,20.0,0.0,0.0,0.0,41.0,0.3999999999999986,28.8,5.633,-0.2109999999999994,5.942
2020,7/15,N83-中,81,3128,26.7,STR6,57.79,1,5.779,0.0,4.0,0.0,0.0,0.0,0.0,0.0,10.0,0.0,0.0,0.0,2.0,38.0,0.0,20.0,0.0,0.0,0.0,47.0,-2.1999999999999993,28.033333333333335,5.365,-0.2679999999999998,5.942
2020,7/9-7/19,N83,82,3157,30.0,STR6,57.29,1,5.729,0.0,4.0,0.0,0.0,0.0,0.0,0.0,10.0,0.0,0.0,0.0,2.0,38.0,0.0,20.0,0.0,0.0,0.0,29.0,3.3000000000000007,28.533333333333335,5.779,0.4139999999999997,5.942
2020,8/8,N84-中,83,3212,30.6,STR6,54.61,1,5.461,0.0,4.0,0.0,0.0,0.0,0.0,0.0,10.0,0.0,0.0,0.0,2.0,38.0,0.0,20.0,0.0,0.0,0.0,55.0,0.6000000000000014,29.100000000000005,5.729,-0.04999999999999982,5.942
2020,7/24-8/11,N84,84,3233,30.8,STR6,59.48,1,5.9479999999999995,0.0,4.0,0.0,0.0,0.0,0.0,0.0,10.0,0.0,0.0,0.0,2.0,38.0,0.0,20.0,0.0,0.0,0.0,21.0,0.1999999999999993,30.46666666666667,5.461,-0.2679999999999998,5.942
2020,8/21,N85-中,85,3275,25.8,STR6,56.49,1,5.649,0.0,4.0,0.0,0.0,0.0,0.0,0.0,10.0,0.0,0.0,0.0,2.0,38.0,0.0,20.0,0.0,0.0,0.0,42.0,-5.0,29.066666666666666,5.9479999999999995,0.4869999999999992,5.9479999999999995
2020,8/15-8/25,N85,86,3308,26.9,STR6,56.18,1,5.618,0.0,4.0,0.0,0.0,0.0,0.0,0.0,10.0,0.0,0.0,0.0,2.0,38.0,0.0,20.0,0.0,0.0,0.0,33.0,1.0999999999999979,27.83333333333334,5.649,-0.2989999999999995,5.9479999999999995
2020,9/2,N86-中,87,3344,27.3,STR6,57.9,1,5.79,0.0,4.0,0.0,0.0,0.0,0.0,0.0,10.0,0.0,0.0,0.0,2.0,38.0,0.0,20.0,0.0,0.0,0.0,36.0,0.40000000000000213,26.666666666666668,5.618,-0.030999999999999694,5.9479999999999995
2020,8/29-9/7,N86,88,3383,27.5,STR6,55.81,1,5.581,0.0,4.0,0.0,0.0,0.0,0.0,0.0,10.0,0.0,0.0,0.0,2.0,38.0,0.0,20.0,0.0,0.0,0.0,39.0,0.1999999999999993,27.233333333333338,5.79,0.1719999999999997,5.9479999999999995
2020,9/20,N87-中,89,3432,23.8,STR6,56.65,1,5.665,0.0,4.0,0.0,0.0,0.0,0.0,0.0,10.0,0.0,0.0,0.0,2.0,38.0,0.0,20.0,0.0,0.0,0.0,49.0,-3.6999999999999993,26.200000000000003,5.581,-0.20899999999999963,5.9479999999999995
2020,9/14-9/23,N87,90,3458,23.7,STR6,55.16,1,5.516,0.0,4.0,0.0,0.0,0.0,0.0,0.0,10.0,0.0,0.0,0.0,2.0,38.0,0.0,20.0,0.0,0.0,0.0,26.0,-0.10000000000000142,25.0,5.665,0.08399999999999963,5.9479999999999995
2020,10/12,N88-中,91,3495,18.4,STR6,54.04,1,5.404,0.0,4.0,0.0,0.0,0.0,0.0,0.0,10.0,0.0,0.0,0.0,2.0,38.0,0.0,20.0,0.0,0.0,0.0,37.0,-5.300000000000001,21.96666666666667,5.516,-0.14900000000000002,5.9479999999999995
2020,9/28-10/17,N88,92,3533,17.7,STR6,54.86,1,5.486,0.0,4.0,0.0,0.0,0.0,0.0,0.0,10.0,0.0,0.0,0.0,2.0,38.0,0.0,20.0,0.0,0.0,0.0,38.0,-0.6999999999999993,19.933333333333337,5.404,-0.1120000000000001,5.9479999999999995
2020,10/26,N89-中,93,3577,15.1,STR6,55.19,1,5.519,0.0,4.0,0.0,0.0,0.0,0.0,0.0,10.0,0.0,0.0,0.0,2.0,38.0,0.0,20.0,0.0,0.0,0.0,44.0,-2.5999999999999996,17.066666666666666,5.486,0.08199999999999985,5.9479999999999995
2020,10/21-10/30,N89,94,3607,15.3,STR6,60.21,1,6.021,0.0,4.0,0.0,0.0,0.0,0.0,0.0,10.0,0.0,0.0,0.0,2.0,38.0,0.0,20.0,0.0,0.0,0.0,30.0,0.20000000000000107,16.033333333333335,5.519,0.03300000000000036,5.9479999999999995
2020,11/13,N90-中,95,3658,13.4,STR6,58.61,1,5.861,0.0,4.0,0.0,0.0,0.0,0.0,0.0,10.0,0.0,0.0,0.0,2.0,38.0,0.0,20.0,0.0,0.0,0.0,51.0,-1.9000000000000004,14.600000000000003,6.021,0.5019999999999998,6.021
2020,11/8-11/19,N90,96,3714,12.2,STR6,58.07,1,5.807,0.0,4.0,0.0,0.0,0.0,0.0,0.0,10.0,0.0,0.0,0.0,2.0,38.0,0.0,20.0,0.0,0.0,0.0,56.0,-1.200000000000001,13.633333333333335,5.861,-0.16000000000000014,6.021
2020,11/29,N91-中,97,3768,3.5,STR6,58.06,1,5.806,0.0,4.0,0.0,0.0,0.0,0.0,0.0,10.0,0.0,0.0,0.0,2.0,38.0,0.0,20.0,0.0,0.0,0.0,54.0,-8.7,9.700000000000003,5.807,-0.05399999999999938,6.021
2020,11/24-12/5,N91,98,3822,2.3,STR6,60.57,1,6.057,0.0,4.0,0.0,0.0,0.0,0.0,0.0,10.0,0.0,0.0,0.0,2.0,38.0,0.0,20.0,0.0,0.0,0.0,54.0,-1.2000000000000002,6.000000000000003,5.806,-0.001000000000000334,6.021
2020,12/25,N92-中,99,3875,-0.4,STR6,59.96,1,5.996,0.0,4.0,0.0,0.0,0.0,0.0,0.0,10.0,0.0,0.0,0.0,2.0,38.0,0.0,20.0,0.0,0.0,0.0,53.0,-2.6999999999999997,1.8000000000000023,6.057,0.25100000000000033,6.057
2020,12/10-12/22,N92,100,3929,-0.2,STR6,59.01,1,5.901,0.0,4.0,0.0,0.0,0.0,0.0,0.0,10.0,0.0,0.0,0.0,2.0,38.0,0.0,20.0,0.0,0.0,0.0,54.0,0.2,0.566666666666669,5.996,-0.06099999999999994,6.057
2020,12/31,N93-中,101,3980,-3.0,STR6,57.83,1,5.7829999999999995,0.0,4.0,0.0,0.0,0.0,0.0,0.0,10.0,0.0,0.0,0.0,2.0,38.0,0.0,20.0,0.0,0.0,0.0,51.0,-2.8,-1.1999999999999977,5.901,-0.09500000000000064,6.057
2020,12/26-1/6,N93,102,4037,-3.8,STR6,57.72,1,5.772,0.0,4.0,0.0,0.0,0.0,0.0,0.0,10.0,0.0,0.0,0.0,2.0,38.0,0.0,20.0,0.0,0.0,0.0,57.0,-0.7999999999999998,-2.333333333333331,5.7829999999999995,-0.11800000000000033,6.057
2021,1/15,N94-中,103,4090,1.4,STR6,57.18,1,5.718,0.0,4.0,0.0,0.0,0.0,0.0,0.0,10.0,0.0,0.0,0.0,2.0,38.0,0.0,20.0,0.0,0.0,0.0,53.0,5.199999999999999,-1.7999999999999978,5.772,-0.010999999999999233,6.057
2021,1/10-1/21,N94,104,4144,0.2,STR6,61.35,1,6.135,0.0,4.0,0.0,0.0,0.0,0.0,0.0,10.0,0.0,0.0,0.0,2.0,38.0,0.0,20.0,0.0,0.0,0.0,54.0,-1.2,-0.7333333333333308,5.718,-0.05400000000000027,6.057
2021,3/24,N95-中,105,4204,11.9,STR6,58.97,1,5.897,0.0,4.0,0.0,0.0,0.0,0.0,0.0,10.0,0.0,0.0,0.0,2.0,38.0,0.0,20.0,0.0,0.0,0.0,60.0,11.700000000000001,4.500000000000003,6.135,0.4169999999999998,6.135
2021,3/18-3/29,N95,106,4252,14.2,STR6,60.64,1,6.064,0.0,4.0,0.0,0.0,0.0,0.0,0.0,10.0,0.0,0.0,0.0,2.0,38.0,0.0,20.0,0.0,0.0,0.0,48.0,2.299999999999999,8.766666666666667,5.897,-0.23799999999999955,6.135
2021,4/7,N96-中,107,4307,16.9,STR6,62.44,1,6.244,0.0,4.0,0.0,0.0,0.0,0.0,0.0,10.0,0.0,0.0,0.0,2.0,38.0,0.0,20.0,0.0,0.0,0.0,55.0,2.6999999999999993,14.333333333333334,6.064,0.16699999999999982,6.135
2021,4/2-4/12,N96,108,4358,16.8,STR6,62.82,1,6.282,0.0,4.0,0.0,0.0,0.0,0.0,0.0,10.0,0.0,0.0,0.0,2.0,38.0,0.0,20.0,0.0,0.0,0.0,51.0,-0.09999999999999787,15.966666666666669,6.244,0.17999999999999972,6.244
2021,4/21,N97-中,109,4415,20.2,STR6,63.32,1,6.332,0.0,4.0,0.0,0.0,0.0,0.0,0.0,10.0,0.0,0.0,0.0,2.0,38.0,0.0,20.0,0.0,0.0,0.0,57.0,3.3999999999999986,17.96666666666667,6.282,0.038000000000000256,6.282
2021,4/16-4/26,N97,110,4466,19.2,STR6,64.39,1,6.439,0.0,4.0,0.0,0.0,0.0,0.0,0.0,10.0,0.0,0.0,0.0,2.0,38.0,0.0,20.0,0.0,0.0,0.0,51.0,-1.0,18.733333333333334,6.332,0.04999999999999982,6.332
2021,5/4,N98-中,111,4524,17.7,STR6,64.47,1,6.447,0.0,4.0,0.0,0.0,0.0,0.0,0.0,10.0,0.0,0.0,0.0,2.0,38.0,0.0,20.0,0.0,0.0,0.0,58.0,-1.5,19.033333333333335,6.439,0.1070000000000002,6.439
2021,4/29-5/9,N98,112,4573,20.8,STR6,64.67,1,6.4670000000000005,0.0,4.0,0.0,0.0,0.0,0.0,0.0,10.0,0.0,0.0,0.0,2.0,38.0,0.0,20.0,0.0,0.0,0.0,49.0,3.1000000000000014,19.233333333333334,6.447,0.008000000000000007,6.447
2021,5/19,N99-中,113,4612,23.8,STR6,64.88,1,6.4879999999999995,0.0,4.0,0.0,0.0,0.0,0.0,0.0,10.0,0.0,0.0,0.0,2.0,38.0,0.0,20.0,0.0,0.0,0.0,39.0,3.0,20.766666666666666,6.4670000000000005,0.020000000000000462,6.4670000000000005
2021,5/14-5/24,N99,114,4650,25.1,STR6,64.42,1,6.442,0.0,4.0,0.0,0.0,0.0,0.0,0.0,10.0,0.0,0.0,0.0,2.0,38.0,0.0,20.0,0.0,0.0,0.0,38.0,1.3000000000000007,23.233333333333334,6.4879999999999995,0.02099999999999902,6.4879999999999995
2021,6/2,N100-中,115,4692,23.6,STR6,65.44,1,6.544,0.0,4.0,0.0,0.0,0.0,0.0,0.0,10.0,0.0,0.0,0.0,2.0,38.0,0.0,20.0,0.0,0.0,0.0,42.0,-1.5,24.16666666666667,6.442,-0.045999999999999375,6.4879999999999995
2021,5/28-6/7,N100,116,4727,25.8,STR6,66.18,1,6.618,0.0,4.0,0.0,0.0,0.0,0.0,0.0,10.0,0.0,0.0,0.0,2.0,38.0,0.0,20.0,0.0,0.0,0.0,35.0,2.1999999999999993,24.833333333333332,6.544,0.10199999999999942,6.544
2021,6/16,N101-中,117,4768,30.1,STR6,65.92,1,6.5920000000000005,0.0,4.0,0.0,0.0,0.0,0.0,0.0,10.0,0.0,0.0,0.0,2.0,38.0,0.0,20.0,0.0,0.0,0.0,41.0,4.300000000000001,26.5,6.618,0.07400000000000073,6.618
2021,6/11-6/20,N101,118,4805,30.2,STR6,68.21,1,6.821,0.0,4.0,0.0,0.0,0.0,0.0,0.0,10.0,0.0,0.0,0.0,2.0,38.0,0.0,20.0,0.0,0.0,0.0,37.0,0.09999999999999787,28.700000000000003,6.5920000000000005,-0.0259999999999998,6.618
2021,6/30,N102-中,119,4843,27.2,STR6,69.72,1,6.9719999999999995,0.0,4.0,0.0,0.0,0.0,0.0,0.0,10.0,0.0,0.0,0.0,2.0,38.0,0.0,20.0,0.0,0.0,0.0,38.0,-3.0,29.166666666666668,6.821,0.2289999999999992,6.821
2021,6/25-7/6,N102,120,4882,27.5,STR6,70.08,1,7.008,0.0,4.0,0.0,0.0,0.0,0.0,0.0,10.0,0.0,0.0,0.0,2.0,38.0,0.0,20.0,0.0,0.0,0.0,39.0,0.3000000000000007,28.3,6.9719999999999995,0.1509999999999998,6.9719999999999995
2021,7/14,N103-中,121,4922,29.1,STR6,70.08,1,7.008,0.0,4.0,0.0,0.0,0.0,0.0,0.0,10.0,0.0,0.0,0.0,2.0,38.0,0.0,20.0,0.0,0.0,0.0,40.0,1.6000000000000014,27.933333333333337,7.008,0.036000000000000476,7.008
2021,7/9-7/19,N103,122,4960,29.0,STR6,63.85,1,6.385,0.0,4.0,0.0,0.0,0.0,0.0,0.0,10.0,0.0,0.0,0.0,2.0,38.0,0.0,20.0,0.0,0.0,0.0,38.0,-0.10000000000000142,28.53333333333333,7.008,0.0,7.008
2021,7/28,N104-中,123,4999,31.2,STR6,68.72,1,6.872,0.0,4.0,0.0,0.0,0.0,0.0,0.0,10.0,0.0,0.0,0.0,2.0,38.0,0.0,20.0,0.0,0.0,0.0,39.0,2.1999999999999993,29.766666666666666,6.385,-0.6230000000000002,7.008
2021,7/23-8/1,N104,124,5037,29.9,STR6,68.21,1,6.821,0.0,4.0,0.0,0.0,0.0,0.0,0.0,10.0,0.0,0.0,0.0,2.0,38.0,0.0,20.0,0.0,0.0,0.0,38.0,-1.3000000000000007,30.033333333333335,6.872,0.4870000000000001,7.008
2021,8/10,N105-中,125,5077,30.5,STR6,70.43,1,7.043000000000001,0.0,4.0,0.0,0.0,0.0,0.0,0.0,10.0,0.0,0.0,0.0,2.0,38.0,0.0,20.0,0.0,0.0,0.0,40.0,0.6000000000000014,30.533333333333335,6.821,-0.051000000000000156,7.008
2021,8/6-8/15,N105,126,5115,29.2,STR6,69.25,1,6.925,0.0,4.0,0.0,0.0,0.0,0.0,0.0,10.0,0.0,0.0,0.0,2.0,38.0,0.0,20.0,0.0,0.0,0.0,38.0,-1.3000000000000007,29.866666666666664,7.043000000000001,0.2220000000000013,7.043000000000001
2021,8/25,N106-中,127,5151,28.1,STR6,72.32,1,7.231999999999999,0.0,4.0,0.0,0.0,0.0,0.0,0.0,10.0,0.0,0.0,0.0,2.0,38.0,0.0,20.0,0.0,0.0,0.0,36.0,-1.0999999999999979,29.26666666666667,6.925,-0.11800000000000122,7.043000000000001
2021,8/20-8/29,N106,128,5193,27.5,STR6,70.31,1,7.031000000000001,0.0,4.0,0.0,0.0,0.0,0.0,0.0,10.0,0.0,0.0,0.0,2.0,38.0,0.0,20.0,0.0,0.0,0.0,42.0,-0.6000000000000014,28.26666666666667,7.231999999999999,0.3069999999999995,7.231999999999999
2021,9/8,N107-中,129,5237,24.1,STR6,71.92,1,7.192,0.0,4.0,0.0,0.0,0.0,0.0,0.0,10.0,0.0,0.0,0.0,2.0,38.0,0.0,20.0,0.0,0.0,0.0,44.0,-3.3999999999999986,26.566666666666666,7.031000000000001,-0.20099999999999874,7.231999999999999
2021,9/03-9/13,N107,130,5271,25.2,STR6,67.69,1,6.769,0.0,4.0,0.0,0.0,0.0,0.0,0.0,10.0,0.0,0.0,0.0,2.0,38.0,0.0,20.0,0.0,0.0,0.0,34.0,1.0999999999999979,25.600000000000005,7.192,0.1609999999999996,7.231999999999999
2021,9/22,N108-中,131,5314,22.2,STR6,72.64,1,7.264,0.0,4.0,0.0,0.0,0.0,0.0,0.0,10.0,0.0,0.0,0.0,2.0,38.0,0.0,20.0,0.0,0.0,0.0,43.0,-3.0,23.833333333333332,6.769,-0.42300000000000004,7.231999999999999
2021,9/17-9/26,N108,132,5349,22.5,STR6,67.46,1,6.7459999999999996,0.0,4.0,0.0,0.0,0.0,0.0,0.0,10.0,0.0,0.0,0.0,2.0,38.0,0.0,20.0,0.0,0.0,0.0,35.0,0.3000000000000007,23.3,7.264,0.4950000000000001,7.264
2021,10/13,N109-中,133,5387,16.3,STR6,68.43,1,6.843000000000001,0.0,4.0,0.0,0.0,0.0,0.0,0.0,10.0,0.0,0.0,0.0,2.0,38.0,0.0,20.0,0.0,0.0,0.0,38.0,-6.199999999999999,20.333333333333332,6.7459999999999996,-0.5180000000000007,7.264
2021,10/8-10/18,N109,134,5427,15.6,STR6,66.65,1,6.665000000000001,0.0,4.0,0.0,0.0,0.0,0.0,0.0,10.0,0.0,0.0,0.0,2.0,38.0,0.0,20.0,0.0,0.0,0.0,40.0,-0.7000000000000011,18.133333333333333,6.843000000000001,0.09700000000000131,7.264
2021,10/27,N110-中,135,5469,15.5,STR6,67.28,1,6.728,0.0,4.0,0.0,0.0,0.0,0.0,0.0,10.0,0.0,0.0,0.0,2.0,38.0,0.0,20.0,0.0,0.0,0.0,42.0,-0.09999999999999964,15.800000000000002,6.665000000000001,-0.17799999999999994,7.264
2021,10/22-11/1,N110,136,5504,15.5,STR6,65.57,1,6.5569999999999995,0.0,4.0,0.0,0.0,0.0,0.0,0.0,10.0,0.0,0.0,0.0,2.0,38.0,0.0,20.0,0.0,0.0,0.0,35.0,0.0,15.533333333333333,6.728,0.06299999999999883,7.264
2021,11/11,N111-中,137,5556,7.7,STR6,67.1,1,6.709999999999999,0.0,4.0,0.0,0.0,0.0,0.0,0.0,10.0,0.0,0.0,0.0,2.0,38.0,0.0,20.0,0.0,0.0,0.0,52.0,-7.8,12.9,6.5569999999999995,-0.17100000000000026,7.264
2021,11/05-11/17,N111,138,5612,9.3,STR6,65.47,1,6.547,0.0,4.0,0.0,0.0,0.0,0.0,0.0,10.0,0.0,0.0,0.0,2.0,38.0,0.0,20.0,0.0,0.0,0.0,56.0,1.6000000000000005,10.833333333333334,6.709999999999999,0.15299999999999958,7.264
2021,11/25,N112-中,139,5669,5.5,STR6,64.81,1,6.481,0.0,4.0,0.0,0.0,0.0,0.0,0.0,10.0,0.0,0.0,0.0,2.0,38.0,0.0,20.0,0.0,0.0,0.0,57.0,-3.8000000000000007,7.500000000000001,6.547,-0.16299999999999937,7.264
2021,11/20-11/30,N112,140,5720,6.4,STR6,66.15,1,6.615,0.0,4.0,0.0,0.0,0.0,0.0,0.0,10.0,0.0,0.0,0.0,2.0,38.0,0.0,20.0,0.0,0.0,0.0,51.0,0.9000000000000004,7.066666666666667,6.481,-0.06599999999999984,7.264
2021,12/9,N113-中,141,5778,7.2,STR6,67.15,1,6.715000000000001,0.0,4.0,0.0,0.0,0.0,0.0,0.0,10.0,0.0,0.0,0.0,2.0,38.0,0.0,20.0,0.0,0.0,0.0,58.0,0.7999999999999998,6.366666666666668,6.615,0.13400000000000034,7.264
2021,12/4-12/14,N113,142,5828,5.4,STR6,65.65,1,6.565,0.0,4.0,0.0,0.0,0.0,0.0,0.0,10.0,0.0,0.0,0.0,2.0,38.0,0.0,20.0,0.0,0.0,0.0,50.0,-1.7999999999999998,6.333333333333335,6.715000000000001,0.10000000000000053,7.264
2021,12/23,N114-中,143,5889,3.1,STR6,64.22,1,6.422,0.0,4.0,0.0,0.0,0.0,0.0,0.0,10.0,0.0,0.0,0.0,2.0,38.0,0.0,20.0,0.0,0.0,0.0,61.0,-2.3000000000000003,5.233333333333335,6.565,-0.15000000000000036,7.264
2021,12/17-12/28,N114,144,5936,0.2,STR6,66.07,1,6.606999999999999,0.0,4.0,0.0,0.0,0.0,0.0,0.0,10.0,0.0,0.0,0.0,2.0,38.0,0.0,20.0,0.0,0.0,0.0,47.0,-2.9,2.900000000000001,6.422,-0.14300000000000068,7.264
2021,1/8,N115-中,145,5992,1.1,STR6,66.11,1,6.611,0.0,4.0,0.0,0.0,0.0,0.0,0.0,10.0,0.0,0.0,0.0,2.0,38.0,0.0,20.0,0.0,0.0,0.0,56.0,0.9000000000000001,1.466666666666668,6.606999999999999,0.1849999999999996,7.264
2021,1/3-1/13,N115,146,6044,0.8,STR6,65.17,1,6.517,0.0,4.0,0.0,0.0,0.0,0.0,0.0,10.0,0.0,0.0,0.0,2.0,38.0,0.0,20.0,0.0,0.0,0.0,52.0,-0.30000000000000004,0.7000000000000012,6.611,0.004000000000000448,7.264
2016,11/30-12/10,N1,0,3,3.8,STR7,17.61,1,1.761,0.0,4.0,0.0,0.0,0.0,6.0,0.0,0.0,0.0,8.0,0.0,0.0,38.0,0.0,20.0,0.0,0.0,0.0,0.0,0.0,3.8,,,
2016,12/13-12/24,N2,1,10,1.2,STR7,17.58,1,1.7579999999999998,0.0,4.0,0.0,0.0,0.0,6.0,0.0,0.0,0.0,8.0,0.0,0.0,38.0,0.0,20.0,0.0,0.0,0.0,7.0,-2.5999999999999996,2.5,1.761,,1.761
2016,12/27-1/9,N3,2,30,0.9,STR7,19.03,1,1.903,0.0,4.0,0.0,0.0,0.0,6.0,0.0,0.0,0.0,8.0,0.0,0.0,38.0,0.0,20.0,0.0,0.0,0.0,20.0,-0.29999999999999993,1.9666666666666666,1.7579999999999998,-0.0030000000000001137,1.761
2017,1/12-2/23,N4,3,48,3.6,STR7,17.81,1,1.781,0.0,4.0,0.0,0.0,0.0,6.0,0.0,0.0,0.0,8.0,0.0,0.0,38.0,0.0,20.0,0.0,0.0,0.0,18.0,2.7,1.9000000000000001,1.903,0.14500000000000024,1.903
2017,2/26-3/10,N5,4,67,11.4,STR7,,0,,0.0,4.0,0.0,0.0,0.0,6.0,0.0,0.0,0.0,8.0,0.0,0.0,38.0,0.0,20.0,0.0,0.0,0.0,19.0,7.800000000000001,5.3,1.781,-0.12200000000000011,1.903
2017,3/13-3/23,N6,5,85,13.9,STR7,19.36,1,1.936,0.0,4.0,0.0,0.0,0.0,6.0,0.0,0.0,0.0,8.0,0.0,0.0,38.0,0.0,20.0,0.0,0.0,0.0,18.0,2.5,9.633333333333333,1.781,-0.12200000000000011,1.903
2017,3/26-4/6,N7,6,104,19.1,STR7,20.03,1,2.003,0.0,4.0,0.0,0.0,0.0,6.0,0.0,0.0,0.0,8.0,0.0,0.0,38.0,0.0,20.0,0.0,0.0,0.0,19.0,5.200000000000001,14.799999999999999,1.936,0.15500000000000003,1.936
2017,4/9-4/13,N8,7,108,21.1,STR7,20.45,1,2.045,0.0,4.0,0.0,0.0,0.0,6.0,0.0,0.0,0.0,8.0,0.0,0.0,38.0,0.0,20.0,0.0,0.0,0.0,4.0,2.0,18.033333333333335,2.003,0.06700000000000017,2.003
2017,4/17-4-21,N9,8,109,21.7,STR7,21.56,1,2.1559999999999997,0.0,4.0,0.0,0.0,0.0,6.0,0.0,0.0,0.0,8.0,0.0,0.0,38.0,0.0,20.0,0.0,0.0,0.0,1.0,0.5999999999999979,20.633333333333336,2.045,0.041999999999999815,2.045
2017,4/24-5/4,N10,9,129,27.0,STR7,25.58,1,2.558,0.0,4.0,0.0,0.0,0.0,6.0,0.0,0.0,0.0,8.0,0.0,0.0,38.0,0.0,20.0,0.0,0.0,0.0,20.0,5.300000000000001,23.266666666666666,2.1559999999999997,0.11099999999999977,2.1559999999999997
2017,5/7-5-17,N11,10,149,30.1,STR7,30.17,1,3.0170000000000003,0.0,4.0,0.0,0.0,0.0,6.0,0.0,0.0,0.0,8.0,0.0,0.0,38.0,0.0,20.0,0.0,0.0,0.0,20.0,3.1000000000000014,26.266666666666666,2.558,0.40200000000000014,2.558
2017,5/20-5/30,N12,11,168,30.2,STR7,39.2,1,3.9200000000000004,0.0,4.0,0.0,0.0,0.0,6.0,0.0,0.0,0.0,8.0,0.0,0.0,38.0,0.0,20.0,0.0,0.0,0.0,19.0,0.09999999999999787,29.099999999999998,3.0170000000000003,0.4590000000000005,3.0170000000000003
2017,6/2-6/12,N13,12,188,29.6,STR7,44.23,1,4.423,0.0,4.0,0.0,0.0,0.0,6.0,0.0,0.0,0.0,8.0,0.0,0.0,38.0,0.0,20.0,0.0,0.0,0.0,20.0,-0.5999999999999979,29.96666666666667,3.9200000000000004,0.903,3.9200000000000004
2017,6/16-6/26,N14,13,206,30.1,STR7,46.79,1,4.679,0.0,4.0,0.0,0.0,0.0,6.0,0.0,0.0,0.0,8.0,0.0,0.0,38.0,0.0,20.0,0.0,0.0,0.0,18.0,0.5,29.96666666666667,4.423,0.5029999999999997,4.423
2017,6/29-7/10,N15,14,224,28.6,STR7,48.32,1,4.832,0.0,4.0,0.0,0.0,0.0,6.0,0.0,0.0,0.0,8.0,0.0,0.0,38.0,0.0,20.0,0.0,0.0,0.0,18.0,-1.5,29.433333333333337,4.679,0.2560000000000002,4.679
2017,7/13-7/23,N16-17,15,230,31.4,STR7,51.61,1,5.161,0.0,4.0,0.0,0.0,0.0,6.0,0.0,0.0,0.0,8.0,0.0,0.0,38.0,0.0,20.0,0.0,0.0,0.0,6.0,2.799999999999997,30.03333333333333,4.832,0.15299999999999958,4.832
2017,7/27-8/7,N18,16,250,32.1,STR7,54.08,1,5.4079999999999995,0.0,4.0,0.0,0.0,0.0,6.0,0.0,0.0,0.0,8.0,0.0,0.0,38.0,0.0,20.0,0.0,0.0,0.0,20.0,0.7000000000000028,30.7,5.161,0.32899999999999974,5.161
2017,8/10-8/21,N19,17,268,28.6,STR7,55.98,1,5.598,0.0,4.0,0.0,0.0,0.0,6.0,0.0,0.0,0.0,8.0,0.0,0.0,38.0,0.0,20.0,0.0,0.0,0.0,18.0,-3.5,30.7,5.4079999999999995,0.2469999999999999,5.4079999999999995
2017,8/25-9/4,N20,18,286,26.3,STR7,56.01,1,5.601,0.0,4.0,0.0,0.0,0.0,6.0,0.0,0.0,0.0,8.0,0.0,0.0,38.0,0.0,20.0,0.0,0.0,0.0,18.0,-2.3000000000000007,29.0,5.598,0.1900000000000004,5.598
2017,9/8-9/18,N21,19,305,28.2,STR7,60.44,1,6.044,0.0,4.0,0.0,0.0,0.0,6.0,0.0,0.0,0.0,8.0,0.0,0.0,38.0,0.0,20.0,0.0,0.0,0.0,19.0,1.8999999999999986,27.7,5.601,0.0030000000000001137,5.601
2017,9/21-10/9,N22,20,323,22.9,STR7,55.11,1,5.511,0.0,4.0,0.0,0.0,0.0,6.0,0.0,0.0,0.0,8.0,0.0,0.0,38.0,0.0,20.0,0.0,0.0,0.0,18.0,-5.300000000000001,25.8,6.044,0.4429999999999996,6.044
2017,10/13-10/25,N23,21,346,14.9,STR7,54.92,1,5.492,0.0,4.0,0.0,0.0,0.0,6.0,0.0,0.0,0.0,8.0,0.0,0.0,38.0,0.0,20.0,0.0,0.0,0.0,23.0,-7.999999999999998,22.0,5.511,-0.5329999999999995,6.044
2017,11/1-11/12,N24-25,22,352,11.1,STR7,64.17,1,6.417,0.0,4.0,0.0,0.0,0.0,6.0,0.0,0.0,0.0,8.0,0.0,0.0,38.0,0.0,20.0,0.0,0.0,0.0,6.0,-3.8000000000000007,16.3,5.492,-0.019000000000000128,6.044
2017,11/15-11/26,N26,23,371,3.8,STR7,60.81,1,6.081,0.0,4.0,0.0,0.0,0.0,6.0,0.0,0.0,0.0,8.0,0.0,0.0,38.0,0.0,20.0,0.0,0.0,0.0,19.0,-7.3,9.933333333333334,6.417,0.9249999999999998,6.417
2017,12/9-12/21,N27,24,391,0.0,STR7,61.15,1,6.115,0.0,4.0,0.0,0.0,0.0,6.0,0.0,0.0,0.0,8.0,0.0,0.0,38.0,0.0,20.0,0.0,0.0,0.0,20.0,-3.8,4.966666666666666,6.081,-0.3359999999999994,6.417
2017,12/23-1/3,N28,25,410,0.2,STR7,52.38,1,5.238,0.0,4.0,0.0,0.0,0.0,6.0,0.0,0.0,0.0,8.0,0.0,0.0,38.0,0.0,20.0,0.0,0.0,0.0,19.0,0.2,1.3333333333333333,6.115,0.03399999999999981,6.417
2018,1/7-1/18,N29-30,26,415,-1.0,STR7,53.0,1,5.3,0.0,4.0,0.0,0.0,0.0,6.0,0.0,0.0,0.0,8.0,0.0,0.0,38.0,0.0,20.0,0.0,0.0,0.0,5.0,-1.2,-0.26666666666666666,5.238,-0.8769999999999998,6.417
2018,1/20-1/30,N31,27,434,-2.2,STR7,50.18,1,5.018,0.0,4.0,0.0,0.0,0.0,6.0,0.0,0.0,0.0,8.0,0.0,0.0,38.0,0.0,20.0,0.0,0.0,0.0,19.0,-1.2000000000000002,-1.0,5.3,0.06199999999999939,6.417
2018,3/9-3/21,N32,28,454,8.3,STR7,54.42,1,5.442,0.0,4.0,0.0,0.0,0.0,6.0,0.0,0.0,0.0,8.0,0.0,0.0,38.0,0.0,20.0,0.0,0.0,0.0,20.0,10.5,1.7000000000000002,5.018,-0.28200000000000003,6.417
2018,3/25-4/7,N33,29,473,15.7,STR7,40.72,1,4.072,0.0,4.0,0.0,0.0,0.0,6.0,0.0,0.0,0.0,8.0,0.0,0.0,38.0,0.0,20.0,0.0,0.0,0.0,19.0,7.399999999999999,7.266666666666667,5.442,0.4240000000000004,6.417
2018,4/10-4/21,N34,30,492,19.4,STR7,53.35,1,5.335,0.0,4.0,0.0,0.0,0.0,6.0,0.0,0.0,0.0,8.0,0.0,0.0,38.0,0.0,20.0,0.0,0.0,0.0,19.0,3.6999999999999993,14.466666666666667,4.072,-1.37,6.417
2018,4/26-5/7,N35-36,31,498,23.7,STR7,55.12,1,5.512,0.0,4.0,0.0,0.0,0.0,6.0,0.0,0.0,0.0,8.0,0.0,0.0,38.0,0.0,20.0,0.0,0.0,0.0,6.0,4.300000000000001,19.599999999999998,5.335,1.263,6.417
2018,5/10-5/21,N37,32,517,24.1,STR7,54.95,1,5.495,0.0,4.0,0.0,0.0,0.0,6.0,0.0,0.0,0.0,8.0,0.0,0.0,38.0,0.0,20.0,0.0,0.0,0.0,19.0,0.40000000000000213,22.400000000000002,5.512,0.1769999999999996,6.417
2018,5/24-6/4,N38,33,536,29.7,STR7,33.9,1,3.3899999999999997,0.0,4.0,0.0,0.0,0.0,6.0,0.0,0.0,0.0,8.0,0.0,0.0,38.0,0.0,20.0,0.0,0.0,0.0,19.0,5.599999999999998,25.833333333333332,5.495,-0.01699999999999946,6.417
2018,6/7-6/19,N39,34,556,26.6,STR7,59.85,1,5.985,0.0,4.0,0.0,0.0,0.0,6.0,0.0,0.0,0.0,8.0,0.0,0.0,38.0,0.0,20.0,0.0,0.0,0.0,20.0,-3.099999999999998,26.8,3.3899999999999997,-2.1050000000000004,6.417
2018,6/22-7/2,N40,35,574,32.8,STR7,48.23,1,4.8229999999999995,0.0,4.0,0.0,0.0,0.0,6.0,0.0,0.0,0.0,8.0,0.0,0.0,38.0,0.0,20.0,0.0,0.0,0.0,18.0,6.199999999999996,29.7,5.985,2.5950000000000006,6.417
2018,7/5-7/17,N41,36,593,28.3,STR7,61.62,1,6.162,0.0,4.0,0.0,0.0,0.0,6.0,0.0,0.0,0.0,8.0,0.0,0.0,38.0,0.0,20.0,0.0,0.0,0.0,19.0,-4.4999999999999964,29.233333333333334,4.8229999999999995,-1.1620000000000008,6.417
2018,7/22-7/31,N42,37,612,32.7,STR7,65.95,1,6.595000000000001,0.0,4.0,0.0,0.0,0.0,6.0,0.0,0.0,0.0,8.0,0.0,0.0,38.0,0.0,20.0,0.0,0.0,0.0,19.0,4.400000000000002,31.26666666666667,6.162,1.3390000000000004,6.417
2018,8/3-8/14,N43-44,38,618,30.5,STR7,66.78,1,6.678,0.0,4.0,0.0,0.0,0.0,6.0,0.0,0.0,0.0,8.0,0.0,0.0,38.0,0.0,20.0,0.0,0.0,0.0,6.0,-2.200000000000003,30.5,6.595000000000001,0.4330000000000007,6.595000000000001
2018,8/17-8/30,N45,39,636,29.6,STR7,68.42,1,6.8420000000000005,0.0,4.0,0.0,0.0,0.0,6.0,0.0,0.0,0.0,8.0,0.0,0.0,38.0,0.0,20.0,0.0,0.0,0.0,18.0,-0.8999999999999986,30.933333333333337,6.678,0.0829999999999993,6.678
2018,9/2-9/12,N46,40,655,26.9,STR7,68.05,1,6.805,0.0,4.0,0.0,0.0,0.0,6.0,0.0,0.0,0.0,8.0,0.0,0.0,38.0,0.0,20.0,0.0,0.0,0.0,19.0,-2.700000000000003,29.0,6.8420000000000005,0.1640000000000006,6.8420000000000005
2018,9/15-9/25,N47,41,675,22.8,STR7,67.62,1,6.7620000000000005,0.0,4.0,0.0,0.0,0.0,6.0,0.0,0.0,0.0,8.0,0.0,0.0,38.0,0.0,20.0,0.0,0.0,0.0,20.0,-4.099999999999998,26.433333333333337,6.805,-0.03700000000000081,6.8420000000000005
2018,10/4-10/15,N48,42,694,17.4,STR7,64.8,1,6.4799999999999995,0.0,4.0,0.0,0.0,0.0,6.0,0.0,0.0,0.0,8.0,0.0,0.0,38.0,0.0,20.0,0.0,0.0,0.0,19.0,-5.400000000000002,22.36666666666667,6.7620000000000005,-0.04299999999999926,6.8420000000000005
2018,10/17-10/28,N49,43,714,14.8,STR7,60.12,1,6.012,0.0,4.0,0.0,0.0,0.0,6.0,0.0,0.0,0.0,8.0,0.0,0.0,38.0,0.0,20.0,0.0,0.0,0.0,20.0,-2.599999999999998,18.333333333333336,6.4799999999999995,-0.2820000000000009,6.8420000000000005
2018,11/2-11/16,N50-51,44,719,9.8,STR7,65.78,1,6.578,0.0,4.0,0.0,0.0,0.0,6.0,0.0,0.0,0.0,8.0,0.0,0.0,38.0,0.0,20.0,0.0,0.0,0.0,5.0,-5.0,14.0,6.012,-0.46799999999999997,6.8420000000000005
2018,11/20-12/1,N52,45,738,6.5,STR7,55.97,1,5.5969999999999995,0.0,4.0,0.0,0.0,0.0,6.0,0.0,0.0,0.0,8.0,0.0,0.0,38.0,0.0,20.0,0.0,0.0,0.0,19.0,-3.3000000000000007,10.366666666666669,6.578,0.5660000000000007,6.8420000000000005
2018,12/4-12/17,N53,46,757,-1.1,STR7,61.47,1,6.147,0.0,4.0,0.0,0.0,0.0,6.0,0.0,0.0,0.0,8.0,0.0,0.0,38.0,0.0,20.0,0.0,0.0,0.0,19.0,-7.6,5.066666666666669,5.5969999999999995,-0.9810000000000008,6.8420000000000005
2018,12/30-2019/1/14,N54,47,834,-0.2,STR7,61.65,1,6.165,0.0,4.0,0.0,0.0,0.0,6.0,0.0,0.0,0.0,8.0,0.0,0.0,38.0,0.0,20.0,0.0,0.0,0.0,77.0,0.9000000000000001,1.7333333333333358,6.147,0.5500000000000007,6.8420000000000005
2019,1/18-1/28,N55,48,912,4.0,STR7,60.16,1,6.016,0.0,4.0,0.0,0.0,0.0,6.0,0.0,0.0,0.0,8.0,0.0,0.0,38.0,0.0,20.0,0.0,0.0,0.0,78.0,4.2,0.9000000000000022,6.165,0.017999999999999794,6.8420000000000005
2019,3/1-3/20,N56,49,1013,14.2,STR7,60.69,1,6.069,0.0,4.0,0.0,0.0,0.0,6.0,0.0,0.0,0.0,8.0,0.0,0.0,38.0,0.0,20.0,0.0,0.0,0.0,101.0,10.2,6.000000000000003,6.016,-0.14900000000000002,6.8420000000000005
2019,3/24-4/4,N57,50,1114,14.5,STR7,61.39,1,6.139,0.0,4.0,0.0,0.0,0.0,6.0,0.0,0.0,0.0,8.0,0.0,0.0,38.0,0.0,20.0,0.0,0.0,0.0,101.0,0.3000000000000007,10.9,6.069,0.052999999999999936,6.8420000000000005
2019,4/10-4/20,N58,51,1215,18.9,STR7,65.29,1,6.529000000000001,0.0,4.0,0.0,0.0,0.0,6.0,0.0,0.0,0.0,8.0,0.0,0.0,38.0,0.0,20.0,0.0,0.0,0.0,101.0,4.399999999999999,15.866666666666669,6.139,0.07000000000000028,6.8420000000000005
2019,4/25-5/5,N59,52,1317,20.3,STR7,63.49,1,6.349,0.0,4.0,0.0,0.0,0.0,6.0,0.0,0.0,0.0,8.0,0.0,0.0,38.0,0.0,20.0,0.0,0.0,0.0,102.0,1.4000000000000021,17.900000000000002,6.529000000000001,0.39000000000000057,6.8420000000000005
2019,5/9-5/21,N60,53,1376,25.0,STR7,69.01,1,6.901000000000001,0.0,4.0,0.0,0.0,0.0,6.0,0.0,0.0,0.0,8.0,0.0,0.0,38.0,0.0,20.0,0.0,0.0,0.0,59.0,4.699999999999999,21.400000000000002,6.349,-0.1800000000000006,6.8420000000000005
2019,5/27-6/5,N61,54,1441,27.8,STR7,67.54,1,6.7540000000000004,0.0,4.0,0.0,0.0,0.0,6.0,0.0,0.0,0.0,8.0,0.0,0.0,38.0,0.0,20.0,0.0,0.0,0.0,65.0,2.8000000000000007,24.36666666666667,6.901000000000001,0.5520000000000005,6.901000000000001
2019,6/12-6/22,N62,55,1508,29.3,STR7,71.42,1,7.142,0.0,4.0,0.0,0.0,0.0,6.0,0.0,0.0,0.0,8.0,0.0,0.0,38.0,0.0,20.0,0.0,0.0,0.0,67.0,1.5,27.36666666666667,6.7540000000000004,-0.14700000000000024,6.901000000000001
2019,6/27-7/7,N63,56,1566,29.8,STR7,75.81,1,7.581,0.0,4.0,0.0,0.0,0.0,6.0,0.0,0.0,0.0,8.0,0.0,0.0,38.0,0.0,20.0,0.0,0.0,0.0,58.0,0.5,28.96666666666667,7.142,0.3879999999999999,7.142
2019,7/11-7/21,N64,57,1637,30.7,STR7,71.25,1,7.125,0.0,4.0,0.0,0.0,0.0,6.0,0.0,0.0,0.0,8.0,0.0,0.0,38.0,0.0,20.0,0.0,0.0,0.0,71.0,0.8999999999999986,29.933333333333337,7.581,0.43900000000000006,7.581
2019,7/25-8/4,N65,58,1706,31.2,STR7,84.31,1,8.431000000000001,0.0,4.0,0.0,0.0,0.0,6.0,0.0,0.0,0.0,8.0,0.0,0.0,38.0,0.0,20.0,0.0,0.0,0.0,69.0,0.5,30.566666666666666,7.125,-0.4560000000000004,7.581
2019,8/9-8/19,N66,59,1777,29.1,STR7,86.31,1,8.631,0.0,4.0,0.0,0.0,0.0,6.0,0.0,0.0,0.0,8.0,0.0,0.0,38.0,0.0,20.0,0.0,0.0,0.0,71.0,-2.099999999999998,30.33333333333334,8.431000000000001,1.306000000000001,8.431000000000001
2019,8/24-9/5,N67,60,1847,29.4,STR7,83.86,1,8.386,0.0,4.0,0.0,0.0,0.0,6.0,0.0,0.0,0.0,8.0,0.0,0.0,38.0,0.0,20.0,0.0,0.0,0.0,70.0,0.29999999999999716,29.900000000000002,8.631,0.1999999999999993,8.631
2019,9/10-9/20,N68,61,1915,24.1,STR7,82.49,1,8.248999999999999,0.0,4.0,0.0,0.0,0.0,6.0,0.0,0.0,0.0,8.0,0.0,0.0,38.0,0.0,20.0,0.0,0.0,0.0,68.0,-5.299999999999997,27.533333333333335,8.386,-0.245000000000001,8.631
2019,9/25-10/13,N69,62,1981,21.8,STR7,75.04,1,7.5040000000000004,0.0,4.0,0.0,0.0,0.0,6.0,0.0,0.0,0.0,8.0,0.0,0.0,38.0,0.0,20.0,0.0,0.0,0.0,66.0,-2.3000000000000007,25.100000000000005,8.248999999999999,-0.13700000000000045,8.631
2019,10/18-10/28,N70,63,2048,15.4,STR7,82.61,1,8.261,0.0,4.0,0.0,0.0,0.0,6.0,0.0,0.0,0.0,8.0,0.0,0.0,38.0,0.0,20.0,0.0,0.0,0.0,67.0,-6.4,20.433333333333334,7.5040000000000004,-0.7449999999999983,8.631
2019,11/3-11/14,N71,64,2116,12.1,STR7,69.58,1,6.958,0.0,4.0,0.0,0.0,0.0,6.0,0.0,0.0,0.0,8.0,0.0,0.0,38.0,0.0,20.0,0.0,0.0,0.0,68.0,-3.3000000000000007,16.433333333333334,8.261,0.7569999999999988,8.631
2019,11/20-12/1,N72,65,2184,3.8,STR7,75.88,1,7.587999999999999,0.0,4.0,0.0,0.0,0.0,6.0,0.0,0.0,0.0,8.0,0.0,0.0,38.0,0.0,20.0,0.0,0.0,0.0,68.0,-8.3,10.433333333333335,6.958,-1.302999999999999,8.631
2019,12/5-12/21,N73,66,2290,0.8,STR7,76.83,1,7.683,0.0,4.0,0.0,0.0,0.0,6.0,0.0,0.0,0.0,8.0,0.0,0.0,38.0,0.0,20.0,0.0,0.0,0.0,106.0,-3.0,5.566666666666669,7.587999999999999,0.629999999999999,8.631
2019,12/26-1/5,N74,67,2396,0.1,STR7,76.4,1,7.640000000000001,0.0,4.0,0.0,0.0,0.0,6.0,0.0,0.0,0.0,8.0,0.0,0.0,38.0,0.0,20.0,0.0,0.0,0.0,106.0,-0.7000000000000001,1.566666666666669,7.683,0.09500000000000064,8.631
2020,3/19-3/31,N75,68,2501,14.9,STR7,78.74,1,7.874,0.0,4.0,0.0,0.0,0.0,6.0,0.0,0.0,0.0,8.0,0.0,0.0,38.0,0.0,20.0,0.0,0.0,0.0,105.0,14.8,5.266666666666669,7.640000000000001,-0.04299999999999926,8.631
2020,4/4-4/15,N76,69,2605,18.0,STR7,80.65,1,8.065000000000001,0.0,4.0,0.0,0.0,0.0,6.0,0.0,0.0,0.0,8.0,0.0,0.0,38.0,0.0,20.0,0.0,0.0,0.0,104.0,3.0999999999999996,11.000000000000002,7.874,0.2339999999999991,8.631
2020,4/19-4/28,N77,70,2708,18.3,STR7,81.75,1,8.175,0.0,4.0,0.0,0.0,0.0,6.0,0.0,0.0,0.0,8.0,0.0,0.0,38.0,0.0,20.0,0.0,0.0,0.0,103.0,0.3000000000000007,17.066666666666666,8.065000000000001,0.1910000000000016,8.631
2020,5/7,N78-中,71,2757,23.2,STR7,79.84,1,7.984,0.0,4.0,0.0,0.0,0.0,6.0,0.0,0.0,0.0,8.0,0.0,0.0,38.0,0.0,20.0,0.0,0.0,0.0,49.0,4.899999999999999,19.833333333333336,8.175,0.10999999999999943,8.631
2020,5/1-5/10,N78,72,2783,18.6,STR7,79.5,1,7.95,0.0,4.0,0.0,0.0,0.0,6.0,0.0,0.0,0.0,8.0,0.0,0.0,38.0,0.0,20.0,0.0,0.0,0.0,26.0,-4.599999999999998,20.033333333333335,7.984,-0.19100000000000072,8.631
2020,5/19,N79-中,73,2824,22.1,STR7,82.28,1,8.228,0.0,4.0,0.0,0.0,0.0,6.0,0.0,0.0,0.0,8.0,0.0,0.0,38.0,0.0,20.0,0.0,0.0,0.0,41.0,3.5,21.300000000000004,7.95,-0.03399999999999981,8.631
2020,5/14-5/23,N79,74,2857,24.5,STR7,80.08,1,8.008,0.0,4.0,0.0,0.0,0.0,6.0,0.0,0.0,0.0,8.0,0.0,0.0,38.0,0.0,20.0,0.0,0.0,0.0,33.0,2.3999999999999986,21.733333333333338,8.228,0.2779999999999996,8.631
2020,6/2,N80-中,75,2900,27.0,STR7,84.4,1,8.440000000000001,0.0,4.0,0.0,0.0,0.0,6.0,0.0,0.0,0.0,8.0,0.0,0.0,38.0,0.0,20.0,0.0,0.0,0.0,43.0,2.5,24.533333333333335,8.008,-0.22000000000000064,8.631
2020,5/27-6/6,N80,76,2931,29.7,STR7,85.03,1,8.503,0.0,4.0,0.0,0.0,0.0,6.0,0.0,0.0,0.0,8.0,0.0,0.0,38.0,0.0,20.0,0.0,0.0,0.0,31.0,2.6999999999999993,27.066666666666666,8.440000000000001,0.43200000000000216,8.631
2020,6/17,N81-中,77,2987,31.7,STR7,85.69,1,8.568999999999999,0.0,4.0,0.0,0.0,0.0,6.0,0.0,0.0,0.0,8.0,0.0,0.0,38.0,0.0,20.0,0.0,0.0,0.0,56.0,2.0,29.46666666666667,8.503,0.06299999999999883,8.631
2020,6/10-6/19,N81,78,3006,29.0,STR7,88.03,1,8.803,0.0,4.0,0.0,0.0,0.0,6.0,0.0,0.0,0.0,8.0,0.0,0.0,38.0,0.0,20.0,0.0,0.0,0.0,19.0,-2.6999999999999993,30.133333333333336,8.568999999999999,0.06599999999999895,8.631
2020,6/29,N82-中,79,3040,28.5,STR7,85.33,1,8.533,0.0,4.0,0.0,0.0,0.0,6.0,0.0,0.0,0.0,8.0,0.0,0.0,38.0,0.0,20.0,0.0,0.0,0.0,34.0,-0.5,29.733333333333334,8.803,0.23400000000000176,8.803
2020,6/25-7/5,N82,80,3081,28.9,STR7,80.01,1,8.001000000000001,0.0,4.0,0.0,0.0,0.0,6.0,0.0,0.0,0.0,8.0,0.0,0.0,38.0,0.0,20.0,0.0,0.0,0.0,41.0,0.3999999999999986,28.8,8.533,-0.27000000000000135,8.803
2020,7/15,N83-中,81,3128,26.7,STR7,87.01,1,8.701,0.0,4.0,0.0,0.0,0.0,6.0,0.0,0.0,0.0,8.0,0.0,0.0,38.0,0.0,20.0,0.0,0.0,0.0,47.0,-2.1999999999999993,28.033333333333335,8.001000000000001,-0.5319999999999983,8.803
2020,7/9-7/19,N83,82,3157,30.0,STR7,85.32,1,8.532,0.0,4.0,0.0,0.0,0.0,6.0,0.0,0.0,0.0,8.0,0.0,0.0,38.0,0.0,20.0,0.0,0.0,0.0,29.0,3.3000000000000007,28.533333333333335,8.701,0.6999999999999993,8.803
2020,8/8,N84-中,83,3212,30.6,STR7,87.25,1,8.725,0.0,4.0,0.0,0.0,0.0,6.0,0.0,0.0,0.0,8.0,0.0,0.0,38.0,0.0,20.0,0.0,0.0,0.0,55.0,0.6000000000000014,29.100000000000005,8.532,-0.16900000000000048,8.803
2020,7/24-8/11,N84,84,3233,30.8,STR7,89.75,1,8.975,0.0,4.0,0.0,0.0,0.0,6.0,0.0,0.0,0.0,8.0,0.0,0.0,38.0,0.0,20.0,0.0,0.0,0.0,21.0,0.1999999999999993,30.46666666666667,8.725,0.19299999999999962,8.803
2020,8/21,N85-中,85,3275,25.8,STR7,87.44,1,8.744,0.0,4.0,0.0,0.0,0.0,6.0,0.0,0.0,0.0,8.0,0.0,0.0,38.0,0.0,20.0,0.0,0.0,0.0,42.0,-5.0,29.066666666666666,8.975,0.25,8.975
2020,8/15-8/25,N85,86,3308,26.9,STR7,88.32,1,8.831999999999999,0.0,4.0,0.0,0.0,0.0,6.0,0.0,0.0,0.0,8.0,0.0,0.0,38.0,0.0,20.0,0.0,0.0,0.0,33.0,1.0999999999999979,27.83333333333334,8.744,-0.23099999999999987,8.975
2020,9/2,N86-中,87,3344,27.3,STR7,89.58,1,8.958,0.0,4.0,0.0,0.0,0.0,6.0,0.0,0.0,0.0,8.0,0.0,0.0,38.0,0.0,20.0,0.0,0.0,0.0,36.0,0.40000000000000213,26.666666666666668,8.831999999999999,0.08799999999999919,8.975
2020,8/29-9/7,N86,88,3383,27.5,STR7,88.8,1,8.879999999999999,0.0,4.0,0.0,0.0,0.0,6.0,0.0,0.0,0.0,8.0,0.0,0.0,38.0,0.0,20.0,0.0,0.0,0.0,39.0,0.1999999999999993,27.233333333333338,8.958,0.12600000000000122,8.975
2020,9/20,N87-中,89,3432,23.8,STR7,88.66,1,8.866,0.0,4.0,0.0,0.0,0.0,6.0,0.0,0.0,0.0,8.0,0.0,0.0,38.0,0.0,20.0,0.0,0.0,0.0,49.0,-3.6999999999999993,26.200000000000003,8.879999999999999,-0.07800000000000118,8.975
2020,9/14-9/23,N87,90,3458,23.7,STR7,88.03,1,8.803,0.0,4.0,0.0,0.0,0.0,6.0,0.0,0.0,0.0,8.0,0.0,0.0,38.0,0.0,20.0,0.0,0.0,0.0,26.0,-0.10000000000000142,25.0,8.866,-0.013999999999999346,8.975
2020,10/12,N88-中,91,3495,18.4,STR7,86.12,1,8.612,0.0,4.0,0.0,0.0,0.0,6.0,0.0,0.0,0.0,8.0,0.0,0.0,38.0,0.0,20.0,0.0,0.0,0.0,37.0,-5.300000000000001,21.96666666666667,8.803,-0.06299999999999883,8.975
2020,9/28-10/17,N88,92,3533,17.7,STR7,86.93,1,8.693000000000001,0.0,4.0,0.0,0.0,0.0,6.0,0.0,0.0,0.0,8.0,0.0,0.0,38.0,0.0,20.0,0.0,0.0,0.0,38.0,-0.6999999999999993,19.933333333333337,8.612,-0.19100000000000072,8.975
2020,10/26,N89-中,93,3577,15.1,STR7,86.82,1,8.681999999999999,0.0,4.0,0.0,0.0,0.0,6.0,0.0,0.0,0.0,8.0,0.0,0.0,38.0,0.0,20.0,0.0,0.0,0.0,44.0,-2.5999999999999996,17.066666666666666,8.693000000000001,0.0810000000000013,8.975
2020,10/21-10/30,N89,94,3607,15.3,STR7,92.39,1,9.239,0.0,4.0,0.0,0.0,0.0,6.0,0.0,0.0,0.0,8.0,0.0,0.0,38.0,0.0,20.0,0.0,0.0,0.0,30.0,0.20000000000000107,16.033333333333335,8.681999999999999,-0.011000000000002785,8.975
2020,11/13,N90-中,95,3658,13.4,STR7,92.33,1,9.233,0.0,4.0,0.0,0.0,0.0,6.0,0.0,0.0,0.0,8.0,0.0,0.0,38.0,0.0,20.0,0.0,0.0,0.0,51.0,-1.9000000000000004,14.600000000000003,9.239,0.5570000000000022,9.239
2020,11/8-11/19,N90,96,3714,12.2,STR7,90.18,1,9.018,0.0,4.0,0.0,0.0,0.0,6.0,0.0,0.0,0.0,8.0,0.0,0.0,38.0,0.0,20.0,0.0,0.0,0.0,56.0,-1.200000000000001,13.633333333333335,9.233,-0.006000000000000227,9.239
2020,11/29,N91-中,97,3768,3.5,STR7,92.07,1,9.206999999999999,0.0,4.0,0.0,0.0,0.0,6.0,0.0,0.0,0.0,8.0,0.0,0.0,38.0,0.0,20.0,0.0,0.0,0.0,54.0,-8.7,9.700000000000003,9.018,-0.21499999999999986,9.239
2020,11/24-12/5,N91,98,3822,2.3,STR7,91.46,1,9.145999999999999,0.0,4.0,0.0,0.0,0.0,6.0,0.0,0.0,0.0,8.0,0.0,0.0,38.0,0.0,20.0,0.0,0.0,0.0,54.0,-1.2000000000000002,6.000000000000003,9.206999999999999,0.18899999999999828,9.239
2020,12/25,N92-中,99,3875,-0.4,STR7,91.46,1,9.145999999999999,0.0,4.0,0.0,0.0,0.0,6.0,0.0,0.0,0.0,8.0,0.0,0.0,38.0,0.0,20.0,0.0,0.0,0.0,53.0,-2.6999999999999997,1.8000000000000023,9.145999999999999,-0.06099999999999994,9.239
2020,12/10-12/22,N92,100,3929,-0.2,STR7,90.22,1,9.022,0.0,4.0,0.0,0.0,0.0,6.0,0.0,0.0,0.0,8.0,0.0,0.0,38.0,0.0,20.0,0.0,0.0,0.0,54.0,0.2,0.566666666666669,9.145999999999999,0.0,9.239
2020,12/31,N93-中,101,3980,-3.0,STR7,89.46,1,8.946,0.0,4.0,0.0,0.0,0.0,6.0,0.0,0.0,0.0,8.0,0.0,0.0,38.0,0.0,20.0,0.0,0.0,0.0,51.0,-2.8,-1.1999999999999977,9.022,-0.12399999999999878,9.239
2020,12/26-1/6,N93,102,4037,-3.8,STR7,90.04,1,9.004000000000001,0.0,4.0,0.0,0.0,0.0,6.0,0.0,0.0,0.0,8.0,0.0,0.0,38.0,0.0,20.0,0.0,0.0,0.0,57.0,-0.7999999999999998,-2.333333333333331,8.946,-0.07600000000000051,9.239
2021,1/15,N94-中,103,4090,1.4,STR7,88.19,1,8.818999999999999,0.0,4.0,0.0,0.0,0.0,6.0,0.0,0.0,0.0,8.0,0.0,0.0,38.0,0.0,20.0,0.0,0.0,0.0,53.0,5.199999999999999,-1.7999999999999978,9.004000000000001,0.058000000000001606,9.239
2021,1/10-1/21,N94,104,4144,0.2,STR7,92.18,1,9.218,0.0,4.0,0.0,0.0,0.0,6.0,0.0,0.0,0.0,8.0,0.0,0.0,38.0,0.0,20.0,0.0,0.0,0.0,54.0,-1.2,-0.7333333333333308,8.818999999999999,-0.18500000000000227,9.239
2021,3/24,N95-中,105,4204,11.9,STR7,89.86,1,8.986,0.0,4.0,0.0,0.0,0.0,6.0,0.0,0.0,0.0,8.0,0.0,0.0,38.0,0.0,20.0,0.0,0.0,0.0,60.0,11.700000000000001,4.500000000000003,9.218,0.3990000000000009,9.239
2021,3/18-3/29,N95,106,4252,14.2,STR7,91.64,1,9.164,0.0,4.0,0.0,0.0,0.0,6.0,0.0,0.0,0.0,8.0,0.0,0.0,38.0,0.0,20.0,0.0,0.0,0.0,48.0,2.299999999999999,8.766666666666667,8.986,-0.23199999999999932,9.239
2021,4/7,N96-中,107,4307,16.9,STR7,93.33,1,9.333,0.0,4.0,0.0,0.0,0.0,6.0,0.0,0.0,0.0,8.0,0.0,0.0,38.0,0.0,20.0,0.0,0.0,0.0,55.0,2.6999999999999993,14.333333333333334,9.164,0.17799999999999905,9.239
2021,4/2-4/12,N96,108,4358,16.8,STR7,92.22,1,9.222,0.0,4.0,0.0,0.0,0.0,6.0,0.0,0.0,0.0,8.0,0.0,0.0,38.0,0.0,20.0,0.0,0.0,0.0,51.0,-0.09999999999999787,15.966666666666669,9.333,0.16900000000000048,9.333
2021,4/21,N97-中,109,4415,20.2,STR7,93.07,1,9.306999999999999,0.0,4.0,0.0,0.0,0.0,6.0,0.0,0.0,0.0,8.0,0.0,0.0,38.0,0.0,20.0,0.0,0.0,0.0,57.0,3.3999999999999986,17.96666666666667,9.222,-0.11100000000000065,9.333
2021,4/16-4/26,N97,110,4466,19.2,STR7,93.69,1,9.369,0.0,4.0,0.0,0.0,0.0,6.0,0.0,0.0,0.0,8.0,0.0,0.0,38.0,0.0,20.0,0.0,0.0,0.0,51.0,-1.0,18.733333333333334,9.306999999999999,0.08499999999999908,9.333
2021,5/4,N98-中,111,4524,17.7,STR7,94.78,1,9.478,0.0,4.0,0.0,0.0,0.0,6.0,0.0,0.0,0.0,8.0,0.0,0.0,38.0,0.0,20.0,0.0,0.0,0.0,58.0,-1.5,19.033333333333335,9.369,0.062000000000001165,9.369
2021,4/29-5/9,N98,112,4573,20.8,STR7,94.13,1,9.413,0.0,4.0,0.0,0.0,0.0,6.0,0.0,0.0,0.0,8.0,0.0,0.0,38.0,0.0,20.0,0.0,0.0,0.0,49.0,3.1000000000000014,19.233333333333334,9.478,0.10899999999999999,9.478
2021,5/19,N99-中,113,4612,23.8,STR7,94.65,1,9.465,0.0,4.0,0.0,0.0,0.0,6.0,0.0,0.0,0.0,8.0,0.0,0.0,38.0,0.0,20.0,0.0,0.0,0.0,39.0,3.0,20.766666666666666,9.413,-0.0649999999999995,9.478
2021,5/14-5/24,N99,114,4650,25.1,STR7,95.77,1,9.577,0.0,4.0,0.0,0.0,0.0,6.0,0.0,0.0,0.0,8.0,0.0,0.0,38.0,0.0,20.0,0.0,0.0,0.0,38.0,1.3000000000000007,23.233333333333334,9.465,0.0519999999999996,9.478
2021,6/2,N100-中,115,4692,23.6,STR7,95.51,1,9.551,0.0,4.0,0.0,0.0,0.0,6.0,0.0,0.0,0.0,8.0,0.0,0.0,38.0,0.0,20.0,0.0,0.0,0.0,42.0,-1.5,24.16666666666667,9.577,0.1120000000000001,9.577
2021,5/28-6/7,N100,116,4727,25.8,STR7,97.35,1,9.735,0.0,4.0,0.0,0.0,0.0,6.0,0.0,0.0,0.0,8.0,0.0,0.0,38.0,0.0,20.0,0.0,0.0,0.0,35.0,2.1999999999999993,24.833333333333332,9.551,-0.0259999999999998,9.577
2021,6/16,N101-中,117,4768,30.1,STR7,97.81,1,9.781,0.0,4.0,0.0,0.0,0.0,6.0,0.0,0.0,0.0,8.0,0.0,0.0,38.0,0.0,20.0,0.0,0.0,0.0,41.0,4.300000000000001,26.5,9.735,0.18399999999999928,9.735
2021,6/11-6/20,N101,118,4805,30.2,STR7,99.38,1,9.937999999999999,0.0,4.0,0.0,0.0,0.0,6.0,0.0,0.0,0.0,8.0,0.0,0.0,38.0,0.0,20.0,0.0,0.0,0.0,37.0,0.09999999999999787,28.700000000000003,9.781,0.04600000000000115,9.781
2021,6/30,N102-中,119,4843,27.2,STR7,100.03,1,10.003,0.0,4.0,0.0,0.0,0.0,6.0,0.0,0.0,0.0,8.0,0.0,0.0,38.0,0.0,20.0,0.0,0.0,0.0,38.0,-3.0,29.166666666666668,9.937999999999999,0.15699999999999825,9.937999999999999
2021,6/25-7/6,N102,120,4882,27.5,STR7,101.54,1,10.154,0.0,4.0,0.0,0.0,0.0,6.0,0.0,0.0,0.0,8.0,0.0,0.0,38.0,0.0,20.0,0.0,0.0,0.0,39.0,0.3000000000000007,28.3,10.003,0.06500000000000128,10.003
2021,7/14,N103-中,121,4922,29.1,STR7,101.26,1,10.126000000000001,0.0,4.0,0.0,0.0,0.0,6.0,0.0,0.0,0.0,8.0,0.0,0.0,38.0,0.0,20.0,0.0,0.0,0.0,40.0,1.6000000000000014,27.933333333333337,10.154,0.1509999999999998,10.154
2021,7/9-7/19,N103,122,4960,29.0,STR7,98.07,1,9.806999999999999,0.0,4.0,0.0,0.0,0.0,6.0,0.0,0.0,0.0,8.0,0.0,0.0,38.0,0.0,20.0,0.0,0.0,0.0,38.0,-0.10000000000000142,28.53333333333333,10.126000000000001,-0.027999999999998693,10.154
2021,7/28,N104-中,123,4999,31.2,STR7,100.65,1,10.065000000000001,0.0,4.0,0.0,0.0,0.0,6.0,0.0,0.0,0.0,8.0,0.0,0.0,38.0,0.0,20.0,0.0,0.0,0.0,39.0,2.1999999999999993,29.766666666666666,9.806999999999999,-0.3190000000000026,10.154
2021,7/23-8/1,N104,124,5037,29.9,STR7,99.58,1,9.958,0.0,4.0,0.0,0.0,0.0,6.0,0.0,0.0,0.0,8.0,0.0,0.0,38.0,0.0,20.0,0.0,0.0,0.0,38.0,-1.3000000000000007,30.033333333333335,10.065000000000001,0.25800000000000267,10.154
2021,8/10,N105-中,125,5077,30.5,STR7,104.26,1,10.426,0.0,4.0,0.0,0.0,0.0,6.0,0.0,0.0,0.0,8.0,0.0,0.0,38.0,0.0,20.0,0.0,0.0,0.0,40.0,0.6000000000000014,30.533333333333335,9.958,-0.1070000000000011,10.154
2021,8/6-8/15,N105,126,5115,29.2,STR7,102.75,1,10.275,0.0,4.0,0.0,0.0,0.0,6.0,0.0,0.0,0.0,8.0,0.0,0.0,38.0,0.0,20.0,0.0,0.0,0.0,38.0,-1.3000000000000007,29.866666666666664,10.426,0.46799999999999997,10.426
2021,8/25,N106-中,127,5151,28.1,STR7,104.71,1,10.471,0.0,4.0,0.0,0.0,0.0,6.0,0.0,0.0,0.0,8.0,0.0,0.0,38.0,0.0,20.0,0.0,0.0,0.0,36.0,-1.0999999999999979,29.26666666666667,10.275,-0.1509999999999998,10.426
2021,8/20-8/29,N106,128,5193,27.5,STR7,103.6,1,10.36,0.0,4.0,0.0,0.0,0.0,6.0,0.0,0.0,0.0,8.0,0.0,0.0,38.0,0.0,20.0,0.0,0.0,0.0,42.0,-0.6000000000000014,28.26666666666667,10.471,0.19599999999999973,10.471
2021,9/8,N107-中,129,5237,24.1,STR7,104.93,1,10.493,0.0,4.0,0.0,0.0,0.0,6.0,0.0,0.0,0.0,8.0,0.0,0.0,38.0,0.0,20.0,0.0,0.0,0.0,44.0,-3.3999999999999986,26.566666666666666,10.36,-0.11100000000000065,10.471
2021,9/03-9/13,N107,130,5271,25.2,STR7,101.88,1,10.187999999999999,0.0,4.0,0.0,0.0,0.0,6.0,0.0,0.0,0.0,8.0,0.0,0.0,38.0,0.0,20.0,0.0,0.0,0.0,34.0,1.0999999999999979,25.600000000000005,10.493,0.1330000000000009,10.493
2021,9/22,N108-中,131,5314,22.2,STR7,105.0,1,10.5,0.0,4.0,0.0,0.0,0.0,6.0,0.0,0.0,0.0,8.0,0.0,0.0,38.0,0.0,20.0,0.0,0.0,0.0,43.0,-3.0,23.833333333333332,10.187999999999999,-0.3050000000000015,10.493
2021,9/17-9/26,N108,132,5349,22.5,STR7,102.83,1,10.283,0.0,4.0,0.0,0.0,0.0,6.0,0.0,0.0,0.0,8.0,0.0,0.0,38.0,0.0,20.0,0.0,0.0,0.0,35.0,0.3000000000000007,23.3,10.5,0.31200000000000117,10.5
2021,10/13,N109-中,133,5387,16.3,STR7,101.42,1,10.142,0.0,4.0,0.0,0.0,0.0,6.0,0.0,0.0,0.0,8.0,0.0,0.0,38.0,0.0,20.0,0.0,0.0,0.0,38.0,-6.199999999999999,20.333333333333332,10.283,-0.21700000000000053,10.5
2021,10/8-10/18,N109,134,5427,15.6,STR7,101.01,1,10.101,0.0,4.0,0.0,0.0,0.0,6.0,0.0,0.0,0.0,8.0,0.0,0.0,38.0,0.0,20.0,0.0,0.0,0.0,40.0,-0.7000000000000011,18.133333333333333,10.142,-0.14100000000000001,10.5
2021,10/27,N110-中,135,5469,15.5,STR7,102.71,1,10.270999999999999,0.0,4.0,0.0,0.0,0.0,6.0,0.0,0.0,0.0,8.0,0.0,0.0,38.0,0.0,20.0,0.0,0.0,0.0,42.0,-0.09999999999999964,15.800000000000002,10.101,-0.04099999999999859,10.5
2021,10/22-11/1,N110,136,5504,15.5,STR7,100.27,1,10.027,0.0,4.0,0.0,0.0,0.0,6.0,0.0,0.0,0.0,8.0,0.0,0.0,38.0,0.0,20.0,0.0,0.0,0.0,35.0,0.0,15.533333333333333,10.270999999999999,0.16999999999999815,10.5
2021,11/11,N111-中,137,5556,7.7,STR7,101.26,1,10.126000000000001,0.0,4.0,0.0,0.0,0.0,6.0,0.0,0.0,0.0,8.0,0.0,0.0,38.0,0.0,20.0,0.0,0.0,0.0,52.0,-7.8,12.9,10.027,-0.24399999999999977,10.5
2021,11/05-11/17,N111,138,5612,9.3,STR7,100.5,1,10.05,0.0,4.0,0.0,0.0,0.0,6.0,0.0,0.0,0.0,8.0,0.0,0.0,38.0,0.0,20.0,0.0,0.0,0.0,56.0,1.6000000000000005,10.833333333333334,10.126000000000001,0.09900000000000198,10.5
2021,11/25,N112-中,139,5669,5.5,STR7,98.75,1,9.875,0.0,4.0,0.0,0.0,0.0,6.0,0.0,0.0,0.0,8.0,0.0,0.0,38.0,0.0,20.0,0.0,0.0,0.0,57.0,-3.8000000000000007,7.500000000000001,10.05,-0.07600000000000051,10.5
2021,11/20-11/30,N112,140,5720,6.4,STR7,100.78,1,10.078,0.0,4.0,0.0,0.0,0.0,6.0,0.0,0.0,0.0,8.0,0.0,0.0,38.0,0.0,20.0,0.0,0.0,0.0,51.0,0.9000000000000004,7.066666666666667,9.875,-0.1750000000000007,10.5
2021,12/9,N113-中,141,5778,7.2,STR7,101.89,1,10.189,0.0,4.0,0.0,0.0,0.0,6.0,0.0,0.0,0.0,8.0,0.0,0.0,38.0,0.0,20.0,0.0,0.0,0.0,58.0,0.7999999999999998,6.366666666666668,10.078,0.2029999999999994,10.5
2021,12/4-12/14,N113,142,5828,5.4,STR7,101.54,1,10.154,0.0,4.0,0.0,0.0,0.0,6.0,0.0,0.0,0.0,8.0,0.0,0.0,38.0,0.0,20.0,0.0,0.0,0.0,50.0,-1.7999999999999998,6.333333333333335,10.189,0.11100000000000065,10.5
2021,12/23,N114-中,143,5889,3.1,STR7,100.78,1,10.078,0.0,4.0,0.0,0.0,0.0,6.0,0.0,0.0,0.0,8.0,0.0,0.0,38.0,0.0,20.0,0.0,0.0,0.0,61.0,-2.3000000000000003,5.233333333333335,10.154,-0.03500000000000014,10.5
2021,12/17-12/28,N114,144,5936,0.2,STR7,100.64,1,10.064,0.0,4.0,0.0,0.0,0.0,6.0,0.0,0.0,0.0,8.0,0.0,0.0,38.0,0.0,20.0,0.0,0.0,0.0,47.0,-2.9,2.900000000000001,10.078,-0.07600000000000051,10.5
2021,1/8,N115-中,145,5992,1.1,STR7,99.31,1,9.931000000000001,0.0,4.0,0.0,0.0,0.0,6.0,0.0,0.0,0.0,8.0,0.0,0.0,38.0,0.0,20.0,0.0,0.0,0.0,56.0,0.9000000000000001,1.466666666666668,10.064,-0.013999999999999346,10.5
2021,1/3-1/13,N115,146,6044,0.8,STR7,100.19,1,10.019,0.0,4.0,0.0,0.0,0.0,6.0,0.0,0.0,0.0,8.0,0.0,0.0,38.0,0.0,20.0,0.0,0.0,0.0,52.0,-0.30000000000000004,0.7000000000000012,9.931000000000001,-0.13299999999999912,10.5
2016,11/30-12/10,N1,0,3,3.8,STR8,17.0,1,1.7,0.0,4.0,0.0,0.0,0.0,6.0,0.0,0.0,0.0,8.0,0.0,0.0,0.0,38.0,20.0,0.0,0.0,0.0,0.0,0.0,3.8,,,
2016,12/13-12/24,N2,1,10,1.2,STR8,16.78,1,1.6780000000000002,0.0,4.0,0.0,0.0,0.0,6.0,0.0,0.0,0.0,8.0,0.0,0.0,0.0,38.0,20.0,0.0,0.0,0.0,7.0,-2.5999999999999996,2.5,1.7,,1.7
2016,12/27-1/9,N3,2,30,0.9,STR8,22.4,1,2.2399999999999998,0.0,4.0,0.0,0.0,0.0,6.0,0.0,0.0,0.0,8.0,0.0,0.0,0.0,38.0,20.0,0.0,0.0,0.0,20.0,-0.29999999999999993,1.9666666666666666,1.6780000000000002,-0.021999999999999797,1.7
2017,1/12-2/23,N4,3,48,3.6,STR8,20.33,1,2.033,0.0,4.0,0.0,0.0,0.0,6.0,0.0,0.0,0.0,8.0,0.0,0.0,0.0,38.0,20.0,0.0,0.0,0.0,18.0,2.7,1.9000000000000001,2.2399999999999998,0.5619999999999996,2.2399999999999998
2017,2/26-3/10,N5,4,67,11.4,STR8,,0,,0.0,4.0,0.0,0.0,0.0,6.0,0.0,0.0,0.0,8.0,0.0,0.0,0.0,38.0,20.0,0.0,0.0,0.0,19.0,7.800000000000001,5.3,2.033,-0.20699999999999985,2.2399999999999998
2017,3/13-3/23,N6,5,85,13.9,STR8,19.57,1,1.957,0.0,4.0,0.0,0.0,0.0,6.0,0.0,0.0,0.0,8.0,0.0,0.0,0.0,38.0,20.0,0.0,0.0,0.0,18.0,2.5,9.633333333333333,2.033,-0.20699999999999985,2.2399999999999998
2017,3/26-4/6,N7,6,104,19.1,STR8,19.32,1,1.932,0.0,4.0,0.0,0.0,0.0,6.0,0.0,0.0,0.0,8.0,0.0,0.0,0.0,38.0,20.0,0.0,0.0,0.0,19.0,5.200000000000001,14.799999999999999,1.957,-0.07599999999999985,2.2399999999999998
2017,4/9-4/13,N8,7,108,21.1,STR8,20.37,1,2.037,0.0,4.0,0.0,0.0,0.0,6.0,0.0,0.0,0.0,8.0,0.0,0.0,0.0,38.0,20.0,0.0,0.0,0.0,4.0,2.0,18.033333333333335,1.932,-0.025000000000000133,2.2399999999999998
2017,4/17-4-21,N9,8,109,21.7,STR8,21.74,1,2.174,0.0,4.0,0.0,0.0,0.0,6.0,0.0,0.0,0.0,8.0,0.0,0.0,0.0,38.0,20.0,0.0,0.0,0.0,1.0,0.5999999999999979,20.633333333333336,2.037,0.10499999999999998,2.2399999999999998
2017,4/24-5/4,N10,9,129,27.0,STR8,25.47,1,2.5469999999999997,0.0,4.0,0.0,0.0,0.0,6.0,0.0,0.0,0.0,8.0,0.0,0.0,0.0,38.0,20.0,0.0,0.0,0.0,20.0,5.300000000000001,23.266666666666666,2.174,0.137,2.2399999999999998
2017,5/7-5-17,N11,10,149,30.1,STR8,30.79,1,3.0789999999999997,0.0,4.0,0.0,0.0,0.0,6.0,0.0,0.0,0.0,8.0,0.0,0.0,0.0,38.0,20.0,0.0,0.0,0.0,20.0,3.1000000000000014,26.266666666666666,2.5469999999999997,0.3729999999999998,2.5469999999999997
2017,5/20-5/30,N12,11,168,30.2,STR8,40.33,1,4.0329999999999995,0.0,4.0,0.0,0.0,0.0,6.0,0.0,0.0,0.0,8.0,0.0,0.0,0.0,38.0,20.0,0.0,0.0,0.0,19.0,0.09999999999999787,29.099999999999998,3.0789999999999997,0.532,3.0789999999999997
2017,6/2-6/12,N13,12,188,29.6,STR8,41.33,1,4.133,0.0,4.0,0.0,0.0,0.0,6.0,0.0,0.0,0.0,8.0,0.0,0.0,0.0,38.0,20.0,0.0,0.0,0.0,20.0,-0.5999999999999979,29.96666666666667,4.0329999999999995,0.9539999999999997,4.0329999999999995
2017,6/16-6/26,N14,13,206,30.1,STR8,46.23,1,4.622999999999999,0.0,4.0,0.0,0.0,0.0,6.0,0.0,0.0,0.0,8.0,0.0,0.0,0.0,38.0,20.0,0.0,0.0,0.0,18.0,0.5,29.96666666666667,4.133,0.10000000000000053,4.133
2017,6/29-7/10,N15,14,224,28.6,STR8,44.79,1,4.479,0.0,4.0,0.0,0.0,0.0,6.0,0.0,0.0,0.0,8.0,0.0,0.0,0.0,38.0,20.0,0.0,0.0,0.0,18.0,-1.5,29.433333333333337,4.622999999999999,0.4899999999999993,4.622999999999999
2017,7/13-7/23,N16-17,15,230,31.4,STR8,49.03,1,4.9030000000000005,0.0,4.0,0.0,0.0,0.0,6.0,0.0,0.0,0.0,8.0,0.0,0.0,0.0,38.0,20.0,0.0,0.0,0.0,6.0,2.799999999999997,30.03333333333333,4.479,-0.14399999999999924,4.622999999999999
2017,7/27-8/7,N18,16,250,32.1,STR8,52.6,1,5.26,0.0,4.0,0.0,0.0,0.0,6.0,0.0,0.0,0.0,8.0,0.0,0.0,0.0,38.0,20.0,0.0,0.0,0.0,20.0,0.7000000000000028,30.7,4.9030000000000005,0.4240000000000004,4.9030000000000005
2017,8/10-8/21,N19,17,268,28.6,STR8,55.54,1,5.554,0.0,4.0,0.0,0.0,0.0,6.0,0.0,0.0,0.0,8.0,0.0,0.0,0.0,38.0,20.0,0.0,0.0,0.0,18.0,-3.5,30.7,5.26,0.3569999999999993,5.26
2017,8/25-9/4,N20,18,286,26.3,STR8,53.84,1,5.384,0.0,4.0,0.0,0.0,0.0,6.0,0.0,0.0,0.0,8.0,0.0,0.0,0.0,38.0,20.0,0.0,0.0,0.0,18.0,-2.3000000000000007,29.0,5.554,0.2940000000000005,5.554
2017,9/8-9/18,N21,19,305,28.2,STR8,65.0,1,6.5,0.0,4.0,0.0,0.0,0.0,6.0,0.0,0.0,0.0,8.0,0.0,0.0,0.0,38.0,20.0,0.0,0.0,0.0,19.0,1.8999999999999986,27.7,5.384,-0.16999999999999993,5.554
2017,9/21-10/9,N22,20,323,22.9,STR8,46.5,1,4.65,0.0,4.0,0.0,0.0,0.0,6.0,0.0,0.0,0.0,8.0,0.0,0.0,0.0,38.0,20.0,0.0,0.0,0.0,18.0,-5.300000000000001,25.8,6.5,1.1159999999999997,6.5
2017,10/13-10/25,N23,21,346,14.9,STR8,51.03,1,5.103,0.0,4.0,0.0,0.0,0.0,6.0,0.0,0.0,0.0,8.0,0.0,0.0,0.0,38.0,20.0,0.0,0.0,0.0,23.0,-7.999999999999998,22.0,4.65,-1.8499999999999996,6.5
2017,11/1-11/12,N24-25,22,352,11.1,STR8,62.3,1,6.2299999999999995,0.0,4.0,0.0,0.0,0.0,6.0,0.0,0.0,0.0,8.0,0.0,0.0,0.0,38.0,20.0,0.0,0.0,0.0,6.0,-3.8000000000000007,16.3,5.103,0.4529999999999994,6.5
2017,11/15-11/26,N26,23,371,3.8,STR8,64.7,1,6.470000000000001,0.0,4.0,0.0,0.0,0.0,6.0,0.0,0.0,0.0,8.0,0.0,0.0,0.0,38.0,20.0,0.0,0.0,0.0,19.0,-7.3,9.933333333333334,6.2299999999999995,1.1269999999999998,6.5
2017,12/9-12/21,N27,24,391,0.0,STR8,61.07,1,6.107,0.0,4.0,0.0,0.0,0.0,6.0,0.0,0.0,0.0,8.0,0.0,0.0,0.0,38.0,20.0,0.0,0.0,0.0,20.0,-3.8,4.966666666666666,6.470000000000001,0.2400000000000011,6.5
2017,12/23-1/3,N28,25,410,0.2,STR8,64.02,1,6.401999999999999,0.0,4.0,0.0,0.0,0.0,6.0,0.0,0.0,0.0,8.0,0.0,0.0,0.0,38.0,20.0,0.0,0.0,0.0,19.0,0.2,1.3333333333333333,6.107,-0.36300000000000043,6.5
2018,1/7-1/18,N29-30,26,415,-1.0,STR8,54.73,1,5.473,0.0,4.0,0.0,0.0,0.0,6.0,0.0,0.0,0.0,8.0,0.0,0.0,0.0,38.0,20.0,0.0,0.0,0.0,5.0,-1.2,-0.26666666666666666,6.401999999999999,0.29499999999999904,6.5
2018,1/20-1/30,N31,27,434,-2.2,STR8,60.65,1,6.0649999999999995,0.0,4.0,0.0,0.0,0.0,6.0,0.0,0.0,0.0,8.0,0.0,0.0,0.0,38.0,20.0,0.0,0.0,0.0,19.0,-1.2000000000000002,-1.0,5.473,-0.9289999999999994,6.5
2018,3/9-3/21,N32,28,454,8.3,STR8,57.23,1,5.723,0.0,4.0,0.0,0.0,0.0,6.0,0.0,0.0,0.0,8.0,0.0,0.0,0.0,38.0,20.0,0.0,0.0,0.0,20.0,10.5,1.7000000000000002,6.0649999999999995,0.5919999999999996,6.5
2018,3/25-4/7,N33,29,473,15.7,STR8,41.63,1,4.163,0.0,4.0,0.0,0.0,0.0,6.0,0.0,0.0,0.0,8.0,0.0,0.0,0.0,38.0,20.0,0.0,0.0,0.0,19.0,7.399999999999999,7.266666666666667,5.723,-0.34199999999999964,6.5
2018,4/10-4/21,N34,30,492,19.4,STR8,48.88,1,4.888,0.0,4.0,0.0,0.0,0.0,6.0,0.0,0.0,0.0,8.0,0.0,0.0,0.0,38.0,20.0,0.0,0.0,0.0,19.0,3.6999999999999993,14.466666666666667,4.163,-1.5599999999999996,6.5
2018,4/26-5/7,N35-36,31,498,23.7,STR8,59.92,1,5.992,0.0,4.0,0.0,0.0,0.0,6.0,0.0,0.0,0.0,8.0,0.0,0.0,0.0,38.0,20.0,0.0,0.0,0.0,6.0,4.300000000000001,19.599999999999998,4.888,0.7249999999999996,6.5
2018,5/10-5/21,N37,32,517,24.1,STR8,61.02,1,6.102,0.0,4.0,0.0,0.0,0.0,6.0,0.0,0.0,0.0,8.0,0.0,0.0,0.0,38.0,20.0,0.0,0.0,0.0,19.0,0.40000000000000213,22.400000000000002,5.992,1.104,6.5
2018,5/24-6/4,N38,33,536,29.7,STR8,37.35,1,3.7350000000000003,0.0,4.0,0.0,0.0,0.0,6.0,0.0,0.0,0.0,8.0,0.0,0.0,0.0,38.0,20.0,0.0,0.0,0.0,19.0,5.599999999999998,25.833333333333332,6.102,0.11000000000000032,6.5
2018,6/7-6/19,N39,34,556,26.6,STR8,58.15,1,5.8149999999999995,0.0,4.0,0.0,0.0,0.0,6.0,0.0,0.0,0.0,8.0,0.0,0.0,0.0,38.0,20.0,0.0,0.0,0.0,20.0,-3.099999999999998,26.8,3.7350000000000003,-2.367,6.5
2018,6/22-7/2,N40,35,574,32.8,STR8,52.25,1,5.225,0.0,4.0,0.0,0.0,0.0,6.0,0.0,0.0,0.0,8.0,0.0,0.0,0.0,38.0,20.0,0.0,0.0,0.0,18.0,6.199999999999996,29.7,5.8149999999999995,2.079999999999999,6.5
2018,7/5-7/17,N41,36,593,28.3,STR8,63.18,1,6.318,0.0,4.0,0.0,0.0,0.0,6.0,0.0,0.0,0.0,8.0,0.0,0.0,0.0,38.0,20.0,0.0,0.0,0.0,19.0,-4.4999999999999964,29.233333333333334,5.225,-0.5899999999999999,6.5
2018,7/22-7/31,N42,37,612,32.7,STR8,64.67,1,6.4670000000000005,0.0,4.0,0.0,0.0,0.0,6.0,0.0,0.0,0.0,8.0,0.0,0.0,0.0,38.0,20.0,0.0,0.0,0.0,19.0,4.400000000000002,31.26666666666667,6.318,1.093,6.5
2018,8/3-8/14,N43-44,38,618,30.5,STR8,69.93,1,6.993,0.0,4.0,0.0,0.0,0.0,6.0,0.0,0.0,0.0,8.0,0.0,0.0,0.0,38.0,20.0,0.0,0.0,0.0,6.0,-2.200000000000003,30.5,6.4670000000000005,0.1490000000000009,6.5
2018,8/17-8/30,N45,39,636,29.6,STR8,70.53,1,7.053,0.0,4.0,0.0,0.0,0.0,6.0,0.0,0.0,0.0,8.0,0.0,0.0,0.0,38.0,20.0,0.0,0.0,0.0,18.0,-0.8999999999999986,30.933333333333337,6.993,0.5259999999999998,6.993
2018,9/2-9/12,N46,40,655,26.9,STR8,71.54,1,7.154000000000001,0.0,4.0,0.0,0.0,0.0,6.0,0.0,0.0,0.0,8.0,0.0,0.0,0.0,38.0,20.0,0.0,0.0,0.0,19.0,-2.700000000000003,29.0,7.053,0.05999999999999961,7.053
2018,9/15-9/25,N47,41,675,22.8,STR8,68.87,1,6.8870000000000005,0.0,4.0,0.0,0.0,0.0,6.0,0.0,0.0,0.0,8.0,0.0,0.0,0.0,38.0,20.0,0.0,0.0,0.0,20.0,-4.099999999999998,26.433333333333337,7.154000000000001,0.10100000000000087,7.154000000000001
2018,10/4-10/15,N48,42,694,17.4,STR8,68.45,1,6.845000000000001,0.0,4.0,0.0,0.0,0.0,6.0,0.0,0.0,0.0,8.0,0.0,0.0,0.0,38.0,20.0,0.0,0.0,0.0,19.0,-5.400000000000002,22.36666666666667,6.8870000000000005,-0.26700000000000035,7.154000000000001
2018,10/17-10/28,N49,43,714,14.8,STR8,70.27,1,7.026999999999999,0.0,4.0,0.0,0.0,0.0,6.0,0.0,0.0,0.0,8.0,0.0,0.0,0.0,38.0,20.0,0.0,0.0,0.0,20.0,-2.599999999999998,18.333333333333336,6.845000000000001,-0.041999999999999815,7.154000000000001
2018,11/2-11/16,N50-51,44,719,9.8,STR8,69.43,1,6.9430000000000005,0.0,4.0,0.0,0.0,0.0,6.0,0.0,0.0,0.0,8.0,0.0,0.0,0.0,38.0,20.0,0.0,0.0,0.0,5.0,-5.0,14.0,7.026999999999999,0.1819999999999986,7.154000000000001
2018,11/20-12/1,N52,45,738,6.5,STR8,58.29,1,5.829,0.0,4.0,0.0,0.0,0.0,6.0,0.0,0.0,0.0,8.0,0.0,0.0,0.0,38.0,20.0,0.0,0.0,0.0,19.0,-3.3000000000000007,10.366666666666669,6.9430000000000005,-0.08399999999999874,7.154000000000001
2018,12/4-12/17,N53,46,757,-1.1,STR8,63.82,1,6.382,0.0,4.0,0.0,0.0,0.0,6.0,0.0,0.0,0.0,8.0,0.0,0.0,0.0,38.0,20.0,0.0,0.0,0.0,19.0,-7.6,5.066666666666669,5.829,-1.1140000000000008,7.154000000000001
2018,12/30-2019/1/14,N54,47,834,-0.2,STR8,63.2,1,6.32,0.0,4.0,0.0,0.0,0.0,6.0,0.0,0.0,0.0,8.0,0.0,0.0,0.0,38.0,20.0,0.0,0.0,0.0,77.0,0.9000000000000001,1.7333333333333358,6.382,0.5529999999999999,7.154000000000001
2019,1/18-1/28,N55,48,912,4.0,STR8,60.82,1,6.082,0.0,4.0,0.0,0.0,0.0,6.0,0.0,0.0,0.0,8.0,0.0,0.0,0.0,38.0,20.0,0.0,0.0,0.0,78.0,4.2,0.9000000000000022,6.32,-0.06199999999999939,7.154000000000001
2019,3/1-3/20,N56,49,1013,14.2,STR8,62.36,1,6.236,0.0,4.0,0.0,0.0,0.0,6.0,0.0,0.0,0.0,8.0,0.0,0.0,0.0,38.0,20.0,0.0,0.0,0.0,101.0,10.2,6.000000000000003,6.082,-0.23800000000000043,7.154000000000001
2019,3/24-4/4,N57,50,1114,14.5,STR8,65.94,1,6.593999999999999,0.0,4.0,0.0,0.0,0.0,6.0,0.0,0.0,0.0,8.0,0.0,0.0,0.0,38.0,20.0,0.0,0.0,0.0,101.0,0.3000000000000007,10.9,6.236,0.15399999999999991,7.154000000000001
2019,4/10-4/20,N58,51,1215,18.9,STR8,67.54,1,6.7540000000000004,0.0,4.0,0.0,0.0,0.0,6.0,0.0,0.0,0.0,8.0,0.0,0.0,0.0,38.0,20.0,0.0,0.0,0.0,101.0,4.399999999999999,15.866666666666669,6.593999999999999,0.35799999999999965,7.154000000000001
2019,4/25-5/5,N59,52,1317,20.3,STR8,68.1,1,6.81,0.0,4.0,0.0,0.0,0.0,6.0,0.0,0.0,0.0,8.0,0.0,0.0,0.0,38.0,20.0,0.0,0.0,0.0,102.0,1.4000000000000021,17.900000000000002,6.7540000000000004,0.16000000000000103,7.154000000000001
2019,5/9-5/21,N60,53,1376,25.0,STR8,72.56,1,7.256,0.0,4.0,0.0,0.0,0.0,6.0,0.0,0.0,0.0,8.0,0.0,0.0,0.0,38.0,20.0,0.0,0.0,0.0,59.0,4.699999999999999,21.400000000000002,6.81,0.05599999999999916,7.154000000000001
2019,5/27-6/5,N61,54,1441,27.8,STR8,68.94,1,6.894,0.0,4.0,0.0,0.0,0.0,6.0,0.0,0.0,0.0,8.0,0.0,0.0,0.0,38.0,20.0,0.0,0.0,0.0,65.0,2.8000000000000007,24.36666666666667,7.256,0.4460000000000006,7.256
2019,6/12-6/22,N62,55,1508,29.3,STR8,71.33,1,7.133,0.0,4.0,0.0,0.0,0.0,6.0,0.0,0.0,0.0,8.0,0.0,0.0,0.0,38.0,20.0,0.0,0.0,0.0,67.0,1.5,27.36666666666667,6.894,-0.3620000000000001,7.256
2019,6/27-7/7,N63,56,1566,29.8,STR8,77.76,1,7.776000000000001,0.0,4.0,0.0,0.0,0.0,6.0,0.0,0.0,0.0,8.0,0.0,0.0,0.0,38.0,20.0,0.0,0.0,0.0,58.0,0.5,28.96666666666667,7.133,0.23899999999999988,7.256
2019,7/11-7/21,N64,57,1637,30.7,STR8,70.9,1,7.090000000000001,0.0,4.0,0.0,0.0,0.0,6.0,0.0,0.0,0.0,8.0,0.0,0.0,0.0,38.0,20.0,0.0,0.0,0.0,71.0,0.8999999999999986,29.933333333333337,7.776000000000001,0.6430000000000007,7.776000000000001
2019,7/25-8/4,N65,58,1706,31.2,STR8,84.78,1,8.478,0.0,4.0,0.0,0.0,0.0,6.0,0.0,0.0,0.0,8.0,0.0,0.0,0.0,38.0,20.0,0.0,0.0,0.0,69.0,0.5,30.566666666666666,7.090000000000001,-0.6859999999999999,7.776000000000001
2019,8/9-8/19,N66,59,1777,29.1,STR8,87.19,1,8.719,0.0,4.0,0.0,0.0,0.0,6.0,0.0,0.0,0.0,8.0,0.0,0.0,0.0,38.0,20.0,0.0,0.0,0.0,71.0,-2.099999999999998,30.33333333333334,8.478,1.387999999999999,8.478
2019,8/24-9/5,N67,60,1847,29.4,STR8,85.29,1,8.529,0.0,4.0,0.0,0.0,0.0,6.0,0.0,0.0,0.0,8.0,0.0,0.0,0.0,38.0,20.0,0.0,0.0,0.0,70.0,0.29999999999999716,29.900000000000002,8.719,0.24099999999999966,8.719
2019,9/10-9/20,N68,61,1915,24.1,STR8,86.81,1,8.681000000000001,0.0,4.0,0.0,0.0,0.0,6.0,0.0,0.0,0.0,8.0,0.0,0.0,0.0,38.0,20.0,0.0,0.0,0.0,68.0,-5.299999999999997,27.533333333333335,8.529,-0.1899999999999995,8.719
2019,9/25-10/13,N69,62,1981,21.8,STR8,78.85,1,7.885,0.0,4.0,0.0,0.0,0.0,6.0,0.0,0.0,0.0,8.0,0.0,0.0,0.0,38.0,20.0,0.0,0.0,0.0,66.0,-2.3000000000000007,25.100000000000005,8.681000000000001,0.15200000000000102,8.719
2019,10/18-10/28,N70,63,2048,15.4,STR8,83.83,1,8.383,0.0,4.0,0.0,0.0,0.0,6.0,0.0,0.0,0.0,8.0,0.0,0.0,0.0,38.0,20.0,0.0,0.0,0.0,67.0,-6.4,20.433333333333334,7.885,-0.7960000000000012,8.719
2019,11/3-11/14,N71,64,2116,12.1,STR8,68.13,1,6.813,0.0,4.0,0.0,0.0,0.0,6.0,0.0,0.0,0.0,8.0,0.0,0.0,0.0,38.0,20.0,0.0,0.0,0.0,68.0,-3.3000000000000007,16.433333333333334,8.383,0.49799999999999933,8.719
2019,11/20-12/1,N72,65,2184,3.8,STR8,80.99,1,8.099,0.0,4.0,0.0,0.0,0.0,6.0,0.0,0.0,0.0,8.0,0.0,0.0,0.0,38.0,20.0,0.0,0.0,0.0,68.0,-8.3,10.433333333333335,6.813,-1.5699999999999994,8.719
2019,12/5-12/21,N73,66,2290,0.8,STR8,82.5,1,8.25,0.0,4.0,0.0,0.0,0.0,6.0,0.0,0.0,0.0,8.0,0.0,0.0,0.0,38.0,20.0,0.0,0.0,0.0,106.0,-3.0,5.566666666666669,8.099,1.2860000000000005,8.719
2019,12/26-1/5,N74,67,2396,0.1,STR8,79.1,1,7.909999999999999,0.0,4.0,0.0,0.0,0.0,6.0,0.0,0.0,0.0,8.0,0.0,0.0,0.0,38.0,20.0,0.0,0.0,0.0,106.0,-0.7000000000000001,1.566666666666669,8.25,0.1509999999999998,8.719
2020,3/19-3/31,N75,68,2501,14.9,STR8,80.71,1,8.071,0.0,4.0,0.0,0.0,0.0,6.0,0.0,0.0,0.0,8.0,0.0,0.0,0.0,38.0,20.0,0.0,0.0,0.0,105.0,14.8,5.266666666666669,7.909999999999999,-0.34000000000000075,8.719
2020,4/4-4/15,N76,69,2605,18.0,STR8,81.23,1,8.123000000000001,0.0,4.0,0.0,0.0,0.0,6.0,0.0,0.0,0.0,8.0,0.0,0.0,0.0,38.0,20.0,0.0,0.0,0.0,104.0,3.0999999999999996,11.000000000000002,8.071,0.16100000000000048,8.719
2020,4/19-4/28,N77,70,2708,18.3,STR8,82.79,1,8.279,0.0,4.0,0.0,0.0,0.0,6.0,0.0,0.0,0.0,8.0,0.0,0.0,0.0,38.0,20.0,0.0,0.0,0.0,103.0,0.3000000000000007,17.066666666666666,8.123000000000001,0.05200000000000138,8.719
2020,5/7,N78-中,71,2757,23.2,STR8,81.81,1,8.181000000000001,0.0,4.0,0.0,0.0,0.0,6.0,0.0,0.0,0.0,8.0,0.0,0.0,0.0,38.0,20.0,0.0,0.0,0.0,49.0,4.899999999999999,19.833333333333336,8.279,0.1559999999999988,8.719
2020,5/1-5/10,N78,72,2783,18.6,STR8,83.43,1,8.343,0.0,4.0,0.0,0.0,0.0,6.0,0.0,0.0,0.0,8.0,0.0,0.0,0.0,38.0,20.0,0.0,0.0,0.0,26.0,-4.599999999999998,20.033333333333335,8.181000000000001,-0.09799999999999898,8.719
2020,5/19,N79-中,73,2824,22.1,STR8,81.28,1,8.128,0.0,4.0,0.0,0.0,0.0,6.0,0.0,0.0,0.0,8.0,0.0,0.0,0.0,38.0,20.0,0.0,0.0,0.0,41.0,3.5,21.300000000000004,8.343,0.16199999999999903,8.719
2020,5/14-5/23,N79,74,2857,24.5,STR8,84.76,1,8.476,0.0,4.0,0.0,0.0,0.0,6.0,0.0,0.0,0.0,8.0,0.0,0.0,0.0,38.0,20.0,0.0,0.0,0.0,33.0,2.3999999999999986,21.733333333333338,8.128,-0.21499999999999986,8.719
2020,6/2,N80-中,75,2900,27.0,STR8,89.45,1,8.945,0.0,4.0,0.0,0.0,0.0,6.0,0.0,0.0,0.0,8.0,0.0,0.0,0.0,38.0,20.0,0.0,0.0,0.0,43.0,2.5,24.533333333333335,8.476,0.34800000000000075,8.719
2020,5/27-6/6,N80,76,2931,29.7,STR8,87.55,1,8.754999999999999,0.0,4.0,0.0,0.0,0.0,6.0,0.0,0.0,0.0,8.0,0.0,0.0,0.0,38.0,20.0,0.0,0.0,0.0,31.0,2.6999999999999993,27.066666666666666,8.945,0.4689999999999994,8.945
2020,6/17,N81-中,77,2987,31.7,STR8,90.3,1,9.03,0.0,4.0,0.0,0.0,0.0,6.0,0.0,0.0,0.0,8.0,0.0,0.0,0.0,38.0,20.0,0.0,0.0,0.0,56.0,2.0,29.46666666666667,8.754999999999999,-0.19000000000000128,8.945
2020,6/10-6/19,N81,78,3006,29.0,STR8,93.58,1,9.358,0.0,4.0,0.0,0.0,0.0,6.0,0.0,0.0,0.0,8.0,0.0,0.0,0.0,38.0,20.0,0.0,0.0,0.0,19.0,-2.6999999999999993,30.133333333333336,9.03,0.27500000000000036,9.03
2020,6/29,N82-中,79,3040,28.5,STR8,93.11,1,9.311,0.0,4.0,0.0,0.0,0.0,6.0,0.0,0.0,0.0,8.0,0.0,0.0,0.0,38.0,20.0,0.0,0.0,0.0,34.0,-0.5,29.733333333333334,9.358,0.3280000000000012,9.358
2020,6/25-7/5,N82,80,3081,28.9,STR8,85.46,1,8.546,0.0,4.0,0.0,0.0,0.0,6.0,0.0,0.0,0.0,8.0,0.0,0.0,0.0,38.0,20.0,0.0,0.0,0.0,41.0,0.3999999999999986,28.8,9.311,-0.0470000000000006,9.358
2020,7/15,N83-中,81,3128,26.7,STR8,93.41,1,9.341,0.0,4.0,0.0,0.0,0.0,6.0,0.0,0.0,0.0,8.0,0.0,0.0,0.0,38.0,20.0,0.0,0.0,0.0,47.0,-2.1999999999999993,28.033333333333335,8.546,-0.7650000000000006,9.358
2020,7/9-7/19,N83,82,3157,30.0,STR8,87.71,1,8.770999999999999,0.0,4.0,0.0,0.0,0.0,6.0,0.0,0.0,0.0,8.0,0.0,0.0,0.0,38.0,20.0,0.0,0.0,0.0,29.0,3.3000000000000007,28.533333333333335,9.341,0.7949999999999999,9.358
2020,8/8,N84-中,83,3212,30.6,STR8,93.94,1,9.394,0.0,4.0,0.0,0.0,0.0,6.0,0.0,0.0,0.0,8.0,0.0,0.0,0.0,38.0,20.0,0.0,0.0,0.0,55.0,0.6000000000000014,29.100000000000005,8.770999999999999,-0.5700000000000003,9.358
2020,7/24-8/11,N84,84,3233,30.8,STR8,91.93,1,9.193000000000001,0.0,4.0,0.0,0.0,0.0,6.0,0.0,0.0,0.0,8.0,0.0,0.0,0.0,38.0,20.0,0.0,0.0,0.0,21.0,0.1999999999999993,30.46666666666667,9.394,0.6230000000000011,9.394
2020,8/21,N85-中,85,3275,25.8,STR8,93.08,1,9.308,0.0,4.0,0.0,0.0,0.0,6.0,0.0,0.0,0.0,8.0,0.0,0.0,0.0,38.0,20.0,0.0,0.0,0.0,42.0,-5.0,29.066666666666666,9.193000000000001,-0.20099999999999874,9.394
2020,8/15-8/25,N85,86,3308,26.9,STR8,93.18,1,9.318000000000001,0.0,4.0,0.0,0.0,0.0,6.0,0.0,0.0,0.0,8.0,0.0,0.0,0.0,38.0,20.0,0.0,0.0,0.0,33.0,1.0999999999999979,27.83333333333334,9.308,0.11499999999999844,9.394
2020,9/2,N86-中,87,3344,27.3,STR8,94.21,1,9.421,0.0,4.0,0.0,0.0,0.0,6.0,0.0,0.0,0.0,8.0,0.0,0.0,0.0,38.0,20.0,0.0,0.0,0.0,36.0,0.40000000000000213,26.666666666666668,9.318000000000001,0.010000000000001563,9.394
2020,8/29-9/7,N86,88,3383,27.5,STR8,94.0,1,9.4,0.0,4.0,0.0,0.0,0.0,6.0,0.0,0.0,0.0,8.0,0.0,0.0,0.0,38.0,20.0,0.0,0.0,0.0,39.0,0.1999999999999993,27.233333333333338,9.421,0.10299999999999798,9.421
2020,9/20,N87-中,89,3432,23.8,STR8,94.11,1,9.411,0.0,4.0,0.0,0.0,0.0,6.0,0.0,0.0,0.0,8.0,0.0,0.0,0.0,38.0,20.0,0.0,0.0,0.0,49.0,-3.6999999999999993,26.200000000000003,9.4,-0.02099999999999902,9.421
2020,9/14-9/23,N87,90,3458,23.7,STR8,93.8,1,9.379999999999999,0.0,4.0,0.0,0.0,0.0,6.0,0.0,0.0,0.0,8.0,0.0,0.0,0.0,38.0,20.0,0.0,0.0,0.0,26.0,-0.10000000000000142,25.0,9.411,0.010999999999999233,9.421
2020,10/12,N88-中,91,3495,18.4,STR8,92.39,1,9.239,0.0,4.0,0.0,0.0,0.0,6.0,0.0,0.0,0.0,8.0,0.0,0.0,0.0,38.0,20.0,0.0,0.0,0.0,37.0,-5.300000000000001,21.96666666666667,9.379999999999999,-0.031000000000000583,9.421
2020,9/28-10/17,N88,92,3533,17.7,STR8,89.91,1,8.991,0.0,4.0,0.0,0.0,0.0,6.0,0.0,0.0,0.0,8.0,0.0,0.0,0.0,38.0,20.0,0.0,0.0,0.0,38.0,-0.6999999999999993,19.933333333333337,9.239,-0.14099999999999824,9.421
2020,10/26,N89-中,93,3577,15.1,STR8,94.09,1,9.409,0.0,4.0,0.0,0.0,0.0,6.0,0.0,0.0,0.0,8.0,0.0,0.0,0.0,38.0,20.0,0.0,0.0,0.0,44.0,-2.5999999999999996,17.066666666666666,8.991,-0.2480000000000011,9.421
2020,10/21-10/30,N89,94,3607,15.3,STR8,97.43,1,9.743,0.0,4.0,0.0,0.0,0.0,6.0,0.0,0.0,0.0,8.0,0.0,0.0,0.0,38.0,20.0,0.0,0.0,0.0,30.0,0.20000000000000107,16.033333333333335,9.409,0.41800000000000104,9.421
2020,11/13,N90-中,95,3658,13.4,STR8,102.19,1,10.219,0.0,4.0,0.0,0.0,0.0,6.0,0.0,0.0,0.0,8.0,0.0,0.0,0.0,38.0,20.0,0.0,0.0,0.0,51.0,-1.9000000000000004,14.600000000000003,9.743,0.33399999999999963,9.743
2020,11/8-11/19,N90,96,3714,12.2,STR8,103.21,1,10.321,0.0,4.0,0.0,0.0,0.0,6.0,0.0,0.0,0.0,8.0,0.0,0.0,0.0,38.0,20.0,0.0,0.0,0.0,56.0,-1.200000000000001,13.633333333333335,10.219,0.4759999999999991,10.219
2020,11/29,N91-中,97,3768,3.5,STR8,103.68,1,10.368,0.0,4.0,0.0,0.0,0.0,6.0,0.0,0.0,0.0,8.0,0.0,0.0,0.0,38.0,20.0,0.0,0.0,0.0,54.0,-8.7,9.700000000000003,10.321,0.10200000000000031,10.321
2020,11/24-12/5,N91,98,3822,2.3,STR8,101.85,1,10.184999999999999,0.0,4.0,0.0,0.0,0.0,6.0,0.0,0.0,0.0,8.0,0.0,0.0,0.0,38.0,20.0,0.0,0.0,0.0,54.0,-1.2000000000000002,6.000000000000003,10.368,0.0470000000000006,10.368
2020,12/25,N92-中,99,3875,-0.4,STR8,102.81,1,10.281,0.0,4.0,0.0,0.0,0.0,6.0,0.0,0.0,0.0,8.0,0.0,0.0,0.0,38.0,20.0,0.0,0.0,0.0,53.0,-2.6999999999999997,1.8000000000000023,10.184999999999999,-0.1830000000000016,10.368
2020,12/10-12/22,N92,100,3929,-0.2,STR8,100.38,1,10.038,0.0,4.0,0.0,0.0,0.0,6.0,0.0,0.0,0.0,8.0,0.0,0.0,0.0,38.0,20.0,0.0,0.0,0.0,54.0,0.2,0.566666666666669,10.281,0.09600000000000186,10.368
2020,12/31,N93-中,101,3980,-3.0,STR8,100.67,1,10.067,0.0,4.0,0.0,0.0,0.0,6.0,0.0,0.0,0.0,8.0,0.0,0.0,0.0,38.0,20.0,0.0,0.0,0.0,51.0,-2.8,-1.1999999999999977,10.038,-0.24300000000000033,10.368
2020,12/26-1/6,N93,102,4037,-3.8,STR8,101.81,1,10.181000000000001,0.0,4.0,0.0,0.0,0.0,6.0,0.0,0.0,0.0,8.0,0.0,0.0,0.0,38.0,20.0,0.0,0.0,0.0,57.0,-0.7999999999999998,-2.333333333333331,10.067,0.028999999999999915,10.368
2021,1/15,N94-中,103,4090,1.4,STR8,100.54,1,10.054,0.0,4.0,0.0,0.0,0.0,6.0,0.0,0.0,0.0,8.0,0.0,0.0,0.0,38.0,20.0,0.0,0.0,0.0,53.0,5.199999999999999,-1.7999999999999978,10.181000000000001,0.11400000000000077,10.368
2021,1/10-1/21,N94,104,4144,0.2,STR8,103.1,1,10.309999999999999,0.0,4.0,0.0,0.0,0.0,6.0,0.0,0.0,0.0,8.0,0.0,0.0,0.0,38.0,20.0,0.0,0.0,0.0,54.0,-1.2,-0.7333333333333308,10.054,-0.12700000000000067,10.368
2021,3/24,N95-中,105,4204,11.9,STR8,100.92,1,10.092,0.0,4.0,0.0,0.0,0.0,6.0,0.0,0.0,0.0,8.0,0.0,0.0,0.0,38.0,20.0,0.0,0.0,0.0,60.0,11.700000000000001,4.500000000000003,10.309999999999999,0.25599999999999845,10.368
2021,3/18-3/29,N95,106,4252,14.2,STR8,102.21,1,10.221,0.0,4.0,0.0,0.0,0.0,6.0,0.0,0.0,0.0,8.0,0.0,0.0,0.0,38.0,20.0,0.0,0.0,0.0,48.0,2.299999999999999,8.766666666666667,10.092,-0.2179999999999982,10.368
2021,4/7,N96-中,107,4307,16.9,STR8,103.75,1,10.375,0.0,4.0,0.0,0.0,0.0,6.0,0.0,0.0,0.0,8.0,0.0,0.0,0.0,38.0,20.0,0.0,0.0,0.0,55.0,2.6999999999999993,14.333333333333334,10.221,0.12899999999999956,10.368
2021,4/2-4/12,N96,108,4358,16.8,STR8,103.31,1,10.331,0.0,4.0,0.0,0.0,0.0,6.0,0.0,0.0,0.0,8.0,0.0,0.0,0.0,38.0,20.0,0.0,0.0,0.0,51.0,-0.09999999999999787,15.966666666666669,10.375,0.15399999999999991,10.375
2021,4/21,N97-中,109,4415,20.2,STR8,103.47,1,10.347,0.0,4.0,0.0,0.0,0.0,6.0,0.0,0.0,0.0,8.0,0.0,0.0,0.0,38.0,20.0,0.0,0.0,0.0,57.0,3.3999999999999986,17.96666666666667,10.331,-0.04400000000000048,10.375
2021,4/16-4/26,N97,110,4466,19.2,STR8,103.46,1,10.346,0.0,4.0,0.0,0.0,0.0,6.0,0.0,0.0,0.0,8.0,0.0,0.0,0.0,38.0,20.0,0.0,0.0,0.0,51.0,-1.0,18.733333333333334,10.347,0.016000000000000014,10.375
2021,5/4,N98-中,111,4524,17.7,STR8,104.94,1,10.494,0.0,4.0,0.0,0.0,0.0,6.0,0.0,0.0,0.0,8.0,0.0,0.0,0.0,38.0,20.0,0.0,0.0,0.0,58.0,-1.5,19.033333333333335,10.346,-0.0009999999999994458,10.375
2021,4/29-5/9,N98,112,4573,20.8,STR8,103.43,1,10.343,0.0,4.0,0.0,0.0,0.0,6.0,0.0,0.0,0.0,8.0,0.0,0.0,0.0,38.0,20.0,0.0,0.0,0.0,49.0,3.1000000000000014,19.233333333333334,10.494,0.1479999999999997,10.494
2021,5/19,N99-中,113,4612,23.8,STR8,104.0,1,10.4,0.0,4.0,0.0,0.0,0.0,6.0,0.0,0.0,0.0,8.0,0.0,0.0,0.0,38.0,20.0,0.0,0.0,0.0,39.0,3.0,20.766666666666666,10.343,-0.1509999999999998,10.494
2021,5/14-5/24,N99,114,4650,25.1,STR8,104.52,1,10.452,0.0,4.0,0.0,0.0,0.0,6.0,0.0,0.0,0.0,8.0,0.0,0.0,0.0,38.0,20.0,0.0,0.0,0.0,38.0,1.3000000000000007,23.233333333333334,10.4,0.057000000000000384,10.494
2021,6/2,N100-中,115,4692,23.6,STR8,106.19,1,10.619,0.0,4.0,0.0,0.0,0.0,6.0,0.0,0.0,0.0,8.0,0.0,0.0,0.0,38.0,20.0,0.0,0.0,0.0,42.0,-1.5,24.16666666666667,10.452,0.0519999999999996,10.494
2021,5/28-6/7,N100,116,4727,25.8,STR8,105.22,1,10.522,0.0,4.0,0.0,0.0,0.0,6.0,0.0,0.0,0.0,8.0,0.0,0.0,0.0,38.0,20.0,0.0,0.0,0.0,35.0,2.1999999999999993,24.833333333333332,10.619,0.16699999999999982,10.619
2021,6/16,N101-中,117,4768,30.1,STR8,107.29,1,10.729000000000001,0.0,4.0,0.0,0.0,0.0,6.0,0.0,0.0,0.0,8.0,0.0,0.0,0.0,38.0,20.0,0.0,0.0,0.0,41.0,4.300000000000001,26.5,10.522,-0.09699999999999953,10.619
2021,6/11-6/20,N101,118,4805,30.2,STR8,109.99,1,10.998999999999999,0.0,4.0,0.0,0.0,0.0,6.0,0.0,0.0,0.0,8.0,0.0,0.0,0.0,38.0,20.0,0.0,0.0,0.0,37.0,0.09999999999999787,28.700000000000003,10.729000000000001,0.20700000000000074,10.729000000000001
2021,6/30,N102-中,119,4843,27.2,STR8,109.57,1,10.956999999999999,0.0,4.0,0.0,0.0,0.0,6.0,0.0,0.0,0.0,8.0,0.0,0.0,0.0,38.0,20.0,0.0,0.0,0.0,38.0,-3.0,29.166666666666668,10.998999999999999,0.2699999999999978,10.998999999999999
2021,6/25-7/6,N102,120,4882,27.5,STR8,110.31,1,11.031,0.0,4.0,0.0,0.0,0.0,6.0,0.0,0.0,0.0,8.0,0.0,0.0,0.0,38.0,20.0,0.0,0.0,0.0,39.0,0.3000000000000007,28.3,10.956999999999999,-0.041999999999999815,10.998999999999999
2021,7/14,N103-中,121,4922,29.1,STR8,111.53,1,11.153,0.0,4.0,0.0,0.0,0.0,6.0,0.0,0.0,0.0,8.0,0.0,0.0,0.0,38.0,20.0,0.0,0.0,0.0,40.0,1.6000000000000014,27.933333333333337,11.031,0.07400000000000162,11.031
2021,7/9-7/19,N103,122,4960,29.0,STR8,110.82,1,11.081999999999999,0.0,4.0,0.0,0.0,0.0,6.0,0.0,0.0,0.0,8.0,0.0,0.0,0.0,38.0,20.0,0.0,0.0,0.0,38.0,-0.10000000000000142,28.53333333333333,11.153,0.12199999999999989,11.153
2021,7/28,N104-中,123,4999,31.2,STR8,111.47,1,11.147,0.0,4.0,0.0,0.0,0.0,6.0,0.0,0.0,0.0,8.0,0.0,0.0,0.0,38.0,20.0,0.0,0.0,0.0,39.0,2.1999999999999993,29.766666666666666,11.081999999999999,-0.0710000000000015,11.153
2021,7/23-8/1,N104,124,5037,29.9,STR8,112.19,1,11.219,0.0,4.0,0.0,0.0,0.0,6.0,0.0,0.0,0.0,8.0,0.0,0.0,0.0,38.0,20.0,0.0,0.0,0.0,38.0,-1.3000000000000007,30.033333333333335,11.147,0.06500000000000128,11.153
2021,8/10,N105-中,125,5077,30.5,STR8,114.04,1,11.404,0.0,4.0,0.0,0.0,0.0,6.0,0.0,0.0,0.0,8.0,0.0,0.0,0.0,38.0,20.0,0.0,0.0,0.0,40.0,0.6000000000000014,30.533333333333335,11.219,0.07199999999999918,11.219
2021,8/6-8/15,N105,126,5115,29.2,STR8,113.1,1,11.309999999999999,0.0,4.0,0.0,0.0,0.0,6.0,0.0,0.0,0.0,8.0,0.0,0.0,0.0,38.0,20.0,0.0,0.0,0.0,38.0,-1.3000000000000007,29.866666666666664,11.404,0.1850000000000005,11.404
2021,8/25,N106-中,127,5151,28.1,STR8,113.6,1,11.36,0.0,4.0,0.0,0.0,0.0,6.0,0.0,0.0,0.0,8.0,0.0,0.0,0.0,38.0,20.0,0.0,0.0,0.0,36.0,-1.0999999999999979,29.26666666666667,11.309999999999999,-0.0940000000000012,11.404
2021,8/20-8/29,N106,128,5193,27.5,STR8,114.61,1,11.461,0.0,4.0,0.0,0.0,0.0,6.0,0.0,0.0,0.0,8.0,0.0,0.0,0.0,38.0,20.0,0.0,0.0,0.0,42.0,-0.6000000000000014,28.26666666666667,11.36,0.05000000000000071,11.404
2021,9/8,N107-中,129,5237,24.1,STR8,114.28,1,11.428,0.0,4.0,0.0,0.0,0.0,6.0,0.0,0.0,0.0,8.0,0.0,0.0,0.0,38.0,20.0,0.0,0.0,0.0,44.0,-3.3999999999999986,26.566666666666666,11.461,0.10100000000000087,11.461
2021,9/03-9/13,N107,130,5271,25.2,STR8,114.93,1,11.493,0.0,4.0,0.0,0.0,0.0,6.0,0.0,0.0,0.0,8.0,0.0,0.0,0.0,38.0,20.0,0.0,0.0,0.0,34.0,1.0999999999999979,25.600000000000005,11.428,-0.032999999999999474,11.461
2021,9/22,N108-中,131,5314,22.2,STR8,114.67,1,11.467,0.0,4.0,0.0,0.0,0.0,6.0,0.0,0.0,0.0,8.0,0.0,0.0,0.0,38.0,20.0,0.0,0.0,0.0,43.0,-3.0,23.833333333333332,11.493,0.0649999999999995,11.493
2021,9/17-9/26,N108,132,5349,22.5,STR8,115.67,1,11.567,0.0,4.0,0.0,0.0,0.0,6.0,0.0,0.0,0.0,8.0,0.0,0.0,0.0,38.0,20.0,0.0,0.0,0.0,35.0,0.3000000000000007,23.3,11.467,-0.0259999999999998,11.493
2021,10/13,N109-中,133,5387,16.3,STR8,111.99,1,11.199,0.0,4.0,0.0,0.0,0.0,6.0,0.0,0.0,0.0,8.0,0.0,0.0,0.0,38.0,20.0,0.0,0.0,0.0,38.0,-6.199999999999999,20.333333333333332,11.567,0.09999999999999964,11.567
2021,10/8-10/18,N109,134,5427,15.6,STR8,112.32,1,11.232,0.0,4.0,0.0,0.0,0.0,6.0,0.0,0.0,0.0,8.0,0.0,0.0,0.0,38.0,20.0,0.0,0.0,0.0,40.0,-0.7000000000000011,18.133333333333333,11.199,-0.3680000000000003,11.567
2021,10/27,N110-中,135,5469,15.5,STR8,112.25,1,11.225,0.0,4.0,0.0,0.0,0.0,6.0,0.0,0.0,0.0,8.0,0.0,0.0,0.0,38.0,20.0,0.0,0.0,0.0,42.0,-0.09999999999999964,15.800000000000002,11.232,0.032999999999999474,11.567
2021,10/22-11/1,N110,136,5504,15.5,STR8,112.73,1,11.273,0.0,4.0,0.0,0.0,0.0,6.0,0.0,0.0,0.0,8.0,0.0,0.0,0.0,38.0,20.0,0.0,0.0,0.0,35.0,0.0,15.533333333333333,11.225,-0.006999999999999673,11.567
2021,11/11,N111-中,137,5556,7.7,STR8,112.71,1,11.270999999999999,0.0,4.0,0.0,0.0,0.0,6.0,0.0,0.0,0.0,8.0,0.0,0.0,0.0,38.0,20.0,0.0,0.0,0.0,52.0,-7.8,12.9,11.273,0.04800000000000004,11.567
2021,11/05-11/17,N111,138,5612,9.3,STR8,114.47,1,11.447,0.0,4.0,0.0,0.0,0.0,6.0,0.0,0.0,0.0,8.0,0.0,0.0,0.0,38.0,20.0,0.0,0.0,0.0,56.0,1.6000000000000005,10.833333333333334,11.270999999999999,-0.002000000000000668,11.567
2021,11/25,N112-中,139,5669,5.5,STR8,112.15,1,11.215,0.0,4.0,0.0,0.0,0.0,6.0,0.0,0.0,0.0,8.0,0.0,0.0,0.0,38.0,20.0,0.0,0.0,0.0,57.0,-3.8000000000000007,7.500000000000001,11.447,0.17600000000000016,11.567
2021,11/20-11/30,N112,140,5720,6.4,STR8,112.24,1,11.224,0.0,4.0,0.0,0.0,0.0,6.0,0.0,0.0,0.0,8.0,0.0,0.0,0.0,38.0,20.0,0.0,0.0,0.0,51.0,0.9000000000000004,7.066666666666667,11.215,-0.23199999999999932,11.567
2021,12/9,N113-中,141,5778,7.2,STR8,114.21,1,11.421,0.0,4.0,0.0,0.0,0.0,6.0,0.0,0.0,0.0,8.0,0.0,0.0,0.0,38.0,20.0,0.0,0.0,0.0,58.0,0.7999999999999998,6.366666666666668,11.224,0.009000000000000341,11.567
2021,12/4-12/14,N113,142,5828,5.4,STR8,115.81,1,11.581,0.0,4.0,0.0,0.0,0.0,6.0,0.0,0.0,0.0,8.0,0.0,0.0,0.0,38.0,20.0,0.0,0.0,0.0,50.0,-1.7999999999999998,6.333333333333335,11.421,0.19699999999999918,11.567
2021,12/23,N114-中,143,5889,3.1,STR8,113.44,1,11.344,0.0,4.0,0.0,0.0,0.0,6.0,0.0,0.0,0.0,8.0,0.0,0.0,0.0,38.0,20.0,0.0,0.0,0.0,61.0,-2.3000000000000003,5.233333333333335,11.581,0.16000000000000014,11.581
2021,12/17-12/28,N114,144,5936,0.2,STR8,113.89,1,11.389,0.0,4.0,0.0,0.0,0.0,6.0,0.0,0.0,0.0,8.0,0.0,0.0,0.0,38.0,20.0,0.0,0.0,0.0,47.0,-2.9,2.900000000000001,11.344,-0.2370000000000001,11.581
2021,1/8,N115-中,145,5992,1.1,STR8,114.15,1,11.415000000000001,0.0,4.0,0.0,0.0,0.0,6.0,0.0,0.0,0.0,8.0,0.0,0.0,0.0,38.0,20.0,0.0,0.0,0.0,56.0,0.9000000000000001,1.466666666666668,11.389,0.04499999999999993,11.581
2021,1/3-1/13,N115,146,6044,0.8,STR8,114.97,1,11.497,0.0,4.0,0.0,0.0,0.0,6.0,0.0,0.0,0.0,8.0,0.0,0.0,0.0,38.0,20.0,0.0,0.0,0.0,52.0,-0.30000000000000004,0.7000000000000012,11.415000000000001,0.026000000000001577,11.581
2016,11/30-12/10,N1,0,3,3.8,STR9,17.89,1,1.7890000000000001,0.0,0.0,0.0,4.0,0.0,6.0,0.0,0.0,0.0,8.0,0.0,0.0,0.0,38.0,20.0,0.0,0.0,0.0,0.0,0.0,3.8,,,
2016,12/13-12/24,N2,1,10,1.2,STR9,16.05,1,1.605,0.0,0.0,0.0,4.0,0.0,6.0,0.0,0.0,0.0,8.0,0.0,0.0,0.0,38.0,20.0,0.0,0.0,0.0,7.0,-2.5999999999999996,2.5,1.7890000000000001,,1.7890000000000001
2016,12/27-1/9,N3,2,30,0.9,STR9,22.08,1,2.2079999999999997,0.0,0.0,0.0,4.0,0.0,6.0,0.0,0.0,0.0,8.0,0.0,0.0,0.0,38.0,20.0,0.0,0.0,0.0,20.0,-0.29999999999999993,1.9666666666666666,1.605,-0.18400000000000016,1.7890000000000001
2017,1/12-2/23,N4,3,48,3.6,STR9,20.0,1,2.0,0.0,0.0,0.0,4.0,0.0,6.0,0.0,0.0,0.0,8.0,0.0,0.0,0.0,38.0,20.0,0.0,0.0,0.0,18.0,2.7,1.9000000000000001,2.2079999999999997,0.6029999999999998,2.2079999999999997
2017,2/26-3/10,N5,4,67,11.4,STR9,,0,,0.0,0.0,0.0,4.0,0.0,6.0,0.0,0.0,0.0,8.0,0.0,0.0,0.0,38.0,20.0,0.0,0.0,0.0,19.0,7.800000000000001,5.3,2.0,-0.20799999999999974,2.2079999999999997
2017,3/13-3/23,N6,5,85,13.9,STR9,17.44,1,1.7440000000000002,0.0,0.0,0.0,4.0,0.0,6.0,0.0,0.0,0.0,8.0,0.0,0.0,0.0,38.0,20.0,0.0,0.0,0.0,18.0,2.5,9.633333333333333,2.0,-0.20799999999999974,2.2079999999999997
2017,3/26-4/6,N7,6,104,19.1,STR9,20.33,1,2.033,0.0,0.0,0.0,4.0,0.0,6.0,0.0,0.0,0.0,8.0,0.0,0.0,0.0,38.0,20.0,0.0,0.0,0.0,19.0,5.200000000000001,14.799999999999999,1.7440000000000002,-0.2559999999999998,2.2079999999999997
2017,4/9-4/13,N8,7,108,21.1,STR9,20.85,1,2.085,0.0,0.0,0.0,4.0,0.0,6.0,0.0,0.0,0.0,8.0,0.0,0.0,0.0,38.0,20.0,0.0,0.0,0.0,4.0,2.0,18.033333333333335,2.033,0.2889999999999997,2.2079999999999997
2017,4/17-4-21,N9,8,109,21.7,STR9,22.13,1,2.213,0.0,0.0,0.0,4.0,0.0,6.0,0.0,0.0,0.0,8.0,0.0,0.0,0.0,38.0,20.0,0.0,0.0,0.0,1.0,0.5999999999999979,20.633333333333336,2.085,0.052000000000000046,2.2079999999999997
2017,4/24-5/4,N10,9,129,27.0,STR9,22.71,1,2.271,0.0,0.0,0.0,4.0,0.0,6.0,0.0,0.0,0.0,8.0,0.0,0.0,0.0,38.0,20.0,0.0,0.0,0.0,20.0,5.300000000000001,23.266666666666666,2.213,0.1280000000000001,2.213
2017,5/7-5-17,N11,10,149,30.1,STR9,28.44,1,2.8440000000000003,0.0,0.0,0.0,4.0,0.0,6.0,0.0,0.0,0.0,8.0,0.0,0.0,0.0,38.0,20.0,0.0,0.0,0.0,20.0,3.1000000000000014,26.266666666666666,2.271,0.05799999999999983,2.271
2017,5/20-5/30,N12,11,168,30.2,STR9,36.58,1,3.658,0.0,0.0,0.0,4.0,0.0,6.0,0.0,0.0,0.0,8.0,0.0,0.0,0.0,38.0,20.0,0.0,0.0,0.0,19.0,0.09999999999999787,29.099999999999998,2.8440000000000003,0.5730000000000004,2.8440000000000003
2017,6/2-6/12,N13,12,188,29.6,STR9,37.43,1,3.743,0.0,0.0,0.0,4.0,0.0,6.0,0.0,0.0,0.0,8.0,0.0,0.0,0.0,38.0,20.0,0.0,0.0,0.0,20.0,-0.5999999999999979,29.96666666666667,3.658,0.8139999999999996,3.658
2017,6/16-6/26,N14,13,206,30.1,STR9,41.59,1,4.159000000000001,0.0,0.0,0.0,4.0,0.0,6.0,0.0,0.0,0.0,8.0,0.0,0.0,0.0,38.0,20.0,0.0,0.0,0.0,18.0,0.5,29.96666666666667,3.743,0.08499999999999996,3.743
2017,6/29-7/10,N15,14,224,28.6,STR9,38.54,1,3.854,0.0,0.0,0.0,4.0,0.0,6.0,0.0,0.0,0.0,8.0,0.0,0.0,0.0,38.0,20.0,0.0,0.0,0.0,18.0,-1.5,29.433333333333337,4.159000000000001,0.4160000000000008,4.159000000000001
2017,7/13-7/23,N16-17,15,230,31.4,STR9,48.13,1,4.813000000000001,0.0,0.0,0.0,4.0,0.0,6.0,0.0,0.0,0.0,8.0,0.0,0.0,0.0,38.0,20.0,0.0,0.0,0.0,6.0,2.799999999999997,30.03333333333333,3.854,-0.3050000000000006,4.159000000000001
2017,7/27-8/7,N18,16,250,32.1,STR9,46.66,1,4.6659999999999995,0.0,0.0,0.0,4.0,0.0,6.0,0.0,0.0,0.0,8.0,0.0,0.0,0.0,38.0,20.0,0.0,0.0,0.0,20.0,0.7000000000000028,30.7,4.813000000000001,0.9590000000000005,4.813000000000001
2017,8/10-8/21,N19,17,268,28.6,STR9,42.86,1,4.286,0.0,0.0,0.0,4.0,0.0,6.0,0.0,0.0,0.0,8.0,0.0,0.0,0.0,38.0,20.0,0.0,0.0,0.0,18.0,-3.5,30.7,4.6659999999999995,-0.14700000000000113,4.813000000000001
2017,8/25-9/4,N20,18,286,26.3,STR9,52.13,1,5.213,0.0,0.0,0.0,4.0,0.0,6.0,0.0,0.0,0.0,8.0,0.0,0.0,0.0,38.0,20.0,0.0,0.0,0.0,18.0,-2.3000000000000007,29.0,4.286,-0.3799999999999999,4.813000000000001
2017,9/8-9/18,N21,19,305,28.2,STR9,54.7,1,5.470000000000001,0.0,0.0,0.0,4.0,0.0,6.0,0.0,0.0,0.0,8.0,0.0,0.0,0.0,38.0,20.0,0.0,0.0,0.0,19.0,1.8999999999999986,27.7,5.213,0.9270000000000005,5.213
2017,9/21-10/9,N22,20,323,22.9,STR9,44.42,1,4.442,0.0,0.0,0.0,4.0,0.0,6.0,0.0,0.0,0.0,8.0,0.0,0.0,0.0,38.0,20.0,0.0,0.0,0.0,18.0,-5.300000000000001,25.8,5.470000000000001,0.25700000000000056,5.470000000000001
2017,10/13-10/25,N23,21,346,14.9,STR9,50.92,1,5.0920000000000005,0.0,0.0,0.0,4.0,0.0,6.0,0.0,0.0,0.0,8.0,0.0,0.0,0.0,38.0,20.0,0.0,0.0,0.0,23.0,-7.999999999999998,22.0,4.442,-1.0280000000000005,5.470000000000001
2017,11/1-11/12,N24-25,22,352,11.1,STR9,58.64,1,5.864,0.0,0.0,0.0,4.0,0.0,6.0,0.0,0.0,0.0,8.0,0.0,0.0,0.0,38.0,20.0,0.0,0.0,0.0,6.0,-3.8000000000000007,16.3,5.0920000000000005,0.6500000000000004,5.470000000000001
2017,11/15-11/26,N26,23,371,3.8,STR9,54.08,1,5.4079999999999995,0.0,0.0,0.0,4.0,0.0,6.0,0.0,0.0,0.0,8.0,0.0,0.0,0.0,38.0,20.0,0.0,0.0,0.0,19.0,-7.3,9.933333333333334,5.864,0.7719999999999994,5.864
2017,12/9-12/21,N27,24,391,0.0,STR9,59.18,1,5.918,0.0,0.0,0.0,4.0,0.0,6.0,0.0,0.0,0.0,8.0,0.0,0.0,0.0,38.0,20.0,0.0,0.0,0.0,20.0,-3.8,4.966666666666666,5.4079999999999995,-0.4560000000000004,5.864
2017,12/23-1/3,N28,25,410,0.2,STR9,62.13,1,6.213,0.0,0.0,0.0,4.0,0.0,6.0,0.0,0.0,0.0,8.0,0.0,0.0,0.0,38.0,20.0,0.0,0.0,0.0,19.0,0.2,1.3333333333333333,5.918,0.5100000000000007,5.918
2018,1/7-1/18,N29-30,26,415,-1.0,STR9,52.47,1,5.247,0.0,0.0,0.0,4.0,0.0,6.0,0.0,0.0,0.0,8.0,0.0,0.0,0.0,38.0,20.0,0.0,0.0,0.0,5.0,-1.2,-0.26666666666666666,6.213,0.29499999999999993,6.213
2018,1/20-1/30,N31,27,434,-2.2,STR9,53.95,1,5.3950000000000005,0.0,0.0,0.0,4.0,0.0,6.0,0.0,0.0,0.0,8.0,0.0,0.0,0.0,38.0,20.0,0.0,0.0,0.0,19.0,-1.2000000000000002,-1.0,5.247,-0.9660000000000002,6.213
2018,3/9-3/21,N32,28,454,8.3,STR9,52.75,1,5.275,0.0,0.0,0.0,4.0,0.0,6.0,0.0,0.0,0.0,8.0,0.0,0.0,0.0,38.0,20.0,0.0,0.0,0.0,20.0,10.5,1.7000000000000002,5.3950000000000005,0.14800000000000058,6.213
2018,3/25-4/7,N33,29,473,15.7,STR9,48.52,1,4.852,0.0,0.0,0.0,4.0,0.0,6.0,0.0,0.0,0.0,8.0,0.0,0.0,0.0,38.0,20.0,0.0,0.0,0.0,19.0,7.399999999999999,7.266666666666667,5.275,-0.1200000000000001,6.213
2018,4/10-4/21,N34,30,492,19.4,STR9,41.3,1,4.13,0.0,0.0,0.0,4.0,0.0,6.0,0.0,0.0,0.0,8.0,0.0,0.0,0.0,38.0,20.0,0.0,0.0,0.0,19.0,3.6999999999999993,14.466666666666667,4.852,-0.42300000000000004,6.213
2018,4/26-5/7,N35-36,31,498,23.7,STR9,51.4,1,5.14,0.0,0.0,0.0,4.0,0.0,6.0,0.0,0.0,0.0,8.0,0.0,0.0,0.0,38.0,20.0,0.0,0.0,0.0,6.0,4.300000000000001,19.599999999999998,4.13,-0.7220000000000004,6.213
2018,5/10-5/21,N37,32,517,24.1,STR9,54.73,1,5.473,0.0,0.0,0.0,4.0,0.0,6.0,0.0,0.0,0.0,8.0,0.0,0.0,0.0,38.0,20.0,0.0,0.0,0.0,19.0,0.40000000000000213,22.400000000000002,5.14,1.0099999999999998,6.213
2018,5/24-6/4,N38,33,536,29.7,STR9,42.35,1,4.235,0.0,0.0,0.0,4.0,0.0,6.0,0.0,0.0,0.0,8.0,0.0,0.0,0.0,38.0,20.0,0.0,0.0,0.0,19.0,5.599999999999998,25.833333333333332,5.473,0.3330000000000002,6.213
2018,6/7-6/19,N39,34,556,26.6,STR9,54.0,1,5.4,0.0,0.0,0.0,4.0,0.0,6.0,0.0,0.0,0.0,8.0,0.0,0.0,0.0,38.0,20.0,0.0,0.0,0.0,20.0,-3.099999999999998,26.8,4.235,-1.2379999999999995,6.213
2018,6/22-7/2,N40,35,574,32.8,STR9,41.3,1,4.13,0.0,0.0,0.0,4.0,0.0,6.0,0.0,0.0,0.0,8.0,0.0,0.0,0.0,38.0,20.0,0.0,0.0,0.0,18.0,6.199999999999996,29.7,5.4,1.165,6.213
2018,7/5-7/17,N41,36,593,28.3,STR9,55.45,1,5.545,0.0,0.0,0.0,4.0,0.0,6.0,0.0,0.0,0.0,8.0,0.0,0.0,0.0,38.0,20.0,0.0,0.0,0.0,19.0,-4.4999999999999964,29.233333333333334,4.13,-1.2700000000000005,6.213
2018,7/22-7/31,N42,37,612,32.7,STR9,58.62,1,5.862,0.0,0.0,0.0,4.0,0.0,6.0,0.0,0.0,0.0,8.0,0.0,0.0,0.0,38.0,20.0,0.0,0.0,0.0,19.0,4.400000000000002,31.26666666666667,5.545,1.415,6.213
2018,8/3-8/14,N43-44,38,618,30.5,STR9,58.3,1,5.83,0.0,0.0,0.0,4.0,0.0,6.0,0.0,0.0,0.0,8.0,0.0,0.0,0.0,38.0,20.0,0.0,0.0,0.0,6.0,-2.200000000000003,30.5,5.862,0.31700000000000017,6.213
2018,8/17-8/30,N45,39,636,29.6,STR9,59.7,1,5.970000000000001,0.0,0.0,0.0,4.0,0.0,6.0,0.0,0.0,0.0,8.0,0.0,0.0,0.0,38.0,20.0,0.0,0.0,0.0,18.0,-0.8999999999999986,30.933333333333337,5.83,-0.03200000000000003,6.213
2018,9/2-9/12,N46,40,655,26.9,STR9,58.39,1,5.839,0.0,0.0,0.0,4.0,0.0,6.0,0.0,0.0,0.0,8.0,0.0,0.0,0.0,38.0,20.0,0.0,0.0,0.0,19.0,-2.700000000000003,29.0,5.970000000000001,0.14000000000000057,6.213
2018,9/15-9/25,N47,41,675,22.8,STR9,55.78,1,5.578,0.0,0.0,0.0,4.0,0.0,6.0,0.0,0.0,0.0,8.0,0.0,0.0,0.0,38.0,20.0,0.0,0.0,0.0,20.0,-4.099999999999998,26.433333333333337,5.839,-0.13100000000000023,6.213
2018,10/4-10/15,N48,42,694,17.4,STR9,56.65,1,5.665,0.0,0.0,0.0,4.0,0.0,6.0,0.0,0.0,0.0,8.0,0.0,0.0,0.0,38.0,20.0,0.0,0.0,0.0,19.0,-5.400000000000002,22.36666666666667,5.578,-0.2610000000000001,6.213
2018,10/17-10/28,N49,43,714,14.8,STR9,58.73,1,5.872999999999999,0.0,0.0,0.0,4.0,0.0,6.0,0.0,0.0,0.0,8.0,0.0,0.0,0.0,38.0,20.0,0.0,0.0,0.0,20.0,-2.599999999999998,18.333333333333336,5.665,0.08699999999999974,6.213
2018,11/2-11/16,N50-51,44,719,9.8,STR9,55.47,1,5.547,0.0,0.0,0.0,4.0,0.0,6.0,0.0,0.0,0.0,8.0,0.0,0.0,0.0,38.0,20.0,0.0,0.0,0.0,5.0,-5.0,14.0,5.872999999999999,0.2079999999999993,6.213
2018,11/20-12/1,N52,45,738,6.5,STR9,49.42,1,4.942,0.0,0.0,0.0,4.0,0.0,6.0,0.0,0.0,0.0,8.0,0.0,0.0,0.0,38.0,20.0,0.0,0.0,0.0,19.0,-3.3000000000000007,10.366666666666669,5.547,-0.3259999999999996,6.213
2018,12/4-12/17,N53,46,757,-1.1,STR9,52.23,1,5.223,0.0,0.0,0.0,4.0,0.0,6.0,0.0,0.0,0.0,8.0,0.0,0.0,0.0,38.0,20.0,0.0,0.0,0.0,19.0,-7.6,5.066666666666669,4.942,-0.6049999999999995,6.213
2018,12/30-2019/1/14,N54,47,834,-0.2,STR9,52.23,1,5.223,0.0,0.0,0.0,4.0,0.0,6.0,0.0,0.0,0.0,8.0,0.0,0.0,0.0,38.0,20.0,0.0,0.0,0.0,77.0,0.9000000000000001,1.7333333333333358,5.223,0.2809999999999997,6.213
2019,1/18-1/28,N55,48,912,4.0,STR9,47.38,1,4.738,0.0,0.0,0.0,4.0,0.0,6.0,0.0,0.0,0.0,8.0,0.0,0.0,0.0,38.0,20.0,0.0,0.0,0.0,78.0,4.2,0.9000000000000022,5.223,0.0,6.213
2019,3/1-3/20,N56,49,1013,14.2,STR9,54.96,1,5.496,0.0,0.0,0.0,4.0,0.0,6.0,0.0,0.0,0.0,8.0,0.0,0.0,0.0,38.0,20.0,0.0,0.0,0.0,101.0,10.2,6.000000000000003,4.738,-0.48499999999999943,6.213
2019,3/24-4/4,N57,50,1114,14.5,STR9,55.33,1,5.5329999999999995,0.0,0.0,0.0,4.0,0.0,6.0,0.0,0.0,0.0,8.0,0.0,0.0,0.0,38.0,20.0,0.0,0.0,0.0,101.0,0.3000000000000007,10.9,5.496,0.758,6.213
2019,4/10-4/20,N58,51,1215,18.9,STR9,57.85,1,5.785,0.0,0.0,0.0,4.0,0.0,6.0,0.0,0.0,0.0,8.0,0.0,0.0,0.0,38.0,20.0,0.0,0.0,0.0,101.0,4.399999999999999,15.866666666666669,5.5329999999999995,0.036999999999999034,6.213
2019,4/25-5/5,N59,52,1317,20.3,STR9,58.04,1,5.804,0.0,0.0,0.0,4.0,0.0,6.0,0.0,0.0,0.0,8.0,0.0,0.0,0.0,38.0,20.0,0.0,0.0,0.0,102.0,1.4000000000000021,17.900000000000002,5.785,0.25200000000000067,6.213
2019,5/9-5/21,N60,53,1376,25.0,STR9,62.39,1,6.239,0.0,0.0,0.0,4.0,0.0,6.0,0.0,0.0,0.0,8.0,0.0,0.0,0.0,38.0,20.0,0.0,0.0,0.0,59.0,4.699999999999999,21.400000000000002,5.804,0.019000000000000128,6.213
2019,5/27-6/5,N61,54,1441,27.8,STR9,58.64,1,5.864,0.0,0.0,0.0,4.0,0.0,6.0,0.0,0.0,0.0,8.0,0.0,0.0,0.0,38.0,20.0,0.0,0.0,0.0,65.0,2.8000000000000007,24.36666666666667,6.239,0.4349999999999996,6.239
2019,6/12-6/22,N62,55,1508,29.3,STR9,60.86,1,6.086,0.0,0.0,0.0,4.0,0.0,6.0,0.0,0.0,0.0,8.0,0.0,0.0,0.0,38.0,20.0,0.0,0.0,0.0,67.0,1.5,27.36666666666667,5.864,-0.375,6.239
2019,6/27-7/7,N63,56,1566,29.8,STR9,66.13,1,6.6129999999999995,0.0,0.0,0.0,4.0,0.0,6.0,0.0,0.0,0.0,8.0,0.0,0.0,0.0,38.0,20.0,0.0,0.0,0.0,58.0,0.5,28.96666666666667,6.086,0.22200000000000042,6.239
2019,7/11-7/21,N64,57,1637,30.7,STR9,60.83,1,6.083,0.0,0.0,0.0,4.0,0.0,6.0,0.0,0.0,0.0,8.0,0.0,0.0,0.0,38.0,20.0,0.0,0.0,0.0,71.0,0.8999999999999986,29.933333333333337,6.6129999999999995,0.5269999999999992,6.6129999999999995
2019,7/25-8/4,N65,58,1706,31.2,STR9,69.55,1,6.955,0.0,0.0,0.0,4.0,0.0,6.0,0.0,0.0,0.0,8.0,0.0,0.0,0.0,38.0,20.0,0.0,0.0,0.0,69.0,0.5,30.566666666666666,6.083,-0.5299999999999994,6.6129999999999995
2019,8/9-8/19,N66,59,1777,29.1,STR9,71.46,1,7.145999999999999,0.0,0.0,0.0,4.0,0.0,6.0,0.0,0.0,0.0,8.0,0.0,0.0,0.0,38.0,20.0,0.0,0.0,0.0,71.0,-2.099999999999998,30.33333333333334,6.955,0.8719999999999999,6.955
2019,8/24-9/5,N67,60,1847,29.4,STR9,68.5,1,6.85,0.0,0.0,0.0,4.0,0.0,6.0,0.0,0.0,0.0,8.0,0.0,0.0,0.0,38.0,20.0,0.0,0.0,0.0,70.0,0.29999999999999716,29.900000000000002,7.145999999999999,0.19099999999999895,7.145999999999999
2019,9/10-9/20,N68,61,1915,24.1,STR9,67.5,1,6.75,0.0,0.0,0.0,4.0,0.0,6.0,0.0,0.0,0.0,8.0,0.0,0.0,0.0,38.0,20.0,0.0,0.0,0.0,68.0,-5.299999999999997,27.533333333333335,6.85,-0.2959999999999994,7.145999999999999
2019,9/25-10/13,N69,62,1981,21.8,STR9,66.19,1,6.619,0.0,0.0,0.0,4.0,0.0,6.0,0.0,0.0,0.0,8.0,0.0,0.0,0.0,38.0,20.0,0.0,0.0,0.0,66.0,-2.3000000000000007,25.100000000000005,6.75,-0.09999999999999964,7.145999999999999
2019,10/18-10/28,N70,63,2048,15.4,STR9,67.6,1,6.76,0.0,0.0,0.0,4.0,0.0,6.0,0.0,0.0,0.0,8.0,0.0,0.0,0.0,38.0,20.0,0.0,0.0,0.0,67.0,-6.4,20.433333333333334,6.619,-0.13100000000000023,7.145999999999999
2019,11/3-11/14,N71,64,2116,12.1,STR9,,0,,0.0,0.0,0.0,4.0,0.0,6.0,0.0,0.0,0.0,8.0,0.0,0.0,0.0,38.0,20.0,0.0,0.0,0.0,68.0,-3.3000000000000007,16.433333333333334,6.76,0.14100000000000001,7.145999999999999
2019,11/20-12/1,N72,65,2184,3.8,STR9,59.4,1,5.9399999999999995,0.0,0.0,0.0,4.0,0.0,6.0,0.0,0.0,0.0,8.0,0.0,0.0,0.0,38.0,20.0,0.0,0.0,0.0,68.0,-8.3,10.433333333333335,6.76,0.14100000000000001,7.145999999999999
2019,12/5-12/21,N73,66,2290,0.8,STR9,61.23,1,6.122999999999999,0.0,0.0,0.0,4.0,0.0,6.0,0.0,0.0,0.0,8.0,0.0,0.0,0.0,38.0,20.0,0.0,0.0,0.0,106.0,-3.0,5.566666666666669,5.9399999999999995,-0.8200000000000003,7.145999999999999
2019,12/26-1/5,N74,67,2396,0.1,STR9,59.9,1,5.99,0.0,0.0,0.0,4.0,0.0,6.0,0.0,0.0,0.0,8.0,0.0,0.0,0.0,38.0,20.0,0.0,0.0,0.0,106.0,-0.7000000000000001,1.566666666666669,6.122999999999999,0.18299999999999983,7.145999999999999
2020,3/19-3/31,N75,68,2501,14.9,STR9,60.5,1,6.05,0.0,0.0,0.0,4.0,0.0,6.0,0.0,0.0,0.0,8.0,0.0,0.0,0.0,38.0,20.0,0.0,0.0,0.0,105.0,14.8,5.266666666666669,5.99,-0.13299999999999912,7.145999999999999
2020,4/4-4/15,N76,69,2605,18.0,STR9,62.28,1,6.228,0.0,0.0,0.0,4.0,0.0,6.0,0.0,0.0,0.0,8.0,0.0,0.0,0.0,38.0,20.0,0.0,0.0,0.0,104.0,3.0999999999999996,11.000000000000002,6.05,0.05999999999999961,7.145999999999999
2020,4/19-4/28,N77,70,2708,18.3,STR9,65.4,1,6.540000000000001,0.0,0.0,0.0,4.0,0.0,6.0,0.0,0.0,0.0,8.0,0.0,0.0,0.0,38.0,20.0,0.0,0.0,0.0,103.0,0.3000000000000007,17.066666666666666,6.228,0.17799999999999994,7.145999999999999
2020,5/7,N78-中,71,2757,23.2,STR9,62.4,1,6.24,0.0,0.0,0.0,4.0,0.0,6.0,0.0,0.0,0.0,8.0,0.0,0.0,0.0,38.0,20.0,0.0,0.0,0.0,49.0,4.899999999999999,19.833333333333336,6.540000000000001,0.31200000000000117,7.145999999999999
2020,5/1-5/10,N78,72,2783,18.6,STR9,60.92,1,6.0920000000000005,0.0,0.0,0.0,4.0,0.0,6.0,0.0,0.0,0.0,8.0,0.0,0.0,0.0,38.0,20.0,0.0,0.0,0.0,26.0,-4.599999999999998,20.033333333333335,6.24,-0.3000000000000007,7.145999999999999
2020,5/19,N79-中,73,2824,22.1,STR9,63.76,1,6.3759999999999994,0.0,0.0,0.0,4.0,0.0,6.0,0.0,0.0,0.0,8.0,0.0,0.0,0.0,38.0,20.0,0.0,0.0,0.0,41.0,3.5,21.300000000000004,6.0920000000000005,-0.1479999999999997,7.145999999999999
2020,5/14-5/23,N79,74,2857,24.5,STR9,66.9,1,6.69,0.0,0.0,0.0,4.0,0.0,6.0,0.0,0.0,0.0,8.0,0.0,0.0,0.0,38.0,20.0,0.0,0.0,0.0,33.0,2.3999999999999986,21.733333333333338,6.3759999999999994,0.2839999999999989,7.145999999999999
2020,6/2,N80-中,75,2900,27.0,STR9,67.92,1,6.792,0.0,0.0,0.0,4.0,0.0,6.0,0.0,0.0,0.0,8.0,0.0,0.0,0.0,38.0,20.0,0.0,0.0,0.0,43.0,2.5,24.533333333333335,6.69,0.31400000000000095,7.145999999999999
2020,5/27-6/6,N80,76,2931,29.7,STR9,68.57,1,6.856999999999999,0.0,0.0,0.0,4.0,0.0,6.0,0.0,0.0,0.0,8.0,0.0,0.0,0.0,38.0,20.0,0.0,0.0,0.0,31.0,2.6999999999999993,27.066666666666666,6.792,0.10199999999999942,7.145999999999999
2020,6/17,N81-中,77,2987,31.7,STR9,69.59,1,6.9590000000000005,0.0,0.0,0.0,4.0,0.0,6.0,0.0,0.0,0.0,8.0,0.0,0.0,0.0,38.0,20.0,0.0,0.0,0.0,56.0,2.0,29.46666666666667,6.856999999999999,0.0649999999999995,7.145999999999999
2020,6/10-6/19,N81,78,3006,29.0,STR9,70.14,1,7.014,0.0,0.0,0.0,4.0,0.0,6.0,0.0,0.0,0.0,8.0,0.0,0.0,0.0,38.0,20.0,0.0,0.0,0.0,19.0,-2.6999999999999993,30.133333333333336,6.9590000000000005,0.1020000000000012,7.145999999999999
2020,6/29,N82-中,79,3040,28.5,STR9,68.26,1,6.8260000000000005,0.0,0.0,0.0,4.0,0.0,6.0,0.0,0.0,0.0,8.0,0.0,0.0,0.0,38.0,20.0,0.0,0.0,0.0,34.0,-0.5,29.733333333333334,7.014,0.054999999999999716,7.145999999999999
2020,6/25-7/5,N82,80,3081,28.9,STR9,65.29,1,6.529000000000001,0.0,0.0,0.0,4.0,0.0,6.0,0.0,0.0,0.0,8.0,0.0,0.0,0.0,38.0,20.0,0.0,0.0,0.0,41.0,0.3999999999999986,28.8,6.8260000000000005,-0.18799999999999972,7.145999999999999
2020,7/15,N83-中,81,3128,26.7,STR9,72.65,1,7.265000000000001,0.0,0.0,0.0,4.0,0.0,6.0,0.0,0.0,0.0,8.0,0.0,0.0,0.0,38.0,20.0,0.0,0.0,0.0,47.0,-2.1999999999999993,28.033333333333335,6.529000000000001,-0.2969999999999997,7.145999999999999
2020,7/9-7/19,N83,82,3157,30.0,STR9,69.99,1,6.999,0.0,0.0,0.0,4.0,0.0,6.0,0.0,0.0,0.0,8.0,0.0,0.0,0.0,38.0,20.0,0.0,0.0,0.0,29.0,3.3000000000000007,28.533333333333335,7.265000000000001,0.7359999999999998,7.265000000000001
2020,8/8,N84-中,83,3212,30.6,STR9,68.35,1,6.834999999999999,0.0,0.0,0.0,4.0,0.0,6.0,0.0,0.0,0.0,8.0,0.0,0.0,0.0,38.0,20.0,0.0,0.0,0.0,55.0,0.6000000000000014,29.100000000000005,6.999,-0.2660000000000009,7.265000000000001
2020,7/24-8/11,N84,84,3233,30.8,STR9,71.94,1,7.194,0.0,0.0,0.0,4.0,0.0,6.0,0.0,0.0,0.0,8.0,0.0,0.0,0.0,38.0,20.0,0.0,0.0,0.0,21.0,0.1999999999999993,30.46666666666667,6.834999999999999,-0.1640000000000006,7.265000000000001
2020,8/21,N85-中,85,3275,25.8,STR9,66.29,1,6.6290000000000004,0.0,0.0,0.0,4.0,0.0,6.0,0.0,0.0,0.0,8.0,0.0,0.0,0.0,38.0,20.0,0.0,0.0,0.0,42.0,-5.0,29.066666666666666,7.194,0.3590000000000009,7.265000000000001
2020,8/15-8/25,N85,86,3308,26.9,STR9,67.24,1,6.723999999999999,0.0,0.0,0.0,4.0,0.0,6.0,0.0,0.0,0.0,8.0,0.0,0.0,0.0,38.0,20.0,0.0,0.0,0.0,33.0,1.0999999999999979,27.83333333333334,6.6290000000000004,-0.5649999999999995,7.265000000000001
2020,9/2,N86-中,87,3344,27.3,STR9,67.58,1,6.758,0.0,0.0,0.0,4.0,0.0,6.0,0.0,0.0,0.0,8.0,0.0,0.0,0.0,38.0,20.0,0.0,0.0,0.0,36.0,0.40000000000000213,26.666666666666668,6.723999999999999,0.09499999999999886,7.265000000000001
2020,8/29-9/7,N86,88,3383,27.5,STR9,67.34,1,6.734,0.0,0.0,0.0,4.0,0.0,6.0,0.0,0.0,0.0,8.0,0.0,0.0,0.0,38.0,20.0,0.0,0.0,0.0,39.0,0.1999999999999993,27.233333333333338,6.758,0.034000000000000696,7.265000000000001
2020,9/20,N87-中,89,3432,23.8,STR9,67.12,1,6.712000000000001,0.0,0.0,0.0,4.0,0.0,6.0,0.0,0.0,0.0,8.0,0.0,0.0,0.0,38.0,20.0,0.0,0.0,0.0,49.0,-3.6999999999999993,26.200000000000003,6.734,-0.02400000000000002,7.265000000000001
2020,9/14-9/23,N87,90,3458,23.7,STR9,67.78,1,6.7780000000000005,0.0,0.0,0.0,4.0,0.0,6.0,0.0,0.0,0.0,8.0,0.0,0.0,0.0,38.0,20.0,0.0,0.0,0.0,26.0,-0.10000000000000142,25.0,6.712000000000001,-0.021999999999999353,7.265000000000001
2020,10/12,N88-中,91,3495,18.4,STR9,67.55,1,6.755,0.0,0.0,0.0,4.0,0.0,6.0,0.0,0.0,0.0,8.0,0.0,0.0,0.0,38.0,20.0,0.0,0.0,0.0,37.0,-5.300000000000001,21.96666666666667,6.7780000000000005,0.06599999999999984,7.265000000000001
2020,9/28-10/17,N88,92,3533,17.7,STR9,67.46,1,6.7459999999999996,0.0,0.0,0.0,4.0,0.0,6.0,0.0,0.0,0.0,8.0,0.0,0.0,0.0,38.0,20.0,0.0,0.0,0.0,38.0,-0.6999999999999993,19.933333333333337,6.755,-0.023000000000000576,7.265000000000001
2020,10/26,N89-中,93,3577,15.1,STR9,67.05,1,6.705,0.0,0.0,0.0,4.0,0.0,6.0,0.0,0.0,0.0,8.0,0.0,0.0,0.0,38.0,20.0,0.0,0.0,0.0,44.0,-2.5999999999999996,17.066666666666666,6.7459999999999996,-0.009000000000000341,7.265000000000001
2020,10/21-10/30,N89,94,3607,15.3,STR9,74.64,1,7.464,0.0,0.0,0.0,4.0,0.0,6.0,0.0,0.0,0.0,8.0,0.0,0.0,0.0,38.0,20.0,0.0,0.0,0.0,30.0,0.20000000000000107,16.033333333333335,6.705,-0.04099999999999948,7.265000000000001
2020,11/13,N90-中,95,3658,13.4,STR9,77.71,1,7.770999999999999,0.0,0.0,0.0,4.0,0.0,6.0,0.0,0.0,0.0,8.0,0.0,0.0,0.0,38.0,20.0,0.0,0.0,0.0,51.0,-1.9000000000000004,14.600000000000003,7.464,0.7590000000000003,7.464
2020,11/8-11/19,N90,96,3714,12.2,STR9,76.82,1,7.6819999999999995,0.0,0.0,0.0,4.0,0.0,6.0,0.0,0.0,0.0,8.0,0.0,0.0,0.0,38.0,20.0,0.0,0.0,0.0,56.0,-1.200000000000001,13.633333333333335,7.770999999999999,0.3069999999999986,7.770999999999999
2020,11/29,N91-中,97,3768,3.5,STR9,75.83,1,7.583,0.0,0.0,0.0,4.0,0.0,6.0,0.0,0.0,0.0,8.0,0.0,0.0,0.0,38.0,20.0,0.0,0.0,0.0,54.0,-8.7,9.700000000000003,7.6819999999999995,-0.08899999999999952,7.770999999999999
2020,11/24-12/5,N91,98,3822,2.3,STR9,76.36,1,7.636,0.0,0.0,0.0,4.0,0.0,6.0,0.0,0.0,0.0,8.0,0.0,0.0,0.0,38.0,20.0,0.0,0.0,0.0,54.0,-1.2000000000000002,6.000000000000003,7.583,-0.09899999999999931,7.770999999999999
2020,12/25,N92-中,99,3875,-0.4,STR9,77.22,1,7.7219999999999995,0.0,0.0,0.0,4.0,0.0,6.0,0.0,0.0,0.0,8.0,0.0,0.0,0.0,38.0,20.0,0.0,0.0,0.0,53.0,-2.6999999999999997,1.8000000000000023,7.636,0.052999999999999936,7.770999999999999
2020,12/10-12/22,N92,100,3929,-0.2,STR9,76.42,1,7.642,0.0,0.0,0.0,4.0,0.0,6.0,0.0,0.0,0.0,8.0,0.0,0.0,0.0,38.0,20.0,0.0,0.0,0.0,54.0,0.2,0.566666666666669,7.7219999999999995,0.08599999999999941,7.770999999999999
2020,12/31,N93-中,101,3980,-3.0,STR9,74.1,1,7.409999999999999,0.0,0.0,0.0,4.0,0.0,6.0,0.0,0.0,0.0,8.0,0.0,0.0,0.0,38.0,20.0,0.0,0.0,0.0,51.0,-2.8,-1.1999999999999977,7.642,-0.07999999999999918,7.770999999999999
2020,12/26-1/6,N93,102,4037,-3.8,STR9,77.08,1,7.708,0.0,0.0,0.0,4.0,0.0,6.0,0.0,0.0,0.0,8.0,0.0,0.0,0.0,38.0,20.0,0.0,0.0,0.0,57.0,-0.7999999999999998,-2.333333333333331,7.409999999999999,-0.2320000000000011,7.770999999999999
2021,1/15,N94-中,103,4090,1.4,STR9,75.97,1,7.5969999999999995,0.0,0.0,0.0,4.0,0.0,6.0,0.0,0.0,0.0,8.0,0.0,0.0,0.0,38.0,20.0,0.0,0.0,0.0,53.0,5.199999999999999,-1.7999999999999978,7.708,0.29800000000000093,7.770999999999999
2021,1/10-1/21,N94,104,4144,0.2,STR9,77.87,1,7.787000000000001,0.0,0.0,0.0,4.0,0.0,6.0,0.0,0.0,0.0,8.0,0.0,0.0,0.0,38.0,20.0,0.0,0.0,0.0,54.0,-1.2,-0.7333333333333308,7.5969999999999995,-0.11100000000000065,7.770999999999999
2021,3/24,N95-中,105,4204,11.9,STR9,76.49,1,7.648999999999999,0.0,0.0,0.0,4.0,0.0,6.0,0.0,0.0,0.0,8.0,0.0,0.0,0.0,38.0,20.0,0.0,0.0,0.0,60.0,11.700000000000001,4.500000000000003,7.787000000000001,0.19000000000000128,7.787000000000001
2021,3/18-3/29,N95,106,4252,14.2,STR9,78.33,1,7.833,0.0,0.0,0.0,4.0,0.0,6.0,0.0,0.0,0.0,8.0,0.0,0.0,0.0,38.0,20.0,0.0,0.0,0.0,48.0,2.299999999999999,8.766666666666667,7.648999999999999,-0.13800000000000168,7.787000000000001
2021,4/7,N96-中,107,4307,16.9,STR9,79.07,1,7.906999999999999,0.0,0.0,0.0,4.0,0.0,6.0,0.0,0.0,0.0,8.0,0.0,0.0,0.0,38.0,20.0,0.0,0.0,0.0,55.0,2.6999999999999993,14.333333333333334,7.833,0.18400000000000105,7.833
2021,4/2-4/12,N96,108,4358,16.8,STR9,78.9,1,7.890000000000001,0.0,0.0,0.0,4.0,0.0,6.0,0.0,0.0,0.0,8.0,0.0,0.0,0.0,38.0,20.0,0.0,0.0,0.0,51.0,-0.09999999999999787,15.966666666666669,7.906999999999999,0.07399999999999896,7.906999999999999
2021,4/21,N97-中,109,4415,20.2,STR9,80.78,1,8.078,0.0,0.0,0.0,4.0,0.0,6.0,0.0,0.0,0.0,8.0,0.0,0.0,0.0,38.0,20.0,0.0,0.0,0.0,57.0,3.3999999999999986,17.96666666666667,7.890000000000001,-0.016999999999998572,7.906999999999999
2021,4/16-4/26,N97,110,4466,19.2,STR9,80.13,1,8.013,0.0,0.0,0.0,4.0,0.0,6.0,0.0,0.0,0.0,8.0,0.0,0.0,0.0,38.0,20.0,0.0,0.0,0.0,51.0,-1.0,18.733333333333334,8.078,0.18799999999999883,8.078
2021,5/4,N98-中,111,4524,17.7,STR9,80.56,1,8.056000000000001,0.0,0.0,0.0,4.0,0.0,6.0,0.0,0.0,0.0,8.0,0.0,0.0,0.0,38.0,20.0,0.0,0.0,0.0,58.0,-1.5,19.033333333333335,8.013,-0.0649999999999995,8.078
2021,4/29-5/9,N98,112,4573,20.8,STR9,78.36,1,7.836,0.0,0.0,0.0,4.0,0.0,6.0,0.0,0.0,0.0,8.0,0.0,0.0,0.0,38.0,20.0,0.0,0.0,0.0,49.0,3.1000000000000014,19.233333333333334,8.056000000000001,0.04300000000000104,8.078
2021,5/19,N99-中,113,4612,23.8,STR9,81.48,1,8.148,0.0,0.0,0.0,4.0,0.0,6.0,0.0,0.0,0.0,8.0,0.0,0.0,0.0,38.0,20.0,0.0,0.0,0.0,39.0,3.0,20.766666666666666,7.836,-0.22000000000000064,8.078
2021,5/14-5/24,N99,114,4650,25.1,STR9,79.77,1,7.976999999999999,0.0,0.0,0.0,4.0,0.0,6.0,0.0,0.0,0.0,8.0,0.0,0.0,0.0,38.0,20.0,0.0,0.0,0.0,38.0,1.3000000000000007,23.233333333333334,8.148,0.3119999999999994,8.148
2021,6/2,N100-中,115,4692,23.6,STR9,81.9,1,8.190000000000001,0.0,0.0,0.0,4.0,0.0,6.0,0.0,0.0,0.0,8.0,0.0,0.0,0.0,38.0,20.0,0.0,0.0,0.0,42.0,-1.5,24.16666666666667,7.976999999999999,-0.17100000000000026,8.148
2021,5/28-6/7,N100,116,4727,25.8,STR9,83.33,1,8.333,0.0,0.0,0.0,4.0,0.0,6.0,0.0,0.0,0.0,8.0,0.0,0.0,0.0,38.0,20.0,0.0,0.0,0.0,35.0,2.1999999999999993,24.833333333333332,8.190000000000001,0.21300000000000185,8.190000000000001
2021,6/16,N101-中,117,4768,30.1,STR9,82.75,1,8.275,0.0,0.0,0.0,4.0,0.0,6.0,0.0,0.0,0.0,8.0,0.0,0.0,0.0,38.0,20.0,0.0,0.0,0.0,41.0,4.300000000000001,26.5,8.333,0.1429999999999989,8.333
2021,6/11-6/20,N101,118,4805,30.2,STR9,84.28,1,8.428,0.0,0.0,0.0,4.0,0.0,6.0,0.0,0.0,0.0,8.0,0.0,0.0,0.0,38.0,20.0,0.0,0.0,0.0,37.0,0.09999999999999787,28.700000000000003,8.275,-0.05799999999999983,8.333
2021,6/30,N102-中,119,4843,27.2,STR9,85.25,1,8.525,0.0,0.0,0.0,4.0,0.0,6.0,0.0,0.0,0.0,8.0,0.0,0.0,0.0,38.0,20.0,0.0,0.0,0.0,38.0,-3.0,29.166666666666668,8.428,0.15300000000000047,8.428
2021,6/25-7/6,N102,120,4882,27.5,STR9,84.47,1,8.447,0.0,0.0,0.0,4.0,0.0,6.0,0.0,0.0,0.0,8.0,0.0,0.0,0.0,38.0,20.0,0.0,0.0,0.0,39.0,0.3000000000000007,28.3,8.525,0.09699999999999953,8.525
2021,7/14,N103-中,121,4922,29.1,STR9,86.36,1,8.636,0.0,0.0,0.0,4.0,0.0,6.0,0.0,0.0,0.0,8.0,0.0,0.0,0.0,38.0,20.0,0.0,0.0,0.0,40.0,1.6000000000000014,27.933333333333337,8.447,-0.07800000000000118,8.525
2021,7/9-7/19,N103,122,4960,29.0,STR9,82.68,1,8.268,0.0,0.0,0.0,4.0,0.0,6.0,0.0,0.0,0.0,8.0,0.0,0.0,0.0,38.0,20.0,0.0,0.0,0.0,38.0,-0.10000000000000142,28.53333333333333,8.636,0.18900000000000006,8.636
2021,7/28,N104-中,123,4999,31.2,STR9,84.04,1,8.404,0.0,0.0,0.0,4.0,0.0,6.0,0.0,0.0,0.0,8.0,0.0,0.0,0.0,38.0,20.0,0.0,0.0,0.0,39.0,2.1999999999999993,29.766666666666666,8.268,-0.36799999999999855,8.636
2021,7/23-8/1,N104,124,5037,29.9,STR9,83.68,1,8.368,0.0,0.0,0.0,4.0,0.0,6.0,0.0,0.0,0.0,8.0,0.0,0.0,0.0,38.0,20.0,0.0,0.0,0.0,38.0,-1.3000000000000007,30.033333333333335,8.404,0.13599999999999923,8.636
2021,8/10,N105-中,125,5077,30.5,STR9,86.74,1,8.674,0.0,0.0,0.0,4.0,0.0,6.0,0.0,0.0,0.0,8.0,0.0,0.0,0.0,38.0,20.0,0.0,0.0,0.0,40.0,0.6000000000000014,30.533333333333335,8.368,-0.03599999999999959,8.636
2021,8/6-8/15,N105,126,5115,29.2,STR9,84.81,1,8.481,0.0,0.0,0.0,4.0,0.0,6.0,0.0,0.0,0.0,8.0,0.0,0.0,0.0,38.0,20.0,0.0,0.0,0.0,38.0,-1.3000000000000007,29.866666666666664,8.674,0.30599999999999916,8.674
2021,8/25,N106-中,127,5151,28.1,STR9,86.38,1,8.638,0.0,0.0,0.0,4.0,0.0,6.0,0.0,0.0,0.0,8.0,0.0,0.0,0.0,38.0,20.0,0.0,0.0,0.0,36.0,-1.0999999999999979,29.26666666666667,8.481,-0.19299999999999962,8.674
2021,8/20-8/29,N106,128,5193,27.5,STR9,85.83,1,8.583,0.0,0.0,0.0,4.0,0.0,6.0,0.0,0.0,0.0,8.0,0.0,0.0,0.0,38.0,20.0,0.0,0.0,0.0,42.0,-0.6000000000000014,28.26666666666667,8.638,0.15700000000000003,8.674
2021,9/8,N107-中,129,5237,24.1,STR9,87.26,1,8.726,0.0,0.0,0.0,4.0,0.0,6.0,0.0,0.0,0.0,8.0,0.0,0.0,0.0,38.0,20.0,0.0,0.0,0.0,44.0,-3.3999999999999986,26.566666666666666,8.583,-0.054999999999999716,8.674
2021,9/03-9/13,N107,130,5271,25.2,STR9,82.07,1,8.206999999999999,0.0,0.0,0.0,4.0,0.0,6.0,0.0,0.0,0.0,8.0,0.0,0.0,0.0,38.0,20.0,0.0,0.0,0.0,34.0,1.0999999999999979,25.600000000000005,8.726,0.14300000000000068,8.726
2021,9/22,N108-中,131,5314,22.2,STR9,88.15,1,8.815000000000001,0.0,0.0,0.0,4.0,0.0,6.0,0.0,0.0,0.0,8.0,0.0,0.0,0.0,38.0,20.0,0.0,0.0,0.0,43.0,-3.0,23.833333333333332,8.206999999999999,-0.5190000000000019,8.726
2021,9/17-9/26,N108,132,5349,22.5,STR9,85.78,1,8.578,0.0,0.0,0.0,4.0,0.0,6.0,0.0,0.0,0.0,8.0,0.0,0.0,0.0,38.0,20.0,0.0,0.0,0.0,35.0,0.3000000000000007,23.3,8.815000000000001,0.6080000000000023,8.815000000000001
2021,10/13,N109-中,133,5387,16.3,STR9,85.29,1,8.529,0.0,0.0,0.0,4.0,0.0,6.0,0.0,0.0,0.0,8.0,0.0,0.0,0.0,38.0,20.0,0.0,0.0,0.0,38.0,-6.199999999999999,20.333333333333332,8.578,-0.23700000000000188,8.815000000000001
2021,10/8-10/18,N109,134,5427,15.6,STR9,84.29,1,8.429,0.0,0.0,0.0,4.0,0.0,6.0,0.0,0.0,0.0,8.0,0.0,0.0,0.0,38.0,20.0,0.0,0.0,0.0,40.0,-0.7000000000000011,18.133333333333333,8.529,-0.04899999999999949,8.815000000000001
2021,10/27,N110-中,135,5469,15.5,STR9,85.54,1,8.554,0.0,0.0,0.0,4.0,0.0,6.0,0.0,0.0,0.0,8.0,0.0,0.0,0.0,38.0,20.0,0.0,0.0,0.0,42.0,-0.09999999999999964,15.800000000000002,8.429,-0.09999999999999964,8.815000000000001
2021,10/22-11/1,N110,136,5504,15.5,STR9,84.55,1,8.455,0.0,0.0,0.0,4.0,0.0,6.0,0.0,0.0,0.0,8.0,0.0,0.0,0.0,38.0,20.0,0.0,0.0,0.0,35.0,0.0,15.533333333333333,8.554,0.125,8.815000000000001
2021,11/11,N111-中,137,5556,7.7,STR9,85.18,1,8.518,0.0,0.0,0.0,4.0,0.0,6.0,0.0,0.0,0.0,8.0,0.0,0.0,0.0,38.0,20.0,0.0,0.0,0.0,52.0,-7.8,12.9,8.455,-0.0990000000000002,8.815000000000001
2021,11/05-11/17,N111,138,5612,9.3,STR9,83.94,1,8.394,0.0,0.0,0.0,4.0,0.0,6.0,0.0,0.0,0.0,8.0,0.0,0.0,0.0,38.0,20.0,0.0,0.0,0.0,56.0,1.6000000000000005,10.833333333333334,8.518,0.06300000000000061,8.815000000000001
2021,11/25,N112-中,139,5669,5.5,STR9,85.04,1,8.504000000000001,0.0,0.0,0.0,4.0,0.0,6.0,0.0,0.0,0.0,8.0,0.0,0.0,0.0,38.0,20.0,0.0,0.0,0.0,57.0,-3.8000000000000007,7.500000000000001,8.394,-0.12400000000000055,8.815000000000001
2021,11/20-11/30,N112,140,5720,6.4,STR9,85.07,1,8.507,0.0,0.0,0.0,4.0,0.0,6.0,0.0,0.0,0.0,8.0,0.0,0.0,0.0,38.0,20.0,0.0,0.0,0.0,51.0,0.9000000000000004,7.066666666666667,8.504000000000001,0.11000000000000121,8.815000000000001
2021,12/9,N113-中,141,5778,7.2,STR9,85.26,1,8.526,0.0,0.0,0.0,4.0,0.0,6.0,0.0,0.0,0.0,8.0,0.0,0.0,0.0,38.0,20.0,0.0,0.0,0.0,58.0,0.7999999999999998,6.366666666666668,8.507,0.0029999999999983373,8.815000000000001
2021,12/4-12/14,N113,142,5828,5.4,STR9,85.24,1,8.524,0.0,0.0,0.0,4.0,0.0,6.0,0.0,0.0,0.0,8.0,0.0,0.0,0.0,38.0,20.0,0.0,0.0,0.0,50.0,-1.7999999999999998,6.333333333333335,8.526,0.019000000000000128,8.815000000000001
2021,12/23,N114-中,143,5889,3.1,STR9,86.15,1,8.615,0.0,0.0,0.0,4.0,0.0,6.0,0.0,0.0,0.0,8.0,0.0,0.0,0.0,38.0,20.0,0.0,0.0,0.0,61.0,-2.3000000000000003,5.233333333333335,8.524,-0.002000000000000668,8.815000000000001
2021,12/17-12/28,N114,144,5936,0.2,STR9,86.1,1,8.61,0.0,0.0,0.0,4.0,0.0,6.0,0.0,0.0,0.0,8.0,0.0,0.0,0.0,38.0,20.0,0.0,0.0,0.0,47.0,-2.9,2.900000000000001,8.615,0.09100000000000108,8.815000000000001
2021,1/8,N115-中,145,5992,1.1,STR9,86.4,1,8.64,0.0,0.0,0.0,4.0,0.0,6.0,0.0,0.0,0.0,8.0,0.0,0.0,0.0,38.0,20.0,0.0,0.0,0.0,56.0,0.9000000000000001,1.466666666666668,8.61,-0.005000000000000782,8.815000000000001
2021,1/3-1/13,N115,146,6044,0.8,STR9,87.32,1,8.732,0.0,0.0,0.0,4.0,0.0,6.0,0.0,0.0,0.0,8.0,0.0,0.0,0.0,38.0,20.0,0.0,0.0,0.0,52.0,-0.30000000000000004,0.7000000000000012,8.64,0.030000000000001137,8.815000000000001
2016,11/30-12/10,N1,0,3,3.8,STR10,17.17,1,1.717,4.0,0.0,0.0,0.0,0.0,6.0,0.0,0.0,0.0,16.0,0.0,2.0,0.0,20.0,20.0,0.0,0.0,20.0,0.0,0.0,3.8,,,
2016,12/13-12/24,N2,1,10,1.2,STR10,15.98,1,1.598,4.0,0.0,0.0,0.0,0.0,6.0,0.0,0.0,0.0,16.0,0.0,2.0,0.0,20.0,20.0,0.0,0.0,20.0,7.0,-2.5999999999999996,2.5,1.717,,1.717
2016,12/27-1/9,N3,2,30,0.9,STR10,16.98,1,1.698,4.0,0.0,0.0,0.0,0.0,6.0,0.0,0.0,0.0,16.0,0.0,2.0,0.0,20.0,20.0,0.0,0.0,20.0,20.0,-0.29999999999999993,1.9666666666666666,1.598,-0.119,1.717
2017,1/12-2/23,N4,3,48,3.6,STR10,17.94,1,1.794,4.0,0.0,0.0,0.0,0.0,6.0,0.0,0.0,0.0,16.0,0.0,2.0,0.0,20.0,20.0,0.0,0.0,20.0,18.0,2.7,1.9000000000000001,1.698,0.09999999999999987,1.717
2017,2/26-3/10,N5,4,67,11.4,STR10,,0,,4.0,0.0,0.0,0.0,0.0,6.0,0.0,0.0,0.0,16.0,0.0,2.0,0.0,20.0,20.0,0.0,0.0,20.0,19.0,7.800000000000001,5.3,1.794,0.09600000000000009,1.794
2017,3/13-3/23,N6,5,85,13.9,STR10,17.36,1,1.736,4.0,0.0,0.0,0.0,0.0,6.0,0.0,0.0,0.0,16.0,0.0,2.0,0.0,20.0,20.0,0.0,0.0,20.0,18.0,2.5,9.633333333333333,1.794,0.09600000000000009,1.794
2017,3/26-4/6,N7,6,104,19.1,STR10,17.23,1,1.723,4.0,0.0,0.0,0.0,0.0,6.0,0.0,0.0,0.0,16.0,0.0,2.0,0.0,20.0,20.0,0.0,0.0,20.0,19.0,5.200000000000001,14.799999999999999,1.736,-0.05800000000000005,1.794
2017,4/9-4/13,N8,7,108,21.1,STR10,19.52,1,1.952,4.0,0.0,0.0,0.0,0.0,6.0,0.0,0.0,0.0,16.0,0.0,2.0,0.0,20.0,20.0,0.0,0.0,20.0,4.0,2.0,18.033333333333335,1.723,-0.0129999999999999,1.794
2017,4/17-4-21,N9,8,109,21.7,STR10,20.67,1,2.067,4.0,0.0,0.0,0.0,0.0,6.0,0.0,0.0,0.0,16.0,0.0,2.0,0.0,20.0,20.0,0.0,0.0,20.0,1.0,0.5999999999999979,20.633333333333336,1.952,0.22899999999999987,1.952
2017,4/24-5/4,N10,9,129,27.0,STR10,22.5,1,2.25,4.0,0.0,0.0,0.0,0.0,6.0,0.0,0.0,0.0,16.0,0.0,2.0,0.0,20.0,20.0,0.0,0.0,20.0,20.0,5.300000000000001,23.266666666666666,2.067,0.11500000000000021,2.067
2017,5/7-5-17,N11,10,149,30.1,STR10,31.78,1,3.178,4.0,0.0,0.0,0.0,0.0,6.0,0.0,0.0,0.0,16.0,0.0,2.0,0.0,20.0,20.0,0.0,0.0,20.0,20.0,3.1000000000000014,26.266666666666666,2.25,0.18299999999999983,2.25
2017,5/20-5/30,N12,11,168,30.2,STR10,40.87,1,4.087,4.0,0.0,0.0,0.0,0.0,6.0,0.0,0.0,0.0,16.0,0.0,2.0,0.0,20.0,20.0,0.0,0.0,20.0,19.0,0.09999999999999787,29.099999999999998,3.178,0.9279999999999999,3.178
2017,6/2-6/12,N13,12,188,29.6,STR10,45.42,1,4.542,4.0,0.0,0.0,0.0,0.0,6.0,0.0,0.0,0.0,16.0,0.0,2.0,0.0,20.0,20.0,0.0,0.0,20.0,20.0,-0.5999999999999979,29.96666666666667,4.087,0.9089999999999998,4.087
2017,6/16-6/26,N14,13,206,30.1,STR10,42.05,1,4.205,4.0,0.0,0.0,0.0,0.0,6.0,0.0,0.0,0.0,16.0,0.0,2.0,0.0,20.0,20.0,0.0,0.0,20.0,18.0,0.5,29.96666666666667,4.542,0.45500000000000007,4.542
2017,6/29-7/10,N15,14,224,28.6,STR10,51.96,1,5.196,4.0,0.0,0.0,0.0,0.0,6.0,0.0,0.0,0.0,16.0,0.0,2.0,0.0,20.0,20.0,0.0,0.0,20.0,18.0,-1.5,29.433333333333337,4.205,-0.33699999999999974,4.542
2017,7/13-7/23,N16-17,15,230,31.4,STR10,58.25,1,5.825,4.0,0.0,0.0,0.0,0.0,6.0,0.0,0.0,0.0,16.0,0.0,2.0,0.0,20.0,20.0,0.0,0.0,20.0,6.0,2.799999999999997,30.03333333333333,5.196,0.9909999999999997,5.196
2017,7/27-8/7,N18,16,250,32.1,STR10,59.58,1,5.958,4.0,0.0,0.0,0.0,0.0,6.0,0.0,0.0,0.0,16.0,0.0,2.0,0.0,20.0,20.0,0.0,0.0,20.0,20.0,0.7000000000000028,30.7,5.825,0.6290000000000004,5.825
2017,8/10-8/21,N19,17,268,28.6,STR10,59.87,1,5.987,4.0,0.0,0.0,0.0,0.0,6.0,0.0,0.0,0.0,16.0,0.0,2.0,0.0,20.0,20.0,0.0,0.0,20.0,18.0,-3.5,30.7,5.958,0.133,5.958
2017,8/25-9/4,N20,18,286,26.3,STR10,65.14,1,6.514,4.0,0.0,0.0,0.0,0.0,6.0,0.0,0.0,0.0,16.0,0.0,2.0,0.0,20.0,20.0,0.0,0.0,20.0,18.0,-2.3000000000000007,29.0,5.987,0.028999999999999915,5.987
2017,9/8-9/18,N21,19,305,28.2,STR10,68.31,1,6.831,4.0,0.0,0.0,0.0,0.0,6.0,0.0,0.0,0.0,16.0,0.0,2.0,0.0,20.0,20.0,0.0,0.0,20.0,19.0,1.8999999999999986,27.7,6.514,0.5270000000000001,6.514
2017,9/21-10/9,N22,20,323,22.9,STR10,62.25,1,6.225,4.0,0.0,0.0,0.0,0.0,6.0,0.0,0.0,0.0,16.0,0.0,2.0,0.0,20.0,20.0,0.0,0.0,20.0,18.0,-5.300000000000001,25.8,6.831,0.31700000000000017,6.831
2017,10/13-10/25,N23,21,346,14.9,STR10,65.36,1,6.536,4.0,0.0,0.0,0.0,0.0,6.0,0.0,0.0,0.0,16.0,0.0,2.0,0.0,20.0,20.0,0.0,0.0,20.0,23.0,-7.999999999999998,22.0,6.225,-0.6060000000000008,6.831
2017,11/1-11/12,N24-25,22,352,11.1,STR10,66.47,1,6.647,4.0,0.0,0.0,0.0,0.0,6.0,0.0,0.0,0.0,16.0,0.0,2.0,0.0,20.0,20.0,0.0,0.0,20.0,6.0,-3.8000000000000007,16.3,6.536,0.31099999999999994,6.831
2017,11/15-11/26,N26,23,371,3.8,STR10,68.75,1,6.875,4.0,0.0,0.0,0.0,0.0,6.0,0.0,0.0,0.0,16.0,0.0,2.0,0.0,20.0,20.0,0.0,0.0,20.0,19.0,-7.3,9.933333333333334,6.647,0.11100000000000065,6.831
2017,12/9-12/21,N27,24,391,0.0,STR10,58.3,1,5.83,4.0,0.0,0.0,0.0,0.0,6.0,0.0,0.0,0.0,16.0,0.0,2.0,0.0,20.0,20.0,0.0,0.0,20.0,20.0,-3.8,4.966666666666666,6.875,0.22799999999999976,6.875
2017,12/23-1/3,N28,25,410,0.2,STR10,63.31,1,6.331,4.0,0.0,0.0,0.0,0.0,6.0,0.0,0.0,0.0,16.0,0.0,2.0,0.0,20.0,20.0,0.0,0.0,20.0,19.0,0.2,1.3333333333333333,5.83,-1.045,6.875
2018,1/7-1/18,N29-30,26,415,-1.0,STR10,59.67,1,5.9670000000000005,4.0,0.0,0.0,0.0,0.0,6.0,0.0,0.0,0.0,16.0,0.0,2.0,0.0,20.0,20.0,0.0,0.0,20.0,5.0,-1.2,-0.26666666666666666,6.331,0.5010000000000003,6.875
2018,1/20-1/30,N31,27,434,-2.2,STR10,52.83,1,5.2829999999999995,4.0,0.0,0.0,0.0,0.0,6.0,0.0,0.0,0.0,16.0,0.0,2.0,0.0,20.0,20.0,0.0,0.0,20.0,19.0,-1.2000000000000002,-1.0,5.9670000000000005,-0.3639999999999999,6.875
2018,3/9-3/21,N32,28,454,8.3,STR10,58.86,1,5.886,4.0,0.0,0.0,0.0,0.0,6.0,0.0,0.0,0.0,16.0,0.0,2.0,0.0,20.0,20.0,0.0,0.0,20.0,20.0,10.5,1.7000000000000002,5.2829999999999995,-0.684000000000001,6.875
2018,3/25-4/7,N33,29,473,15.7,STR10,55.07,1,5.507,4.0,0.0,0.0,0.0,0.0,6.0,0.0,0.0,0.0,16.0,0.0,2.0,0.0,20.0,20.0,0.0,0.0,20.0,19.0,7.399999999999999,7.266666666666667,5.886,0.6030000000000006,6.875
2018,4/10-4/21,N34,30,492,19.4,STR10,51.6,1,5.16,4.0,0.0,0.0,0.0,0.0,6.0,0.0,0.0,0.0,16.0,0.0,2.0,0.0,20.0,20.0,0.0,0.0,20.0,19.0,3.6999999999999993,14.466666666666667,5.507,-0.37900000000000045,6.875
2018,4/26-5/7,N35-36,31,498,23.7,STR10,60.83,1,6.083,4.0,0.0,0.0,0.0,0.0,6.0,0.0,0.0,0.0,16.0,0.0,2.0,0.0,20.0,20.0,0.0,0.0,20.0,6.0,4.300000000000001,19.599999999999998,5.16,-0.34699999999999953,6.875
2018,5/10-5/21,N37,32,517,24.1,STR10,59.6,1,5.96,4.0,0.0,0.0,0.0,0.0,6.0,0.0,0.0,0.0,16.0,0.0,2.0,0.0,20.0,20.0,0.0,0.0,20.0,19.0,0.40000000000000213,22.400000000000002,6.083,0.923,6.875
2018,5/24-6/4,N38,33,536,29.7,STR10,41.36,1,4.136,4.0,0.0,0.0,0.0,0.0,6.0,0.0,0.0,0.0,16.0,0.0,2.0,0.0,20.0,20.0,0.0,0.0,20.0,19.0,5.599999999999998,25.833333333333332,5.96,-0.12300000000000022,6.875
2018,6/7-6/19,N39,34,556,26.6,STR10,66.29,1,6.6290000000000004,4.0,0.0,0.0,0.0,0.0,6.0,0.0,0.0,0.0,16.0,0.0,2.0,0.0,20.0,20.0,0.0,0.0,20.0,20.0,-3.099999999999998,26.8,4.136,-1.8239999999999998,6.875
2018,6/22-7/2,N40,35,574,32.8,STR10,52.03,1,5.203,4.0,0.0,0.0,0.0,0.0,6.0,0.0,0.0,0.0,16.0,0.0,2.0,0.0,20.0,20.0,0.0,0.0,20.0,18.0,6.199999999999996,29.7,6.6290000000000004,2.4930000000000003,6.875
2018,7/5-7/17,N41,36,593,28.3,STR10,67.89,1,6.789,4.0,0.0,0.0,0.0,0.0,6.0,0.0,0.0,0.0,16.0,0.0,2.0,0.0,20.0,20.0,0.0,0.0,20.0,19.0,-4.4999999999999964,29.233333333333334,5.203,-1.4260000000000002,6.875
2018,7/22-7/31,N42,37,612,32.7,STR10,70.13,1,7.013,4.0,0.0,0.0,0.0,0.0,6.0,0.0,0.0,0.0,16.0,0.0,2.0,0.0,20.0,20.0,0.0,0.0,20.0,19.0,4.400000000000002,31.26666666666667,6.789,1.5859999999999994,6.875
2018,8/3-8/14,N43-44,38,618,30.5,STR10,69.57,1,6.956999999999999,4.0,0.0,0.0,0.0,0.0,6.0,0.0,0.0,0.0,16.0,0.0,2.0,0.0,20.0,20.0,0.0,0.0,20.0,6.0,-2.200000000000003,30.5,7.013,0.2240000000000002,7.013
2018,8/17-8/30,N45,39,636,29.6,STR10,71.21,1,7.1209999999999996,4.0,0.0,0.0,0.0,0.0,6.0,0.0,0.0,0.0,16.0,0.0,2.0,0.0,20.0,20.0,0.0,0.0,20.0,18.0,-0.8999999999999986,30.933333333333337,6.956999999999999,-0.05600000000000094,7.013
2018,9/2-9/12,N46,40,655,26.9,STR10,71.41,1,7.141,4.0,0.0,0.0,0.0,0.0,6.0,0.0,0.0,0.0,16.0,0.0,2.0,0.0,20.0,20.0,0.0,0.0,20.0,19.0,-2.700000000000003,29.0,7.1209999999999996,0.1640000000000006,7.1209999999999996
2018,9/15-9/25,N47,41,675,22.8,STR10,71.07,1,7.106999999999999,4.0,0.0,0.0,0.0,0.0,6.0,0.0,0.0,0.0,16.0,0.0,2.0,0.0,20.0,20.0,0.0,0.0,20.0,20.0,-4.099999999999998,26.433333333333337,7.141,0.020000000000000462,7.141
2018,10/4-10/15,N48,42,694,17.4,STR10,69.23,1,6.923,4.0,0.0,0.0,0.0,0.0,6.0,0.0,0.0,0.0,16.0,0.0,2.0,0.0,20.0,20.0,0.0,0.0,20.0,19.0,-5.400000000000002,22.36666666666667,7.106999999999999,-0.034000000000000696,7.141
2018,10/17-10/28,N49,43,714,14.8,STR10,67.97,1,6.797,4.0,0.0,0.0,0.0,0.0,6.0,0.0,0.0,0.0,16.0,0.0,2.0,0.0,20.0,20.0,0.0,0.0,20.0,20.0,-2.599999999999998,18.333333333333336,6.923,-0.18399999999999928,7.141
2018,11/2-11/16,N50-51,44,719,9.8,STR10,69.59,1,6.9590000000000005,4.0,0.0,0.0,0.0,0.0,6.0,0.0,0.0,0.0,16.0,0.0,2.0,0.0,20.0,20.0,0.0,0.0,20.0,5.0,-5.0,14.0,6.797,-0.12600000000000033,7.141
2018,11/20-12/1,N52,45,738,6.5,STR10,59.7,1,5.970000000000001,4.0,0.0,0.0,0.0,0.0,6.0,0.0,0.0,0.0,16.0,0.0,2.0,0.0,20.0,20.0,0.0,0.0,20.0,19.0,-3.3000000000000007,10.366666666666669,6.9590000000000005,0.1620000000000008,7.141
2018,12/4-12/17,N53,46,757,-1.1,STR10,66.49,1,6.648999999999999,4.0,0.0,0.0,0.0,0.0,6.0,0.0,0.0,0.0,16.0,0.0,2.0,0.0,20.0,20.0,0.0,0.0,20.0,19.0,-7.6,5.066666666666669,5.970000000000001,-0.9889999999999999,7.141
2018,12/30-2019/1/14,N54,47,834,-0.2,STR10,68.71,1,6.8709999999999996,4.0,0.0,0.0,0.0,0.0,6.0,0.0,0.0,0.0,16.0,0.0,2.0,0.0,20.0,20.0,0.0,0.0,20.0,77.0,0.9000000000000001,1.7333333333333358,6.648999999999999,0.6789999999999985,7.141
2019,1/18-1/28,N55,48,912,4.0,STR10,53.31,1,5.331,4.0,0.0,0.0,0.0,0.0,6.0,0.0,0.0,0.0,16.0,0.0,2.0,0.0,20.0,20.0,0.0,0.0,20.0,78.0,4.2,0.9000000000000022,6.8709999999999996,0.22200000000000042,7.141
2019,3/1-3/20,N56,49,1013,14.2,STR10,54.18,1,5.418,4.0,0.0,0.0,0.0,0.0,6.0,0.0,0.0,0.0,16.0,0.0,2.0,0.0,20.0,20.0,0.0,0.0,20.0,101.0,10.2,6.000000000000003,5.331,-1.5399999999999991,7.141
2019,3/24-4/4,N57,50,1114,14.5,STR10,63.64,1,6.364,4.0,0.0,0.0,0.0,0.0,6.0,0.0,0.0,0.0,16.0,0.0,2.0,0.0,20.0,20.0,0.0,0.0,20.0,101.0,0.3000000000000007,10.9,5.418,0.08699999999999974,7.141
2019,4/10-4/20,N58,51,1215,18.9,STR10,69.39,1,6.939,4.0,0.0,0.0,0.0,0.0,6.0,0.0,0.0,0.0,16.0,0.0,2.0,0.0,20.0,20.0,0.0,0.0,20.0,101.0,4.399999999999999,15.866666666666669,6.364,0.9459999999999997,7.141
2019,4/25-5/5,N59,52,1317,20.3,STR10,69.8,1,6.9799999999999995,4.0,0.0,0.0,0.0,0.0,6.0,0.0,0.0,0.0,16.0,0.0,2.0,0.0,20.0,20.0,0.0,0.0,20.0,102.0,1.4000000000000021,17.900000000000002,6.939,0.5750000000000002,7.141
2019,5/9-5/21,N60,53,1376,25.0,STR10,61.48,1,6.148,4.0,0.0,0.0,0.0,0.0,6.0,0.0,0.0,0.0,16.0,0.0,2.0,0.0,20.0,20.0,0.0,0.0,20.0,59.0,4.699999999999999,21.400000000000002,6.9799999999999995,0.04099999999999948,7.141
2019,5/27-6/5,N61,54,1441,27.8,STR10,64.3,1,6.43,4.0,0.0,0.0,0.0,0.0,6.0,0.0,0.0,0.0,16.0,0.0,2.0,0.0,20.0,20.0,0.0,0.0,20.0,65.0,2.8000000000000007,24.36666666666667,6.148,-0.8319999999999999,7.141
2019,6/12-6/22,N62,55,1508,29.3,STR10,70.99,1,7.098999999999999,4.0,0.0,0.0,0.0,0.0,6.0,0.0,0.0,0.0,16.0,0.0,2.0,0.0,20.0,20.0,0.0,0.0,20.0,67.0,1.5,27.36666666666667,6.43,0.28200000000000003,7.141
2019,6/27-7/7,N63,56,1566,29.8,STR10,77.88,1,7.787999999999999,4.0,0.0,0.0,0.0,0.0,6.0,0.0,0.0,0.0,16.0,0.0,2.0,0.0,20.0,20.0,0.0,0.0,20.0,58.0,0.5,28.96666666666667,7.098999999999999,0.6689999999999996,7.141
2019,7/11-7/21,N64,57,1637,30.7,STR10,79.92,1,7.992,4.0,0.0,0.0,0.0,0.0,6.0,0.0,0.0,0.0,16.0,0.0,2.0,0.0,20.0,20.0,0.0,0.0,20.0,71.0,0.8999999999999986,29.933333333333337,7.787999999999999,0.6890000000000001,7.787999999999999
2019,7/25-8/4,N65,58,1706,31.2,STR10,85.18,1,8.518,4.0,0.0,0.0,0.0,0.0,6.0,0.0,0.0,0.0,16.0,0.0,2.0,0.0,20.0,20.0,0.0,0.0,20.0,69.0,0.5,30.566666666666666,7.992,0.20400000000000063,7.992
2019,8/9-8/19,N66,59,1777,29.1,STR10,88.29,1,8.829,4.0,0.0,0.0,0.0,0.0,6.0,0.0,0.0,0.0,16.0,0.0,2.0,0.0,20.0,20.0,0.0,0.0,20.0,71.0,-2.099999999999998,30.33333333333334,8.518,0.5260000000000007,8.518
2019,8/24-9/5,N67,60,1847,29.4,STR10,88.11,1,8.811,4.0,0.0,0.0,0.0,0.0,6.0,0.0,0.0,0.0,16.0,0.0,2.0,0.0,20.0,20.0,0.0,0.0,20.0,70.0,0.29999999999999716,29.900000000000002,8.829,0.31099999999999994,8.829
2019,9/10-9/20,N68,61,1915,24.1,STR10,78.5,1,7.85,4.0,0.0,0.0,0.0,0.0,6.0,0.0,0.0,0.0,16.0,0.0,2.0,0.0,20.0,20.0,0.0,0.0,20.0,68.0,-5.299999999999997,27.533333333333335,8.811,-0.018000000000000682,8.829
2019,9/25-10/13,N69,62,1981,21.8,STR10,73.06,1,7.306,4.0,0.0,0.0,0.0,0.0,6.0,0.0,0.0,0.0,16.0,0.0,2.0,0.0,20.0,20.0,0.0,0.0,20.0,66.0,-2.3000000000000007,25.100000000000005,7.85,-0.9610000000000003,8.829
2019,10/18-10/28,N70,63,2048,15.4,STR10,81.27,1,8.126999999999999,4.0,0.0,0.0,0.0,0.0,6.0,0.0,0.0,0.0,16.0,0.0,2.0,0.0,20.0,20.0,0.0,0.0,20.0,67.0,-6.4,20.433333333333334,7.306,-0.5439999999999996,8.829
2019,11/3-11/14,N71,64,2116,12.1,STR10,86.63,1,8.663,4.0,0.0,0.0,0.0,0.0,6.0,0.0,0.0,0.0,16.0,0.0,2.0,0.0,20.0,20.0,0.0,0.0,20.0,68.0,-3.3000000000000007,16.433333333333334,8.126999999999999,0.8209999999999988,8.829
2019,11/20-12/1,N72,65,2184,3.8,STR10,81.86,1,8.186,4.0,0.0,0.0,0.0,0.0,6.0,0.0,0.0,0.0,16.0,0.0,2.0,0.0,20.0,20.0,0.0,0.0,20.0,68.0,-8.3,10.433333333333335,8.663,0.5360000000000014,8.829
2019,12/5-12/21,N73,66,2290,0.8,STR10,85.43,1,8.543000000000001,4.0,0.0,0.0,0.0,0.0,6.0,0.0,0.0,0.0,16.0,0.0,2.0,0.0,20.0,20.0,0.0,0.0,20.0,106.0,-3.0,5.566666666666669,8.186,-0.4770000000000003,8.829
2019,12/26-1/5,N74,67,2396,0.1,STR10,88.51,1,8.851,4.0,0.0,0.0,0.0,0.0,6.0,0.0,0.0,0.0,16.0,0.0,2.0,0.0,20.0,20.0,0.0,0.0,20.0,106.0,-0.7000000000000001,1.566666666666669,8.543000000000001,0.3570000000000011,8.829
2020,3/19-3/31,N75,68,2501,14.9,STR10,88.18,1,8.818000000000001,4.0,0.0,0.0,0.0,0.0,6.0,0.0,0.0,0.0,16.0,0.0,2.0,0.0,20.0,20.0,0.0,0.0,20.0,105.0,14.8,5.266666666666669,8.851,0.30799999999999983,8.851
2020,4/4-4/15,N76,69,2605,18.0,STR10,85.93,1,8.593,4.0,0.0,0.0,0.0,0.0,6.0,0.0,0.0,0.0,16.0,0.0,2.0,0.0,20.0,20.0,0.0,0.0,20.0,104.0,3.0999999999999996,11.000000000000002,8.818000000000001,-0.032999999999999474,8.851
2020,4/19-4/28,N77,70,2708,18.3,STR10,89.9,1,8.99,4.0,0.0,0.0,0.0,0.0,6.0,0.0,0.0,0.0,16.0,0.0,2.0,0.0,20.0,20.0,0.0,0.0,20.0,103.0,0.3000000000000007,17.066666666666666,8.593,-0.22500000000000142,8.851
2020,5/7,N78-中,71,2757,23.2,STR10,90.79,1,9.079,4.0,0.0,0.0,0.0,0.0,6.0,0.0,0.0,0.0,16.0,0.0,2.0,0.0,20.0,20.0,0.0,0.0,20.0,49.0,4.899999999999999,19.833333333333336,8.99,0.39700000000000024,8.99
2020,5/1-5/10,N78,72,2783,18.6,STR10,91.93,1,9.193000000000001,4.0,0.0,0.0,0.0,0.0,6.0,0.0,0.0,0.0,16.0,0.0,2.0,0.0,20.0,20.0,0.0,0.0,20.0,26.0,-4.599999999999998,20.033333333333335,9.079,0.08900000000000041,9.079
2020,5/19,N79-中,73,2824,22.1,STR10,92.97,1,9.297,4.0,0.0,0.0,0.0,0.0,6.0,0.0,0.0,0.0,16.0,0.0,2.0,0.0,20.0,20.0,0.0,0.0,20.0,41.0,3.5,21.300000000000004,9.193000000000001,0.11400000000000077,9.193000000000001
2020,5/14-5/23,N79,74,2857,24.5,STR10,92.62,1,9.262,4.0,0.0,0.0,0.0,0.0,6.0,0.0,0.0,0.0,16.0,0.0,2.0,0.0,20.0,20.0,0.0,0.0,20.0,33.0,2.3999999999999986,21.733333333333338,9.297,0.1039999999999992,9.297
2020,6/2,N80-中,75,2900,27.0,STR10,94.52,1,9.452,4.0,0.0,0.0,0.0,0.0,6.0,0.0,0.0,0.0,16.0,0.0,2.0,0.0,20.0,20.0,0.0,0.0,20.0,43.0,2.5,24.533333333333335,9.262,-0.03500000000000014,9.297
2020,5/27-6/6,N80,76,2931,29.7,STR10,98.49,1,9.849,4.0,0.0,0.0,0.0,0.0,6.0,0.0,0.0,0.0,16.0,0.0,2.0,0.0,20.0,20.0,0.0,0.0,20.0,31.0,2.6999999999999993,27.066666666666666,9.452,0.1899999999999995,9.452
2020,6/17,N81-中,77,2987,31.7,STR10,92.67,1,9.267,4.0,0.0,0.0,0.0,0.0,6.0,0.0,0.0,0.0,16.0,0.0,2.0,0.0,20.0,20.0,0.0,0.0,20.0,56.0,2.0,29.46666666666667,9.849,0.39700000000000024,9.849
2020,6/10-6/19,N81,78,3006,29.0,STR10,96.5,1,9.65,4.0,0.0,0.0,0.0,0.0,6.0,0.0,0.0,0.0,16.0,0.0,2.0,0.0,20.0,20.0,0.0,0.0,20.0,19.0,-2.6999999999999993,30.133333333333336,9.267,-0.5820000000000007,9.849
2020,6/29,N82-中,79,3040,28.5,STR10,96.74,1,9.674,4.0,0.0,0.0,0.0,0.0,6.0,0.0,0.0,0.0,16.0,0.0,2.0,0.0,20.0,20.0,0.0,0.0,20.0,34.0,-0.5,29.733333333333334,9.65,0.3830000000000009,9.849
2020,6/25-7/5,N82,80,3081,28.9,STR10,87.98,1,8.798,4.0,0.0,0.0,0.0,0.0,6.0,0.0,0.0,0.0,16.0,0.0,2.0,0.0,20.0,20.0,0.0,0.0,20.0,41.0,0.3999999999999986,28.8,9.674,0.023999999999999133,9.849
2020,7/15,N83-中,81,3128,26.7,STR10,96.35,1,9.635,4.0,0.0,0.0,0.0,0.0,6.0,0.0,0.0,0.0,16.0,0.0,2.0,0.0,20.0,20.0,0.0,0.0,20.0,47.0,-2.1999999999999993,28.033333333333335,8.798,-0.8759999999999994,9.849
2020,7/9-7/19,N83,82,3157,30.0,STR10,95.14,1,9.514,4.0,0.0,0.0,0.0,0.0,6.0,0.0,0.0,0.0,16.0,0.0,2.0,0.0,20.0,20.0,0.0,0.0,20.0,29.0,3.3000000000000007,28.533333333333335,9.635,0.8369999999999997,9.849
2020,8/8,N84-中,83,3212,30.6,STR10,99.82,1,9.982,4.0,0.0,0.0,0.0,0.0,6.0,0.0,0.0,0.0,16.0,0.0,2.0,0.0,20.0,20.0,0.0,0.0,20.0,55.0,0.6000000000000014,29.100000000000005,9.514,-0.12100000000000044,9.849
2020,7/24-8/11,N84,84,3233,30.8,STR10,100.55,1,10.055,4.0,0.0,0.0,0.0,0.0,6.0,0.0,0.0,0.0,16.0,0.0,2.0,0.0,20.0,20.0,0.0,0.0,20.0,21.0,0.1999999999999993,30.46666666666667,9.982,0.46799999999999997,9.982
2020,8/21,N85-中,85,3275,25.8,STR10,97.43,1,9.743,4.0,0.0,0.0,0.0,0.0,6.0,0.0,0.0,0.0,16.0,0.0,2.0,0.0,20.0,20.0,0.0,0.0,20.0,42.0,-5.0,29.066666666666666,10.055,0.0730000000000004,10.055
2020,8/15-8/25,N85,86,3308,26.9,STR10,98.73,1,9.873000000000001,4.0,0.0,0.0,0.0,0.0,6.0,0.0,0.0,0.0,16.0,0.0,2.0,0.0,20.0,20.0,0.0,0.0,20.0,33.0,1.0999999999999979,27.83333333333334,9.743,-0.3119999999999994,10.055
2020,9/2,N86-中,87,3344,27.3,STR10,99.22,1,9.922,4.0,0.0,0.0,0.0,0.0,6.0,0.0,0.0,0.0,16.0,0.0,2.0,0.0,20.0,20.0,0.0,0.0,20.0,36.0,0.40000000000000213,26.666666666666668,9.873000000000001,0.13000000000000078,10.055
2020,8/29-9/7,N86,88,3383,27.5,STR10,97.86,1,9.786,4.0,0.0,0.0,0.0,0.0,6.0,0.0,0.0,0.0,16.0,0.0,2.0,0.0,20.0,20.0,0.0,0.0,20.0,39.0,0.1999999999999993,27.233333333333338,9.922,0.04899999999999949,10.055
2020,9/20,N87-中,89,3432,23.8,STR10,98.6,1,9.86,4.0,0.0,0.0,0.0,0.0,6.0,0.0,0.0,0.0,16.0,0.0,2.0,0.0,20.0,20.0,0.0,0.0,20.0,49.0,-3.6999999999999993,26.200000000000003,9.786,-0.136000000000001,10.055
2020,9/14-9/23,N87,90,3458,23.7,STR10,98.34,1,9.834,4.0,0.0,0.0,0.0,0.0,6.0,0.0,0.0,0.0,16.0,0.0,2.0,0.0,20.0,20.0,0.0,0.0,20.0,26.0,-0.10000000000000142,25.0,9.86,0.07399999999999984,10.055
2020,10/12,N88-中,91,3495,18.4,STR10,98.51,1,9.851,4.0,0.0,0.0,0.0,0.0,6.0,0.0,0.0,0.0,16.0,0.0,2.0,0.0,20.0,20.0,0.0,0.0,20.0,37.0,-5.300000000000001,21.96666666666667,9.834,-0.0259999999999998,10.055
2020,9/28-10/17,N88,92,3533,17.7,STR10,98.36,1,9.836,4.0,0.0,0.0,0.0,0.0,6.0,0.0,0.0,0.0,16.0,0.0,2.0,0.0,20.0,20.0,0.0,0.0,20.0,38.0,-0.6999999999999993,19.933333333333337,9.851,0.017000000000001236,10.055
2020,10/26,N89-中,93,3577,15.1,STR10,95.87,1,9.587,4.0,0.0,0.0,0.0,0.0,6.0,0.0,0.0,0.0,16.0,0.0,2.0,0.0,20.0,20.0,0.0,0.0,20.0,44.0,-2.5999999999999996,17.066666666666666,9.836,-0.015000000000000568,10.055
2020,10/21-10/30,N89,94,3607,15.3,STR10,92.06,1,9.206,4.0,0.0,0.0,0.0,0.0,6.0,0.0,0.0,0.0,16.0,0.0,2.0,0.0,20.0,20.0,0.0,0.0,20.0,30.0,0.20000000000000107,16.033333333333335,9.587,-0.24900000000000055,10.055
2020,11/13,N90-中,95,3658,13.4,STR10,93.74,1,9.373999999999999,4.0,0.0,0.0,0.0,0.0,6.0,0.0,0.0,0.0,16.0,0.0,2.0,0.0,20.0,20.0,0.0,0.0,20.0,51.0,-1.9000000000000004,14.600000000000003,9.206,-0.3810000000000002,10.055
2020,11/8-11/19,N90,96,3714,12.2,STR10,96.75,1,9.675,4.0,0.0,0.0,0.0,0.0,6.0,0.0,0.0,0.0,16.0,0.0,2.0,0.0,20.0,20.0,0.0,0.0,20.0,56.0,-1.200000000000001,13.633333333333335,9.373999999999999,0.16799999999999926,10.055
2020,11/29,N91-中,97,3768,3.5,STR10,92.67,1,9.267,4.0,0.0,0.0,0.0,0.0,6.0,0.0,0.0,0.0,16.0,0.0,2.0,0.0,20.0,20.0,0.0,0.0,20.0,54.0,-8.7,9.700000000000003,9.675,0.30100000000000193,10.055
2020,11/24-12/5,N91,98,3822,2.3,STR10,95.48,1,9.548,4.0,0.0,0.0,0.0,0.0,6.0,0.0,0.0,0.0,16.0,0.0,2.0,0.0,20.0,20.0,0.0,0.0,20.0,54.0,-1.2000000000000002,6.000000000000003,9.267,-0.40800000000000125,10.055
2020,12/25,N92-中,99,3875,-0.4,STR10,93.79,1,9.379000000000001,4.0,0.0,0.0,0.0,0.0,6.0,0.0,0.0,0.0,16.0,0.0,2.0,0.0,20.0,20.0,0.0,0.0,20.0,53.0,-2.6999999999999997,1.8000000000000023,9.548,0.2810000000000006,10.055
2020,12/10-12/22,N92,100,3929,-0.2,STR10,94.79,1,9.479000000000001,4.0,0.0,0.0,0.0,0.0,6.0,0.0,0.0,0.0,16.0,0.0,2.0,0.0,20.0,20.0,0.0,0.0,20.0,54.0,0.2,0.566666666666669,9.379000000000001,-0.1689999999999987,10.055
2020,12/31,N93-中,101,3980,-3.0,STR10,,0,,4.0,0.0,0.0,0.0,0.0,6.0,0.0,0.0,0.0,16.0,0.0,2.0,0.0,20.0,20.0,0.0,0.0,20.0,51.0,-2.8,-1.1999999999999977,9.479000000000001,0.09999999999999964,10.055
2020,12/26-1/6,N93,102,4037,-3.8,STR10,90.65,1,9.065000000000001,4.0,0.0,0.0,0.0,0.0,6.0,0.0,0.0,0.0,16.0,0.0,2.0,0.0,20.0,20.0,0.0,0.0,20.0,57.0,-0.7999999999999998,-2.333333333333331,9.479000000000001,0.09999999999999964,10.055
2021,1/15,N94-中,103,4090,1.4,STR10,95.27,1,9.527,4.0,0.0,0.0,0.0,0.0,6.0,0.0,0.0,0.0,16.0,0.0,2.0,0.0,20.0,20.0,0.0,0.0,20.0,53.0,5.199999999999999,-1.7999999999999978,9.065000000000001,-0.4139999999999997,10.055
2021,1/10-1/21,N94,104,4144,0.2,STR10,93.99,1,9.399,4.0,0.0,0.0,0.0,0.0,6.0,0.0,0.0,0.0,16.0,0.0,2.0,0.0,20.0,20.0,0.0,0.0,20.0,54.0,-1.2,-0.7333333333333308,9.527,0.46199999999999797,10.055
2021,3/24,N95-中,105,4204,11.9,STR10,92.83,1,9.283,4.0,0.0,0.0,0.0,0.0,6.0,0.0,0.0,0.0,16.0,0.0,2.0,0.0,20.0,20.0,0.0,0.0,20.0,60.0,11.700000000000001,4.500000000000003,9.399,-0.1280000000000001,10.055
2021,3/18-3/29,N95,106,4252,14.2,STR10,98.88,1,9.888,4.0,0.0,0.0,0.0,0.0,6.0,0.0,0.0,0.0,16.0,0.0,2.0,0.0,20.0,20.0,0.0,0.0,20.0,48.0,2.299999999999999,8.766666666666667,9.283,-0.11599999999999966,10.055
2021,4/7,N96-中,107,4307,16.9,STR10,95.55,1,9.555,4.0,0.0,0.0,0.0,0.0,6.0,0.0,0.0,0.0,16.0,0.0,2.0,0.0,20.0,20.0,0.0,0.0,20.0,55.0,2.6999999999999993,14.333333333333334,9.888,0.6050000000000004,10.055
2021,4/2-4/12,N96,108,4358,16.8,STR10,98.92,1,9.892,4.0,0.0,0.0,0.0,0.0,6.0,0.0,0.0,0.0,16.0,0.0,2.0,0.0,20.0,20.0,0.0,0.0,20.0,51.0,-0.09999999999999787,15.966666666666669,9.555,-0.3330000000000002,10.055
2021,4/21,N97-中,109,4415,20.2,STR10,100.44,1,10.044,4.0,0.0,0.0,0.0,0.0,6.0,0.0,0.0,0.0,16.0,0.0,2.0,0.0,20.0,20.0,0.0,0.0,20.0,57.0,3.3999999999999986,17.96666666666667,9.892,0.33699999999999974,10.055
2021,4/16-4/26,N97,110,4466,19.2,STR10,100.2,1,10.02,4.0,0.0,0.0,0.0,0.0,6.0,0.0,0.0,0.0,16.0,0.0,2.0,0.0,20.0,20.0,0.0,0.0,20.0,51.0,-1.0,18.733333333333334,10.044,0.15200000000000102,10.055
2021,5/4,N98-中,111,4524,17.7,STR10,100.8,1,10.08,4.0,0.0,0.0,0.0,0.0,6.0,0.0,0.0,0.0,16.0,0.0,2.0,0.0,20.0,20.0,0.0,0.0,20.0,58.0,-1.5,19.033333333333335,10.02,-0.02400000000000091,10.055
2021,4/29-5/9,N98,112,4573,20.8,STR10,97.44,1,9.744,4.0,0.0,0.0,0.0,0.0,6.0,0.0,0.0,0.0,16.0,0.0,2.0,0.0,20.0,20.0,0.0,0.0,20.0,49.0,3.1000000000000014,19.233333333333334,10.08,0.0600000000000005,10.08
2021,5/19,N99-中,113,4612,23.8,STR10,101.14,1,10.114,4.0,0.0,0.0,0.0,0.0,6.0,0.0,0.0,0.0,16.0,0.0,2.0,0.0,20.0,20.0,0.0,0.0,20.0,39.0,3.0,20.766666666666666,9.744,-0.3360000000000003,10.08
2021,5/14-5/24,N99,114,4650,25.1,STR10,94.69,1,9.469,4.0,0.0,0.0,0.0,0.0,6.0,0.0,0.0,0.0,16.0,0.0,2.0,0.0,20.0,20.0,0.0,0.0,20.0,38.0,1.3000000000000007,23.233333333333334,10.114,0.370000000000001,10.114
2021,6/2,N100-中,115,4692,23.6,STR10,100.85,1,10.084999999999999,4.0,0.0,0.0,0.0,0.0,6.0,0.0,0.0,0.0,16.0,0.0,2.0,0.0,20.0,20.0,0.0,0.0,20.0,42.0,-1.5,24.16666666666667,9.469,-0.6450000000000014,10.114
2021,5/28-6/7,N100,116,4727,25.8,STR10,102.44,1,10.244,4.0,0.0,0.0,0.0,0.0,6.0,0.0,0.0,0.0,16.0,0.0,2.0,0.0,20.0,20.0,0.0,0.0,20.0,35.0,2.1999999999999993,24.833333333333332,10.084999999999999,0.6159999999999997,10.114
2021,6/16,N101-中,117,4768,30.1,STR10,102.1,1,10.209999999999999,4.0,0.0,0.0,0.0,0.0,6.0,0.0,0.0,0.0,16.0,0.0,2.0,0.0,20.0,20.0,0.0,0.0,20.0,41.0,4.300000000000001,26.5,10.244,0.1590000000000007,10.244
2021,6/11-6/20,N101,118,4805,30.2,STR10,105.37,1,10.537,4.0,0.0,0.0,0.0,0.0,6.0,0.0,0.0,0.0,16.0,0.0,2.0,0.0,20.0,20.0,0.0,0.0,20.0,37.0,0.09999999999999787,28.700000000000003,10.209999999999999,-0.034000000000000696,10.244
2021,6/30,N102-中,119,4843,27.2,STR10,105.5,1,10.55,4.0,0.0,0.0,0.0,0.0,6.0,0.0,0.0,0.0,16.0,0.0,2.0,0.0,20.0,20.0,0.0,0.0,20.0,38.0,-3.0,29.166666666666668,10.537,0.32700000000000173,10.537
2021,6/25-7/6,N102,120,4882,27.5,STR10,108.17,1,10.817,4.0,0.0,0.0,0.0,0.0,6.0,0.0,0.0,0.0,16.0,0.0,2.0,0.0,20.0,20.0,0.0,0.0,20.0,39.0,0.3000000000000007,28.3,10.55,0.0129999999999999,10.55
2021,7/14,N103-中,121,4922,29.1,STR10,107.95,1,10.795,4.0,0.0,0.0,0.0,0.0,6.0,0.0,0.0,0.0,16.0,0.0,2.0,0.0,20.0,20.0,0.0,0.0,20.0,40.0,1.6000000000000014,27.933333333333337,10.817,0.26699999999999946,10.817
2021,7/9-7/19,N103,122,4960,29.0,STR10,105.67,1,10.567,4.0,0.0,0.0,0.0,0.0,6.0,0.0,0.0,0.0,16.0,0.0,2.0,0.0,20.0,20.0,0.0,0.0,20.0,38.0,-0.10000000000000142,28.53333333333333,10.795,-0.02200000000000024,10.817
2021,7/28,N104-中,123,4999,31.2,STR10,108.18,1,10.818000000000001,4.0,0.0,0.0,0.0,0.0,6.0,0.0,0.0,0.0,16.0,0.0,2.0,0.0,20.0,20.0,0.0,0.0,20.0,39.0,2.1999999999999993,29.766666666666666,10.567,-0.22799999999999976,10.817
2021,7/23-8/1,N104,124,5037,29.9,STR10,107.54,1,10.754000000000001,4.0,0.0,0.0,0.0,0.0,6.0,0.0,0.0,0.0,16.0,0.0,2.0,0.0,20.0,20.0,0.0,0.0,20.0,38.0,-1.3000000000000007,30.033333333333335,10.818000000000001,0.2510000000000012,10.818000000000001
2021,8/10,N105-中,125,5077,30.5,STR10,111.75,1,11.175,4.0,0.0,0.0,0.0,0.0,6.0,0.0,0.0,0.0,16.0,0.0,2.0,0.0,20.0,20.0,0.0,0.0,20.0,40.0,0.6000000000000014,30.533333333333335,10.754000000000001,-0.06400000000000006,10.818000000000001
2021,8/6-8/15,N105,126,5115,29.2,STR10,110.43,1,11.043000000000001,4.0,0.0,0.0,0.0,0.0,6.0,0.0,0.0,0.0,16.0,0.0,2.0,0.0,20.0,20.0,0.0,0.0,20.0,38.0,-1.3000000000000007,29.866666666666664,11.175,0.4209999999999994,11.175
2021,8/25,N106-中,127,5151,28.1,STR10,112.64,1,11.264,4.0,0.0,0.0,0.0,0.0,6.0,0.0,0.0,0.0,16.0,0.0,2.0,0.0,20.0,20.0,0.0,0.0,20.0,36.0,-1.0999999999999979,29.26666666666667,11.043000000000001,-0.13199999999999967,11.175
2021,8/20-8/29,N106,128,5193,27.5,STR10,111.51,1,11.151,4.0,0.0,0.0,0.0,0.0,6.0,0.0,0.0,0.0,16.0,0.0,2.0,0.0,20.0,20.0,0.0,0.0,20.0,42.0,-0.6000000000000014,28.26666666666667,11.264,0.2209999999999983,11.264
2021,9/8,N107-中,129,5237,24.1,STR10,111.23,1,11.123000000000001,4.0,0.0,0.0,0.0,0.0,6.0,0.0,0.0,0.0,16.0,0.0,2.0,0.0,20.0,20.0,0.0,0.0,20.0,44.0,-3.3999999999999986,26.566666666666666,11.151,-0.11299999999999955,11.264
2021,9/03-9/13,N107,130,5271,25.2,STR10,107.44,1,10.744,4.0,0.0,0.0,0.0,0.0,6.0,0.0,0.0,0.0,16.0,0.0,2.0,0.0,20.0,20.0,0.0,0.0,20.0,34.0,1.0999999999999979,25.600000000000005,11.123000000000001,-0.027999999999998693,11.264
2021,9/22,N108-中,131,5314,22.2,STR10,109.65,1,10.965,4.0,0.0,0.0,0.0,0.0,6.0,0.0,0.0,0.0,16.0,0.0,2.0,0.0,20.0,20.0,0.0,0.0,20.0,43.0,-3.0,23.833333333333332,10.744,-0.37900000000000134,11.264
2021,9/17-9/26,N108,132,5349,22.5,STR10,110.8,1,11.08,4.0,0.0,0.0,0.0,0.0,6.0,0.0,0.0,0.0,16.0,0.0,2.0,0.0,20.0,20.0,0.0,0.0,20.0,35.0,0.3000000000000007,23.3,10.965,0.22100000000000009,11.264
2021,10/13,N109-中,133,5387,16.3,STR10,108.8,1,10.879999999999999,4.0,0.0,0.0,0.0,0.0,6.0,0.0,0.0,0.0,16.0,0.0,2.0,0.0,20.0,20.0,0.0,0.0,20.0,38.0,-6.199999999999999,20.333333333333332,11.08,0.11500000000000021,11.264
2021,10/8-10/18,N109,134,5427,15.6,STR10,105.46,1,10.546,4.0,0.0,0.0,0.0,0.0,6.0,0.0,0.0,0.0,16.0,0.0,2.0,0.0,20.0,20.0,0.0,0.0,20.0,40.0,-0.7000000000000011,18.133333333333333,10.879999999999999,-0.20000000000000107,11.264
2021,10/27,N110-中,135,5469,15.5,STR10,107.93,1,10.793000000000001,4.0,0.0,0.0,0.0,0.0,6.0,0.0,0.0,0.0,16.0,0.0,2.0,0.0,20.0,20.0,0.0,0.0,20.0,42.0,-0.09999999999999964,15.800000000000002,10.546,-0.33399999999999963,11.264
2021,10/22-11/1,N110,136,5504,15.5,STR10,106.47,1,10.647,4.0,0.0,0.0,0.0,0.0,6.0,0.0,0.0,0.0,16.0,0.0,2.0,0.0,20.0,20.0,0.0,0.0,20.0,35.0,0.0,15.533333333333333,10.793000000000001,0.24700000000000166,11.264
2021,11/11,N111-中,137,5556,7.7,STR10,101.54,1,10.154,4.0,0.0,0.0,0.0,0.0,6.0,0.0,0.0,0.0,16.0,0.0,2.0,0.0,20.0,20.0,0.0,0.0,20.0,52.0,-7.8,12.9,10.647,-0.1460000000000008,11.264
2021,11/05-11/17,N111,138,5612,9.3,STR10,105.57,1,10.556999999999999,4.0,0.0,0.0,0.0,0.0,6.0,0.0,0.0,0.0,16.0,0.0,2.0,0.0,20.0,20.0,0.0,0.0,20.0,56.0,1.6000000000000005,10.833333333333334,10.154,-0.4930000000000003,11.264
2021,11/25,N112-中,139,5669,5.5,STR10,105.96,1,10.596,4.0,0.0,0.0,0.0,0.0,6.0,0.0,0.0,0.0,16.0,0.0,2.0,0.0,20.0,20.0,0.0,0.0,20.0,57.0,-3.8000000000000007,7.500000000000001,10.556999999999999,0.4029999999999987,11.264
2021,11/20-11/30,N112,140,5720,6.4,STR10,100.63,1,10.062999999999999,4.0,0.0,0.0,0.0,0.0,6.0,0.0,0.0,0.0,16.0,0.0,2.0,0.0,20.0,20.0,0.0,0.0,20.0,51.0,0.9000000000000004,7.066666666666667,10.596,0.03900000000000148,11.264
2021,12/9,N113-中,141,5778,7.2,STR10,105.99,1,10.599,4.0,0.0,0.0,0.0,0.0,6.0,0.0,0.0,0.0,16.0,0.0,2.0,0.0,20.0,20.0,0.0,0.0,20.0,58.0,0.7999999999999998,6.366666666666668,10.062999999999999,-0.5330000000000013,11.264
2021,12/4-12/14,N113,142,5828,5.4,STR10,108.3,1,10.83,4.0,0.0,0.0,0.0,0.0,6.0,0.0,0.0,0.0,16.0,0.0,2.0,0.0,20.0,20.0,0.0,0.0,20.0,50.0,-1.7999999999999998,6.333333333333335,10.599,0.5360000000000014,11.264
2021,12/23,N114-中,143,5889,3.1,STR10,107.58,1,10.758,4.0,0.0,0.0,0.0,0.0,6.0,0.0,0.0,0.0,16.0,0.0,2.0,0.0,20.0,20.0,0.0,0.0,20.0,61.0,-2.3000000000000003,5.233333333333335,10.83,0.23099999999999987,11.264
2021,12/17-12/28,N114,144,5936,0.2,STR10,104.65,1,10.465,4.0,0.0,0.0,0.0,0.0,6.0,0.0,0.0,0.0,16.0,0.0,2.0,0.0,20.0,20.0,0.0,0.0,20.0,47.0,-2.9,2.900000000000001,10.758,-0.07200000000000095,11.264
2021,1/8,N115-中,145,5992,1.1,STR10,104.81,1,10.481,4.0,0.0,0.0,0.0,0.0,6.0,0.0,0.0,0.0,16.0,0.0,2.0,0.0,20.0,20.0,0.0,0.0,20.0,56.0,0.9000000000000001,1.466666666666668,10.465,-0.29299999999999926,11.264
2021,1/3-1/13,N115,146,6044,0.8,STR10,106.3,1,10.629999999999999,4.0,0.0,0.0,0.0,0.0,6.0,0.0,0.0,0.0,16.0,0.0,2.0,0.0,20.0,20.0,0.0,0.0,20.0,52.0,-0.30000000000000004,0.7000000000000012,10.481,0.016000000000000014,11.264
2016,11/30-12/10,N1,0,3,3.8,STR11,19.03,1,1.903,4.0,0.0,0.0,0.0,0.0,6.0,0.0,0.0,0.0,18.0,0.0,0.0,40.0,0.0,20.0,0.0,0.0,0.0,0.0,0.0,3.8,,,
2016,12/13-12/24,N2,1,10,1.2,STR11,20.31,1,2.0309999999999997,4.0,0.0,0.0,0.0,0.0,6.0,0.0,0.0,0.0,18.0,0.0,0.0,40.0,0.0,20.0,0.0,0.0,0.0,7.0,-2.5999999999999996,2.5,1.903,,1.903
2016,12/27-1/9,N3,2,30,0.9,STR11,19.16,1,1.916,4.0,0.0,0.0,0.0,0.0,6.0,0.0,0.0,0.0,18.0,0.0,0.0,40.0,0.0,20.0,0.0,0.0,0.0,20.0,-0.29999999999999993,1.9666666666666666,2.0309999999999997,0.12799999999999967,2.0309999999999997
2017,1/12-2/23,N4,3,48,3.6,STR11,18.17,1,1.8170000000000002,4.0,0.0,0.0,0.0,0.0,6.0,0.0,0.0,0.0,18.0,0.0,0.0,40.0,0.0,20.0,0.0,0.0,0.0,18.0,2.7,1.9000000000000001,1.916,-0.11499999999999977,2.0309999999999997
2017,2/26-3/10,N5,4,67,11.4,STR11,,0,,4.0,0.0,0.0,0.0,0.0,6.0,0.0,0.0,0.0,18.0,0.0,0.0,40.0,0.0,20.0,0.0,0.0,0.0,19.0,7.800000000000001,5.3,1.8170000000000002,-0.09899999999999975,2.0309999999999997
2017,3/13-3/23,N6,5,85,13.9,STR11,19.72,1,1.972,4.0,0.0,0.0,0.0,0.0,6.0,0.0,0.0,0.0,18.0,0.0,0.0,40.0,0.0,20.0,0.0,0.0,0.0,18.0,2.5,9.633333333333333,1.8170000000000002,-0.09899999999999975,2.0309999999999997
2017,3/26-4/6,N7,6,104,19.1,STR11,19.89,1,1.989,4.0,0.0,0.0,0.0,0.0,6.0,0.0,0.0,0.0,18.0,0.0,0.0,40.0,0.0,20.0,0.0,0.0,0.0,19.0,5.200000000000001,14.799999999999999,1.972,0.1549999999999998,2.0309999999999997
2017,4/9-4/13,N8,7,108,21.1,STR11,21.08,1,2.1079999999999997,4.0,0.0,0.0,0.0,0.0,6.0,0.0,0.0,0.0,18.0,0.0,0.0,40.0,0.0,20.0,0.0,0.0,0.0,4.0,2.0,18.033333333333335,1.989,0.017000000000000126,2.0309999999999997
2017,4/17-4-21,N9,8,109,21.7,STR11,20.77,1,2.077,4.0,0.0,0.0,0.0,0.0,6.0,0.0,0.0,0.0,18.0,0.0,0.0,40.0,0.0,20.0,0.0,0.0,0.0,1.0,0.5999999999999979,20.633333333333336,2.1079999999999997,0.11899999999999955,2.1079999999999997
2017,4/24-5/4,N10,9,129,27.0,STR11,24.7,1,2.4699999999999998,4.0,0.0,0.0,0.0,0.0,6.0,0.0,0.0,0.0,18.0,0.0,0.0,40.0,0.0,20.0,0.0,0.0,0.0,20.0,5.300000000000001,23.266666666666666,2.077,-0.030999999999999694,2.1079999999999997
2017,5/7-5-17,N11,10,149,30.1,STR11,31.08,1,3.1079999999999997,4.0,0.0,0.0,0.0,0.0,6.0,0.0,0.0,0.0,18.0,0.0,0.0,40.0,0.0,20.0,0.0,0.0,0.0,20.0,3.1000000000000014,26.266666666666666,2.4699999999999998,0.3929999999999998,2.4699999999999998
2017,5/20-5/30,N12,11,168,30.2,STR11,36.88,1,3.688,4.0,0.0,0.0,0.0,0.0,6.0,0.0,0.0,0.0,18.0,0.0,0.0,40.0,0.0,20.0,0.0,0.0,0.0,19.0,0.09999999999999787,29.099999999999998,3.1079999999999997,0.6379999999999999,3.1079999999999997
2017,6/2-6/12,N13,12,188,29.6,STR11,39.4,1,3.94,4.0,0.0,0.0,0.0,0.0,6.0,0.0,0.0,0.0,18.0,0.0,0.0,40.0,0.0,20.0,0.0,0.0,0.0,20.0,-0.5999999999999979,29.96666666666667,3.688,0.5800000000000005,3.688
2017,6/16-6/26,N14,13,206,30.1,STR11,45.95,1,4.595000000000001,4.0,0.0,0.0,0.0,0.0,6.0,0.0,0.0,0.0,18.0,0.0,0.0,40.0,0.0,20.0,0.0,0.0,0.0,18.0,0.5,29.96666666666667,3.94,0.2519999999999998,3.94
2017,6/29-7/10,N15,14,224,28.6,STR11,43.98,1,4.398,4.0,0.0,0.0,0.0,0.0,6.0,0.0,0.0,0.0,18.0,0.0,0.0,40.0,0.0,20.0,0.0,0.0,0.0,18.0,-1.5,29.433333333333337,4.595000000000001,0.6550000000000007,4.595000000000001
2017,7/13-7/23,N16-17,15,230,31.4,STR11,47.92,1,4.792,4.0,0.0,0.0,0.0,0.0,6.0,0.0,0.0,0.0,18.0,0.0,0.0,40.0,0.0,20.0,0.0,0.0,0.0,6.0,2.799999999999997,30.03333333333333,4.398,-0.19700000000000095,4.595000000000001
2017,7/27-8/7,N18,16,250,32.1,STR11,54.53,1,5.453,4.0,0.0,0.0,0.0,0.0,6.0,0.0,0.0,0.0,18.0,0.0,0.0,40.0,0.0,20.0,0.0,0.0,0.0,20.0,0.7000000000000028,30.7,4.792,0.39400000000000013,4.792
2017,8/10-8/21,N19,17,268,28.6,STR11,56.53,1,5.6530000000000005,4.0,0.0,0.0,0.0,0.0,6.0,0.0,0.0,0.0,18.0,0.0,0.0,40.0,0.0,20.0,0.0,0.0,0.0,18.0,-3.5,30.7,5.453,0.6610000000000005,5.453
2017,8/25-9/4,N20,18,286,26.3,STR11,50.8,1,5.08,4.0,0.0,0.0,0.0,0.0,6.0,0.0,0.0,0.0,18.0,0.0,0.0,40.0,0.0,20.0,0.0,0.0,0.0,18.0,-2.3000000000000007,29.0,5.6530000000000005,0.20000000000000018,5.6530000000000005
2017,9/8-9/18,N21,19,305,28.2,STR11,65.46,1,6.545999999999999,4.0,0.0,0.0,0.0,0.0,6.0,0.0,0.0,0.0,18.0,0.0,0.0,40.0,0.0,20.0,0.0,0.0,0.0,19.0,1.8999999999999986,27.7,5.08,-0.5730000000000004,5.6530000000000005
2017,9/21-10/9,N22,20,323,22.9,STR11,53.64,1,5.364,4.0,0.0,0.0,0.0,0.0,6.0,0.0,0.0,0.0,18.0,0.0,0.0,40.0,0.0,20.0,0.0,0.0,0.0,18.0,-5.300000000000001,25.8,6.545999999999999,1.4659999999999993,6.545999999999999
2017,10/13-10/25,N23,21,346,14.9,STR11,59.39,1,5.939,4.0,0.0,0.0,0.0,0.0,6.0,0.0,0.0,0.0,18.0,0.0,0.0,40.0,0.0,20.0,0.0,0.0,0.0,23.0,-7.999999999999998,22.0,5.364,-1.1819999999999995,6.545999999999999
2017,11/1-11/12,N24-25,22,352,11.1,STR11,62.11,1,6.211,4.0,0.0,0.0,0.0,0.0,6.0,0.0,0.0,0.0,18.0,0.0,0.0,40.0,0.0,20.0,0.0,0.0,0.0,6.0,-3.8000000000000007,16.3,5.939,0.5750000000000002,6.545999999999999
2017,11/15-11/26,N26,23,371,3.8,STR11,62.67,1,6.267,4.0,0.0,0.0,0.0,0.0,6.0,0.0,0.0,0.0,18.0,0.0,0.0,40.0,0.0,20.0,0.0,0.0,0.0,19.0,-7.3,9.933333333333334,6.211,0.27200000000000024,6.545999999999999
2017,12/9-12/21,N27,24,391,0.0,STR11,59.86,1,5.986,4.0,0.0,0.0,0.0,0.0,6.0,0.0,0.0,0.0,18.0,0.0,0.0,40.0,0.0,20.0,0.0,0.0,0.0,20.0,-3.8,4.966666666666666,6.267,0.05600000000000005,6.545999999999999
2017,12/23-1/3,N28,25,410,0.2,STR11,61.5,1,6.15,4.0,0.0,0.0,0.0,0.0,6.0,0.0,0.0,0.0,18.0,0.0,0.0,40.0,0.0,20.0,0.0,0.0,0.0,19.0,0.2,1.3333333333333333,5.986,-0.2810000000000006,6.545999999999999
2018,1/7-1/18,N29-30,26,415,-1.0,STR11,57.66,1,5.766,4.0,0.0,0.0,0.0,0.0,6.0,0.0,0.0,0.0,18.0,0.0,0.0,40.0,0.0,20.0,0.0,0.0,0.0,5.0,-1.2,-0.26666666666666666,6.15,0.1640000000000006,6.545999999999999
2018,1/20-1/30,N31,27,434,-2.2,STR11,52.1,1,5.21,4.0,0.0,0.0,0.0,0.0,6.0,0.0,0.0,0.0,18.0,0.0,0.0,40.0,0.0,20.0,0.0,0.0,0.0,19.0,-1.2000000000000002,-1.0,5.766,-0.38400000000000034,6.545999999999999
2018,3/9-3/21,N32,28,454,8.3,STR11,59.67,1,5.9670000000000005,4.0,0.0,0.0,0.0,0.0,6.0,0.0,0.0,0.0,18.0,0.0,0.0,40.0,0.0,20.0,0.0,0.0,0.0,20.0,10.5,1.7000000000000002,5.21,-0.556,6.545999999999999
2018,3/25-4/7,N33,29,473,15.7,STR11,59.98,1,5.997999999999999,4.0,0.0,0.0,0.0,0.0,6.0,0.0,0.0,0.0,18.0,0.0,0.0,40.0,0.0,20.0,0.0,0.0,0.0,19.0,7.399999999999999,7.266666666666667,5.9670000000000005,0.7570000000000006,6.545999999999999
2018,4/10-4/21,N34,30,492,19.4,STR11,51.38,1,5.138,4.0,0.0,0.0,0.0,0.0,6.0,0.0,0.0,0.0,18.0,0.0,0.0,40.0,0.0,20.0,0.0,0.0,0.0,19.0,3.6999999999999993,14.466666666666667,5.997999999999999,0.030999999999998806,6.545999999999999
2018,4/26-5/7,N35-36,31,498,23.7,STR11,56.96,1,5.696,4.0,0.0,0.0,0.0,0.0,6.0,0.0,0.0,0.0,18.0,0.0,0.0,40.0,0.0,20.0,0.0,0.0,0.0,6.0,4.300000000000001,19.599999999999998,5.138,-0.8599999999999994,6.545999999999999
2018,5/10-5/21,N37,32,517,24.1,STR11,50.56,1,5.056,4.0,0.0,0.0,0.0,0.0,6.0,0.0,0.0,0.0,18.0,0.0,0.0,40.0,0.0,20.0,0.0,0.0,0.0,19.0,0.40000000000000213,22.400000000000002,5.696,0.5579999999999998,6.545999999999999
2018,5/24-6/4,N38,33,536,29.7,STR11,44.44,1,4.444,4.0,0.0,0.0,0.0,0.0,6.0,0.0,0.0,0.0,18.0,0.0,0.0,40.0,0.0,20.0,0.0,0.0,0.0,19.0,5.599999999999998,25.833333333333332,5.056,-0.6399999999999997,6.545999999999999
2018,6/7-6/19,N39,34,556,26.6,STR11,56.96,1,5.696,4.0,0.0,0.0,0.0,0.0,6.0,0.0,0.0,0.0,18.0,0.0,0.0,40.0,0.0,20.0,0.0,0.0,0.0,20.0,-3.099999999999998,26.8,4.444,-0.6120000000000001,6.545999999999999
2018,6/22-7/2,N40,35,574,32.8,STR11,54.16,1,5.4159999999999995,4.0,0.0,0.0,0.0,0.0,6.0,0.0,0.0,0.0,18.0,0.0,0.0,40.0,0.0,20.0,0.0,0.0,0.0,18.0,6.199999999999996,29.7,5.696,1.2519999999999998,6.545999999999999
2018,7/5-7/17,N41,36,593,28.3,STR11,59.12,1,5.912,4.0,0.0,0.0,0.0,0.0,6.0,0.0,0.0,0.0,18.0,0.0,0.0,40.0,0.0,20.0,0.0,0.0,0.0,19.0,-4.4999999999999964,29.233333333333334,5.4159999999999995,-0.28000000000000025,6.545999999999999
2018,7/22-7/31,N42,37,612,32.7,STR11,62.42,1,6.242,4.0,0.0,0.0,0.0,0.0,6.0,0.0,0.0,0.0,18.0,0.0,0.0,40.0,0.0,20.0,0.0,0.0,0.0,19.0,4.400000000000002,31.26666666666667,5.912,0.49600000000000044,6.545999999999999
2018,8/3-8/14,N43-44,38,618,30.5,STR11,63.96,1,6.396,4.0,0.0,0.0,0.0,0.0,6.0,0.0,0.0,0.0,18.0,0.0,0.0,40.0,0.0,20.0,0.0,0.0,0.0,6.0,-2.200000000000003,30.5,6.242,0.33000000000000007,6.545999999999999
2018,8/17-8/30,N45,39,636,29.6,STR11,64.6,1,6.459999999999999,4.0,0.0,0.0,0.0,0.0,6.0,0.0,0.0,0.0,18.0,0.0,0.0,40.0,0.0,20.0,0.0,0.0,0.0,18.0,-0.8999999999999986,30.933333333333337,6.396,0.15399999999999991,6.545999999999999
2018,9/2-9/12,N46,40,655,26.9,STR11,64.96,1,6.4959999999999996,4.0,0.0,0.0,0.0,0.0,6.0,0.0,0.0,0.0,18.0,0.0,0.0,40.0,0.0,20.0,0.0,0.0,0.0,19.0,-2.700000000000003,29.0,6.459999999999999,0.06399999999999917,6.545999999999999
2018,9/15-9/25,N47,41,675,22.8,STR11,64.04,1,6.404000000000001,4.0,0.0,0.0,0.0,0.0,6.0,0.0,0.0,0.0,18.0,0.0,0.0,40.0,0.0,20.0,0.0,0.0,0.0,20.0,-4.099999999999998,26.433333333333337,6.4959999999999996,0.036000000000000476,6.545999999999999
2018,10/4-10/15,N48,42,694,17.4,STR11,62.02,1,6.202,4.0,0.0,0.0,0.0,0.0,6.0,0.0,0.0,0.0,18.0,0.0,0.0,40.0,0.0,20.0,0.0,0.0,0.0,19.0,-5.400000000000002,22.36666666666667,6.404000000000001,-0.09199999999999875,6.545999999999999
2018,10/17-10/28,N49,43,714,14.8,STR11,62.44,1,6.244,4.0,0.0,0.0,0.0,0.0,6.0,0.0,0.0,0.0,18.0,0.0,0.0,40.0,0.0,20.0,0.0,0.0,0.0,20.0,-2.599999999999998,18.333333333333336,6.202,-0.20200000000000085,6.545999999999999
2018,11/2-11/16,N50-51,44,719,9.8,STR11,63.52,1,6.352,4.0,0.0,0.0,0.0,0.0,6.0,0.0,0.0,0.0,18.0,0.0,0.0,40.0,0.0,20.0,0.0,0.0,0.0,5.0,-5.0,14.0,6.244,0.041999999999999815,6.545999999999999
2018,11/20-12/1,N52,45,738,6.5,STR11,53.92,1,5.392,4.0,0.0,0.0,0.0,0.0,6.0,0.0,0.0,0.0,18.0,0.0,0.0,40.0,0.0,20.0,0.0,0.0,0.0,19.0,-3.3000000000000007,10.366666666666669,6.352,0.10800000000000054,6.545999999999999
2018,12/4-12/17,N53,46,757,-1.1,STR11,58.38,1,5.838,4.0,0.0,0.0,0.0,0.0,6.0,0.0,0.0,0.0,18.0,0.0,0.0,40.0,0.0,20.0,0.0,0.0,0.0,19.0,-7.6,5.066666666666669,5.392,-0.96,6.545999999999999
2018,12/30-2019/1/14,N54,47,834,-0.2,STR11,59.04,1,5.904,4.0,0.0,0.0,0.0,0.0,6.0,0.0,0.0,0.0,18.0,0.0,0.0,40.0,0.0,20.0,0.0,0.0,0.0,77.0,0.9000000000000001,1.7333333333333358,5.838,0.44599999999999973,6.545999999999999
2019,1/18-1/28,N55,48,912,4.0,STR11,49.72,1,4.9719999999999995,4.0,0.0,0.0,0.0,0.0,6.0,0.0,0.0,0.0,18.0,0.0,0.0,40.0,0.0,20.0,0.0,0.0,0.0,78.0,4.2,0.9000000000000022,5.904,0.06599999999999984,6.545999999999999
2019,3/1-3/20,N56,49,1013,14.2,STR11,52.6,1,5.26,4.0,0.0,0.0,0.0,0.0,6.0,0.0,0.0,0.0,18.0,0.0,0.0,40.0,0.0,20.0,0.0,0.0,0.0,101.0,10.2,6.000000000000003,4.9719999999999995,-0.9320000000000004,6.545999999999999
2019,3/24-4/4,N57,50,1114,14.5,STR11,61.47,1,6.147,4.0,0.0,0.0,0.0,0.0,6.0,0.0,0.0,0.0,18.0,0.0,0.0,40.0,0.0,20.0,0.0,0.0,0.0,101.0,0.3000000000000007,10.9,5.26,0.28800000000000026,6.545999999999999
2019,4/10-4/20,N58,51,1215,18.9,STR11,61.65,1,6.165,4.0,0.0,0.0,0.0,0.0,6.0,0.0,0.0,0.0,18.0,0.0,0.0,40.0,0.0,20.0,0.0,0.0,0.0,101.0,4.399999999999999,15.866666666666669,6.147,0.8870000000000005,6.545999999999999
2019,4/25-5/5,N59,52,1317,20.3,STR11,61.82,1,6.182,4.0,0.0,0.0,0.0,0.0,6.0,0.0,0.0,0.0,18.0,0.0,0.0,40.0,0.0,20.0,0.0,0.0,0.0,102.0,1.4000000000000021,17.900000000000002,6.165,0.017999999999999794,6.545999999999999
2019,5/9-5/21,N60,53,1376,25.0,STR11,64.88,1,6.4879999999999995,4.0,0.0,0.0,0.0,0.0,6.0,0.0,0.0,0.0,18.0,0.0,0.0,40.0,0.0,20.0,0.0,0.0,0.0,59.0,4.699999999999999,21.400000000000002,6.182,0.017000000000000348,6.545999999999999
2019,5/27-6/5,N61,54,1441,27.8,STR11,61.38,1,6.138,4.0,0.0,0.0,0.0,0.0,6.0,0.0,0.0,0.0,18.0,0.0,0.0,40.0,0.0,20.0,0.0,0.0,0.0,65.0,2.8000000000000007,24.36666666666667,6.4879999999999995,0.30599999999999916,6.545999999999999
2019,6/12-6/22,N62,55,1508,29.3,STR11,65.95,1,6.595000000000001,4.0,0.0,0.0,0.0,0.0,6.0,0.0,0.0,0.0,18.0,0.0,0.0,40.0,0.0,20.0,0.0,0.0,0.0,67.0,1.5,27.36666666666667,6.138,-0.34999999999999964,6.545999999999999
2019,6/27-7/7,N63,56,1566,29.8,STR11,70.75,1,7.075,4.0,0.0,0.0,0.0,0.0,6.0,0.0,0.0,0.0,18.0,0.0,0.0,40.0,0.0,20.0,0.0,0.0,0.0,58.0,0.5,28.96666666666667,6.595000000000001,0.45700000000000074,6.595000000000001
2019,7/11-7/21,N64,57,1637,30.7,STR11,76.2,1,7.62,4.0,0.0,0.0,0.0,0.0,6.0,0.0,0.0,0.0,18.0,0.0,0.0,40.0,0.0,20.0,0.0,0.0,0.0,71.0,0.8999999999999986,29.933333333333337,7.075,0.47999999999999954,7.075
2019,7/25-8/4,N65,58,1706,31.2,STR11,79.62,1,7.962000000000001,4.0,0.0,0.0,0.0,0.0,6.0,0.0,0.0,0.0,18.0,0.0,0.0,40.0,0.0,20.0,0.0,0.0,0.0,69.0,0.5,30.566666666666666,7.62,0.5449999999999999,7.62
2019,8/9-8/19,N66,59,1777,29.1,STR11,80.4,1,8.040000000000001,4.0,0.0,0.0,0.0,0.0,6.0,0.0,0.0,0.0,18.0,0.0,0.0,40.0,0.0,20.0,0.0,0.0,0.0,71.0,-2.099999999999998,30.33333333333334,7.962000000000001,0.3420000000000005,7.962000000000001
2019,8/24-9/5,N67,60,1847,29.4,STR11,83.01,1,8.301,4.0,0.0,0.0,0.0,0.0,6.0,0.0,0.0,0.0,18.0,0.0,0.0,40.0,0.0,20.0,0.0,0.0,0.0,70.0,0.29999999999999716,29.900000000000002,8.040000000000001,0.07800000000000029,8.040000000000001
2019,9/10-9/20,N68,61,1915,24.1,STR11,77.81,1,7.781000000000001,4.0,0.0,0.0,0.0,0.0,6.0,0.0,0.0,0.0,18.0,0.0,0.0,40.0,0.0,20.0,0.0,0.0,0.0,68.0,-5.299999999999997,27.533333333333335,8.301,0.26099999999999923,8.301
2019,9/25-10/13,N69,62,1981,21.8,STR11,71.1,1,7.109999999999999,4.0,0.0,0.0,0.0,0.0,6.0,0.0,0.0,0.0,18.0,0.0,0.0,40.0,0.0,20.0,0.0,0.0,0.0,66.0,-2.3000000000000007,25.100000000000005,7.781000000000001,-0.5199999999999996,8.301
2019,10/18-10/28,N70,63,2048,15.4,STR11,75.87,1,7.587000000000001,4.0,0.0,0.0,0.0,0.0,6.0,0.0,0.0,0.0,18.0,0.0,0.0,40.0,0.0,20.0,0.0,0.0,0.0,67.0,-6.4,20.433333333333334,7.109999999999999,-0.6710000000000012,8.301
2019,11/3-11/14,N71,64,2116,12.1,STR11,79.93,1,7.993,4.0,0.0,0.0,0.0,0.0,6.0,0.0,0.0,0.0,18.0,0.0,0.0,40.0,0.0,20.0,0.0,0.0,0.0,68.0,-3.3000000000000007,16.433333333333334,7.587000000000001,0.4770000000000012,8.301
2019,11/20-12/1,N72,65,2184,3.8,STR11,76.71,1,7.670999999999999,4.0,0.0,0.0,0.0,0.0,6.0,0.0,0.0,0.0,18.0,0.0,0.0,40.0,0.0,20.0,0.0,0.0,0.0,68.0,-8.3,10.433333333333335,7.993,0.4059999999999997,8.301
2019,12/5-12/21,N73,66,2290,0.8,STR11,75.2,1,7.5200000000000005,4.0,0.0,0.0,0.0,0.0,6.0,0.0,0.0,0.0,18.0,0.0,0.0,40.0,0.0,20.0,0.0,0.0,0.0,106.0,-3.0,5.566666666666669,7.670999999999999,-0.32200000000000095,8.301
2019,12/26-1/5,N74,67,2396,0.1,STR11,79.16,1,7.9159999999999995,4.0,0.0,0.0,0.0,0.0,6.0,0.0,0.0,0.0,18.0,0.0,0.0,40.0,0.0,20.0,0.0,0.0,0.0,106.0,-0.7000000000000001,1.566666666666669,7.5200000000000005,-0.1509999999999989,8.301
2020,3/19-3/31,N75,68,2501,14.9,STR11,80.92,1,8.092,4.0,0.0,0.0,0.0,0.0,6.0,0.0,0.0,0.0,18.0,0.0,0.0,40.0,0.0,20.0,0.0,0.0,0.0,105.0,14.8,5.266666666666669,7.9159999999999995,0.395999999999999,8.301
2020,4/4-4/15,N76,69,2605,18.0,STR11,80.42,1,8.042,4.0,0.0,0.0,0.0,0.0,6.0,0.0,0.0,0.0,18.0,0.0,0.0,40.0,0.0,20.0,0.0,0.0,0.0,104.0,3.0999999999999996,11.000000000000002,8.092,0.17600000000000104,8.301
2020,4/19-4/28,N77,70,2708,18.3,STR11,84.78,1,8.478,4.0,0.0,0.0,0.0,0.0,6.0,0.0,0.0,0.0,18.0,0.0,0.0,40.0,0.0,20.0,0.0,0.0,0.0,103.0,0.3000000000000007,17.066666666666666,8.042,-0.05000000000000071,8.301
2020,5/7,N78-中,71,2757,23.2,STR11,81.4,1,8.14,4.0,0.0,0.0,0.0,0.0,6.0,0.0,0.0,0.0,18.0,0.0,0.0,40.0,0.0,20.0,0.0,0.0,0.0,49.0,4.899999999999999,19.833333333333336,8.478,0.43599999999999994,8.478
2020,5/1-5/10,N78,72,2783,18.6,STR11,85.46,1,8.546,4.0,0.0,0.0,0.0,0.0,6.0,0.0,0.0,0.0,18.0,0.0,0.0,40.0,0.0,20.0,0.0,0.0,0.0,26.0,-4.599999999999998,20.033333333333335,8.14,-0.3379999999999992,8.478
2020,5/19,N79-中,73,2824,22.1,STR11,84.81,1,8.481,4.0,0.0,0.0,0.0,0.0,6.0,0.0,0.0,0.0,18.0,0.0,0.0,40.0,0.0,20.0,0.0,0.0,0.0,41.0,3.5,21.300000000000004,8.546,0.4059999999999988,8.546
2020,5/14-5/23,N79,74,2857,24.5,STR11,82.83,1,8.283,4.0,0.0,0.0,0.0,0.0,6.0,0.0,0.0,0.0,18.0,0.0,0.0,40.0,0.0,20.0,0.0,0.0,0.0,33.0,2.3999999999999986,21.733333333333338,8.481,-0.0649999999999995,8.546
2020,6/2,N80-中,75,2900,27.0,STR11,83.05,1,8.305,4.0,0.0,0.0,0.0,0.0,6.0,0.0,0.0,0.0,18.0,0.0,0.0,40.0,0.0,20.0,0.0,0.0,0.0,43.0,2.5,24.533333333333335,8.283,-0.1980000000000004,8.546
2020,5/27-6/6,N80,76,2931,29.7,STR11,90.03,1,9.003,4.0,0.0,0.0,0.0,0.0,6.0,0.0,0.0,0.0,18.0,0.0,0.0,40.0,0.0,20.0,0.0,0.0,0.0,31.0,2.6999999999999993,27.066666666666666,8.305,0.02200000000000024,8.546
2020,6/17,N81-中,77,2987,31.7,STR11,86.03,1,8.603,4.0,0.0,0.0,0.0,0.0,6.0,0.0,0.0,0.0,18.0,0.0,0.0,40.0,0.0,20.0,0.0,0.0,0.0,56.0,2.0,29.46666666666667,9.003,0.6980000000000004,9.003
2020,6/10-6/19,N81,78,3006,29.0,STR11,85.29,1,8.529,4.0,0.0,0.0,0.0,0.0,6.0,0.0,0.0,0.0,18.0,0.0,0.0,40.0,0.0,20.0,0.0,0.0,0.0,19.0,-2.6999999999999993,30.133333333333336,8.603,-0.40000000000000036,9.003
2020,6/29,N82-中,79,3040,28.5,STR11,89.59,1,8.959,4.0,0.0,0.0,0.0,0.0,6.0,0.0,0.0,0.0,18.0,0.0,0.0,40.0,0.0,20.0,0.0,0.0,0.0,34.0,-0.5,29.733333333333334,8.529,-0.07399999999999984,9.003
2020,6/25-7/5,N82,80,3081,28.9,STR11,85.03,1,8.503,4.0,0.0,0.0,0.0,0.0,6.0,0.0,0.0,0.0,18.0,0.0,0.0,40.0,0.0,20.0,0.0,0.0,0.0,41.0,0.3999999999999986,28.8,8.959,0.4299999999999997,9.003
2020,7/15,N83-中,81,3128,26.7,STR11,89.91,1,8.991,4.0,0.0,0.0,0.0,0.0,6.0,0.0,0.0,0.0,18.0,0.0,0.0,40.0,0.0,20.0,0.0,0.0,0.0,47.0,-2.1999999999999993,28.033333333333335,8.503,-0.4559999999999995,9.003
2020,7/9-7/19,N83,82,3157,30.0,STR11,84.06,1,8.406,4.0,0.0,0.0,0.0,0.0,6.0,0.0,0.0,0.0,18.0,0.0,0.0,40.0,0.0,20.0,0.0,0.0,0.0,29.0,3.3000000000000007,28.533333333333335,8.991,0.48799999999999955,9.003
2020,8/8,N84-中,83,3212,30.6,STR11,90.89,1,9.089,4.0,0.0,0.0,0.0,0.0,6.0,0.0,0.0,0.0,18.0,0.0,0.0,40.0,0.0,20.0,0.0,0.0,0.0,55.0,0.6000000000000014,29.100000000000005,8.406,-0.5849999999999991,9.003
2020,7/24-8/11,N84,84,3233,30.8,STR11,93.09,1,9.309000000000001,4.0,0.0,0.0,0.0,0.0,6.0,0.0,0.0,0.0,18.0,0.0,0.0,40.0,0.0,20.0,0.0,0.0,0.0,21.0,0.1999999999999993,30.46666666666667,9.089,0.6829999999999998,9.089
2020,8/21,N85-中,85,3275,25.8,STR11,91.15,1,9.115,4.0,0.0,0.0,0.0,0.0,6.0,0.0,0.0,0.0,18.0,0.0,0.0,40.0,0.0,20.0,0.0,0.0,0.0,42.0,-5.0,29.066666666666666,9.309000000000001,0.22000000000000064,9.309000000000001
2020,8/15-8/25,N85,86,3308,26.9,STR11,90.96,1,9.096,4.0,0.0,0.0,0.0,0.0,6.0,0.0,0.0,0.0,18.0,0.0,0.0,40.0,0.0,20.0,0.0,0.0,0.0,33.0,1.0999999999999979,27.83333333333334,9.115,-0.19400000000000084,9.309000000000001
2020,9/2,N86-中,87,3344,27.3,STR11,91.23,1,9.123000000000001,4.0,0.0,0.0,0.0,0.0,6.0,0.0,0.0,0.0,18.0,0.0,0.0,40.0,0.0,20.0,0.0,0.0,0.0,36.0,0.40000000000000213,26.666666666666668,9.096,-0.019000000000000128,9.309000000000001
2020,8/29-9/7,N86,88,3383,27.5,STR11,92.7,1,9.27,4.0,0.0,0.0,0.0,0.0,6.0,0.0,0.0,0.0,18.0,0.0,0.0,40.0,0.0,20.0,0.0,0.0,0.0,39.0,0.1999999999999993,27.233333333333338,9.123000000000001,0.027000000000001023,9.309000000000001
2020,9/20,N87-中,89,3432,23.8,STR11,91.08,1,9.108,4.0,0.0,0.0,0.0,0.0,6.0,0.0,0.0,0.0,18.0,0.0,0.0,40.0,0.0,20.0,0.0,0.0,0.0,49.0,-3.6999999999999993,26.200000000000003,9.27,0.14699999999999847,9.309000000000001
2020,9/14-9/23,N87,90,3458,23.7,STR11,91.37,1,9.137,4.0,0.0,0.0,0.0,0.0,6.0,0.0,0.0,0.0,18.0,0.0,0.0,40.0,0.0,20.0,0.0,0.0,0.0,26.0,-0.10000000000000142,25.0,9.108,-0.16199999999999903,9.309000000000001
2020,10/12,N88-中,91,3495,18.4,STR11,88.65,1,8.865,4.0,0.0,0.0,0.0,0.0,6.0,0.0,0.0,0.0,18.0,0.0,0.0,40.0,0.0,20.0,0.0,0.0,0.0,37.0,-5.300000000000001,21.96666666666667,9.137,0.028999999999999915,9.309000000000001
2020,9/28-10/17,N88,92,3533,17.7,STR11,86.55,1,8.655,4.0,0.0,0.0,0.0,0.0,6.0,0.0,0.0,0.0,18.0,0.0,0.0,40.0,0.0,20.0,0.0,0.0,0.0,38.0,-0.6999999999999993,19.933333333333337,8.865,-0.27200000000000024,9.309000000000001
2020,10/26,N89-中,93,3577,15.1,STR11,89.02,1,8.902,4.0,0.0,0.0,0.0,0.0,6.0,0.0,0.0,0.0,18.0,0.0,0.0,40.0,0.0,20.0,0.0,0.0,0.0,44.0,-2.5999999999999996,17.066666666666666,8.655,-0.21000000000000085,9.309000000000001
2020,10/21-10/30,N89,94,3607,15.3,STR11,86.44,1,8.644,4.0,0.0,0.0,0.0,0.0,6.0,0.0,0.0,0.0,18.0,0.0,0.0,40.0,0.0,20.0,0.0,0.0,0.0,30.0,0.20000000000000107,16.033333333333335,8.902,0.2469999999999999,9.309000000000001
2020,11/13,N90-中,95,3658,13.4,STR11,91.98,1,9.198,4.0,0.0,0.0,0.0,0.0,6.0,0.0,0.0,0.0,18.0,0.0,0.0,40.0,0.0,20.0,0.0,0.0,0.0,51.0,-1.9000000000000004,14.600000000000003,8.644,-0.2579999999999991,9.309000000000001
2020,11/8-11/19,N90,96,3714,12.2,STR11,91.13,1,9.113,4.0,0.0,0.0,0.0,0.0,6.0,0.0,0.0,0.0,18.0,0.0,0.0,40.0,0.0,20.0,0.0,0.0,0.0,56.0,-1.200000000000001,13.633333333333335,9.198,0.5540000000000003,9.309000000000001
2020,11/29,N91-中,97,3768,3.5,STR11,89.65,1,8.965,4.0,0.0,0.0,0.0,0.0,6.0,0.0,0.0,0.0,18.0,0.0,0.0,40.0,0.0,20.0,0.0,0.0,0.0,54.0,-8.7,9.700000000000003,9.113,-0.08500000000000085,9.309000000000001
2020,11/24-12/5,N91,98,3822,2.3,STR11,86.0,1,8.6,4.0,0.0,0.0,0.0,0.0,6.0,0.0,0.0,0.0,18.0,0.0,0.0,40.0,0.0,20.0,0.0,0.0,0.0,54.0,-1.2000000000000002,6.000000000000003,8.965,-0.1479999999999997,9.309000000000001
2020,12/25,N92-中,99,3875,-0.4,STR11,89.23,1,8.923,4.0,0.0,0.0,0.0,0.0,6.0,0.0,0.0,0.0,18.0,0.0,0.0,40.0,0.0,20.0,0.0,0.0,0.0,53.0,-2.6999999999999997,1.8000000000000023,8.6,-0.3650000000000002,9.309000000000001
2020,12/10-12/22,N92,100,3929,-0.2,STR11,87.38,1,8.738,4.0,0.0,0.0,0.0,0.0,6.0,0.0,0.0,0.0,18.0,0.0,0.0,40.0,0.0,20.0,0.0,0.0,0.0,54.0,0.2,0.566666666666669,8.923,0.3230000000000004,9.309000000000001
2020,12/31,N93-中,101,3980,-3.0,STR11,,0,,4.0,0.0,0.0,0.0,0.0,6.0,0.0,0.0,0.0,18.0,0.0,0.0,40.0,0.0,20.0,0.0,0.0,0.0,51.0,-2.8,-1.1999999999999977,8.738,-0.1850000000000005,9.309000000000001
2020,12/26-1/6,N93,102,4037,-3.8,STR11,85.88,1,8.588,4.0,0.0,0.0,0.0,0.0,6.0,0.0,0.0,0.0,18.0,0.0,0.0,40.0,0.0,20.0,0.0,0.0,0.0,57.0,-0.7999999999999998,-2.333333333333331,8.738,-0.1850000000000005,9.309000000000001
2021,1/15,N94-中,103,4090,1.4,STR11,88.95,1,8.895,4.0,0.0,0.0,0.0,0.0,6.0,0.0,0.0,0.0,18.0,0.0,0.0,40.0,0.0,20.0,0.0,0.0,0.0,53.0,5.199999999999999,-1.7999999999999978,8.588,-0.15000000000000036,9.309000000000001
2021,1/10-1/21,N94,104,4144,0.2,STR11,86.19,1,8.619,4.0,0.0,0.0,0.0,0.0,6.0,0.0,0.0,0.0,18.0,0.0,0.0,40.0,0.0,20.0,0.0,0.0,0.0,54.0,-1.2,-0.7333333333333308,8.895,0.3070000000000004,9.309000000000001
2021,3/24,N95-中,105,4204,11.9,STR11,87.18,1,8.718,4.0,0.0,0.0,0.0,0.0,6.0,0.0,0.0,0.0,18.0,0.0,0.0,40.0,0.0,20.0,0.0,0.0,0.0,60.0,11.700000000000001,4.500000000000003,8.619,-0.2759999999999998,9.309000000000001
2021,3/18-3/29,N95,106,4252,14.2,STR11,90.95,1,9.095,4.0,0.0,0.0,0.0,0.0,6.0,0.0,0.0,0.0,18.0,0.0,0.0,40.0,0.0,20.0,0.0,0.0,0.0,48.0,2.299999999999999,8.766666666666667,8.718,0.0990000000000002,9.309000000000001
2021,4/7,N96-中,107,4307,16.9,STR11,90.4,1,9.040000000000001,4.0,0.0,0.0,0.0,0.0,6.0,0.0,0.0,0.0,18.0,0.0,0.0,40.0,0.0,20.0,0.0,0.0,0.0,55.0,2.6999999999999993,14.333333333333334,9.095,0.37700000000000067,9.309000000000001
2021,4/2-4/12,N96,108,4358,16.8,STR11,93.74,1,9.373999999999999,4.0,0.0,0.0,0.0,0.0,6.0,0.0,0.0,0.0,18.0,0.0,0.0,40.0,0.0,20.0,0.0,0.0,0.0,51.0,-0.09999999999999787,15.966666666666669,9.040000000000001,-0.054999999999999716,9.309000000000001
2021,4/21,N97-中,109,4415,20.2,STR11,91.44,1,9.144,4.0,0.0,0.0,0.0,0.0,6.0,0.0,0.0,0.0,18.0,0.0,0.0,40.0,0.0,20.0,0.0,0.0,0.0,57.0,3.3999999999999986,17.96666666666667,9.373999999999999,0.33399999999999785,9.373999999999999
2021,4/16-4/26,N97,110,4466,19.2,STR11,93.01,1,9.301,4.0,0.0,0.0,0.0,0.0,6.0,0.0,0.0,0.0,18.0,0.0,0.0,40.0,0.0,20.0,0.0,0.0,0.0,51.0,-1.0,18.733333333333334,9.144,-0.22999999999999865,9.373999999999999
2021,5/4,N98-中,111,4524,17.7,STR11,89.35,1,8.934999999999999,4.0,0.0,0.0,0.0,0.0,6.0,0.0,0.0,0.0,18.0,0.0,0.0,40.0,0.0,20.0,0.0,0.0,0.0,58.0,-1.5,19.033333333333335,9.301,0.15700000000000003,9.373999999999999
2021,4/29-5/9,N98,112,4573,20.8,STR11,95.52,1,9.552,4.0,0.0,0.0,0.0,0.0,6.0,0.0,0.0,0.0,18.0,0.0,0.0,40.0,0.0,20.0,0.0,0.0,0.0,49.0,3.1000000000000014,19.233333333333334,8.934999999999999,-0.36600000000000144,9.373999999999999
2021,5/19,N99-中,113,4612,23.8,STR11,96.57,1,9.657,4.0,0.0,0.0,0.0,0.0,6.0,0.0,0.0,0.0,18.0,0.0,0.0,40.0,0.0,20.0,0.0,0.0,0.0,39.0,3.0,20.766666666666666,9.552,0.6170000000000009,9.552
2021,5/14-5/24,N99,114,4650,25.1,STR11,91.01,1,9.101,4.0,0.0,0.0,0.0,0.0,6.0,0.0,0.0,0.0,18.0,0.0,0.0,40.0,0.0,20.0,0.0,0.0,0.0,38.0,1.3000000000000007,23.233333333333334,9.657,0.10500000000000043,9.657
2021,6/2,N100-中,115,4692,23.6,STR11,94.73,1,9.473,4.0,0.0,0.0,0.0,0.0,6.0,0.0,0.0,0.0,18.0,0.0,0.0,40.0,0.0,20.0,0.0,0.0,0.0,42.0,-1.5,24.16666666666667,9.101,-0.5559999999999992,9.657
2021,5/28-6/7,N100,116,4727,25.8,STR11,90.1,1,9.01,4.0,0.0,0.0,0.0,0.0,6.0,0.0,0.0,0.0,18.0,0.0,0.0,40.0,0.0,20.0,0.0,0.0,0.0,35.0,2.1999999999999993,24.833333333333332,9.473,0.3719999999999999,9.657
2021,6/16,N101-中,117,4768,30.1,STR11,99.23,1,9.923,4.0,0.0,0.0,0.0,0.0,6.0,0.0,0.0,0.0,18.0,0.0,0.0,40.0,0.0,20.0,0.0,0.0,0.0,41.0,4.300000000000001,26.5,9.01,-0.46300000000000097,9.657
2021,6/11-6/20,N101,118,4805,30.2,STR11,100.65,1,10.065000000000001,4.0,0.0,0.0,0.0,0.0,6.0,0.0,0.0,0.0,18.0,0.0,0.0,40.0,0.0,20.0,0.0,0.0,0.0,37.0,0.09999999999999787,28.700000000000003,9.923,0.9130000000000003,9.923
2021,6/30,N102-中,119,4843,27.2,STR11,101.96,1,10.196,4.0,0.0,0.0,0.0,0.0,6.0,0.0,0.0,0.0,18.0,0.0,0.0,40.0,0.0,20.0,0.0,0.0,0.0,38.0,-3.0,29.166666666666668,10.065000000000001,0.14200000000000124,10.065000000000001
2021,6/25-7/6,N102,120,4882,27.5,STR11,100.63,1,10.062999999999999,4.0,0.0,0.0,0.0,0.0,6.0,0.0,0.0,0.0,18.0,0.0,0.0,40.0,0.0,20.0,0.0,0.0,0.0,39.0,0.3000000000000007,28.3,10.196,0.13099999999999845,10.196
2021,7/14,N103-中,121,4922,29.1,STR11,103.87,1,10.387,4.0,0.0,0.0,0.0,0.0,6.0,0.0,0.0,0.0,18.0,0.0,0.0,40.0,0.0,20.0,0.0,0.0,0.0,40.0,1.6000000000000014,27.933333333333337,10.062999999999999,-0.1330000000000009,10.196
2021,7/9-7/19,N103,122,4960,29.0,STR11,100.94,1,10.094,4.0,0.0,0.0,0.0,0.0,6.0,0.0,0.0,0.0,18.0,0.0,0.0,40.0,0.0,20.0,0.0,0.0,0.0,38.0,-0.10000000000000142,28.53333333333333,10.387,0.3240000000000016,10.387
2021,7/28,N104-中,123,4999,31.2,STR11,102.43,1,10.243,4.0,0.0,0.0,0.0,0.0,6.0,0.0,0.0,0.0,18.0,0.0,0.0,40.0,0.0,20.0,0.0,0.0,0.0,39.0,2.1999999999999993,29.766666666666666,10.094,-0.29300000000000104,10.387
2021,7/23-8/1,N104,124,5037,29.9,STR11,102.65,1,10.265,4.0,0.0,0.0,0.0,0.0,6.0,0.0,0.0,0.0,18.0,0.0,0.0,40.0,0.0,20.0,0.0,0.0,0.0,38.0,-1.3000000000000007,30.033333333333335,10.243,0.1490000000000009,10.387
2021,8/10,N105-中,125,5077,30.5,STR11,102.4,1,10.24,4.0,0.0,0.0,0.0,0.0,6.0,0.0,0.0,0.0,18.0,0.0,0.0,40.0,0.0,20.0,0.0,0.0,0.0,40.0,0.6000000000000014,30.533333333333335,10.265,0.02200000000000024,10.387
2021,8/6-8/15,N105,126,5115,29.2,STR11,103.01,1,10.301,4.0,0.0,0.0,0.0,0.0,6.0,0.0,0.0,0.0,18.0,0.0,0.0,40.0,0.0,20.0,0.0,0.0,0.0,38.0,-1.3000000000000007,29.866666666666664,10.24,-0.025000000000000355,10.387
2021,8/25,N106-中,127,5151,28.1,STR11,102.62,1,10.262,4.0,0.0,0.0,0.0,0.0,6.0,0.0,0.0,0.0,18.0,0.0,0.0,40.0,0.0,20.0,0.0,0.0,0.0,36.0,-1.0999999999999979,29.26666666666667,10.301,0.06099999999999994,10.387
2021,8/20-8/29,N106,128,5193,27.5,STR11,104.61,1,10.461,4.0,0.0,0.0,0.0,0.0,6.0,0.0,0.0,0.0,18.0,0.0,0.0,40.0,0.0,20.0,0.0,0.0,0.0,42.0,-0.6000000000000014,28.26666666666667,10.262,-0.0389999999999997,10.387
2021,9/8,N107-中,129,5237,24.1,STR11,105.54,1,10.554,4.0,0.0,0.0,0.0,0.0,6.0,0.0,0.0,0.0,18.0,0.0,0.0,40.0,0.0,20.0,0.0,0.0,0.0,44.0,-3.3999999999999986,26.566666666666666,10.461,0.19899999999999984,10.461
2021,9/03-9/13,N107,130,5271,25.2,STR11,100.79,1,10.079,4.0,0.0,0.0,0.0,0.0,6.0,0.0,0.0,0.0,18.0,0.0,0.0,40.0,0.0,20.0,0.0,0.0,0.0,34.0,1.0999999999999979,25.600000000000005,10.554,0.09299999999999997,10.554
2021,9/22,N108-中,131,5314,22.2,STR11,104.12,1,10.412,4.0,0.0,0.0,0.0,0.0,6.0,0.0,0.0,0.0,18.0,0.0,0.0,40.0,0.0,20.0,0.0,0.0,0.0,43.0,-3.0,23.833333333333332,10.079,-0.47499999999999964,10.554
2021,9/17-9/26,N108,132,5349,22.5,STR11,103.31,1,10.331,4.0,0.0,0.0,0.0,0.0,6.0,0.0,0.0,0.0,18.0,0.0,0.0,40.0,0.0,20.0,0.0,0.0,0.0,35.0,0.3000000000000007,23.3,10.412,0.3330000000000002,10.554
2021,10/13,N109-中,133,5387,16.3,STR11,101.17,1,10.117,4.0,0.0,0.0,0.0,0.0,6.0,0.0,0.0,0.0,18.0,0.0,0.0,40.0,0.0,20.0,0.0,0.0,0.0,38.0,-6.199999999999999,20.333333333333332,10.331,-0.0810000000000013,10.554
2021,10/8-10/18,N109,134,5427,15.6,STR11,100.44,1,10.044,4.0,0.0,0.0,0.0,0.0,6.0,0.0,0.0,0.0,18.0,0.0,0.0,40.0,0.0,20.0,0.0,0.0,0.0,40.0,-0.7000000000000011,18.133333333333333,10.117,-0.21399999999999864,10.554
2021,10/27,N110-中,135,5469,15.5,STR11,98.89,1,9.889,4.0,0.0,0.0,0.0,0.0,6.0,0.0,0.0,0.0,18.0,0.0,0.0,40.0,0.0,20.0,0.0,0.0,0.0,42.0,-0.09999999999999964,15.800000000000002,10.044,-0.0730000000000004,10.554
2021,10/22-11/1,N110,136,5504,15.5,STR11,100.27,1,10.027,4.0,0.0,0.0,0.0,0.0,6.0,0.0,0.0,0.0,18.0,0.0,0.0,40.0,0.0,20.0,0.0,0.0,0.0,35.0,0.0,15.533333333333333,9.889,-0.15500000000000114,10.554
2021,11/11,N111-中,137,5556,7.7,STR11,91.43,1,9.143,4.0,0.0,0.0,0.0,0.0,6.0,0.0,0.0,0.0,18.0,0.0,0.0,40.0,0.0,20.0,0.0,0.0,0.0,52.0,-7.8,12.9,10.027,0.1379999999999999,10.554
2021,11/05-11/17,N111,138,5612,9.3,STR11,101.58,1,10.158,4.0,0.0,0.0,0.0,0.0,6.0,0.0,0.0,0.0,18.0,0.0,0.0,40.0,0.0,20.0,0.0,0.0,0.0,56.0,1.6000000000000005,10.833333333333334,9.143,-0.8839999999999986,10.554
2021,11/25,N112-中,139,5669,5.5,STR11,94.79,1,9.479000000000001,4.0,0.0,0.0,0.0,0.0,6.0,0.0,0.0,0.0,18.0,0.0,0.0,40.0,0.0,20.0,0.0,0.0,0.0,57.0,-3.8000000000000007,7.500000000000001,10.158,1.0149999999999988,10.554
2021,11/20-11/30,N112,140,5720,6.4,STR11,93.43,1,9.343,4.0,0.0,0.0,0.0,0.0,6.0,0.0,0.0,0.0,18.0,0.0,0.0,40.0,0.0,20.0,0.0,0.0,0.0,51.0,0.9000000000000004,7.066666666666667,9.479000000000001,-0.6789999999999985,10.554
2021,12/9,N113-中,141,5778,7.2,STR11,98.12,1,9.812000000000001,4.0,0.0,0.0,0.0,0.0,6.0,0.0,0.0,0.0,18.0,0.0,0.0,40.0,0.0,20.0,0.0,0.0,0.0,58.0,0.7999999999999998,6.366666666666668,9.343,-0.136000000000001,10.554
2021,12/4-12/14,N113,142,5828,5.4,STR11,102.08,1,10.208,4.0,0.0,0.0,0.0,0.0,6.0,0.0,0.0,0.0,18.0,0.0,0.0,40.0,0.0,20.0,0.0,0.0,0.0,50.0,-1.7999999999999998,6.333333333333335,9.812000000000001,0.4690000000000012,10.554
2021,12/23,N114-中,143,5889,3.1,STR11,100.95,1,10.095,4.0,0.0,0.0,0.0,0.0,6.0,0.0,0.0,0.0,18.0,0.0,0.0,40.0,0.0,20.0,0.0,0.0,0.0,61.0,-2.3000000000000003,5.233333333333335,10.208,0.395999999999999,10.554
2021,12/17-12/28,N114,144,5936,0.2,STR11,94.13,1,9.413,4.0,0.0,0.0,0.0,0.0,6.0,0.0,0.0,0.0,18.0,0.0,0.0,40.0,0.0,20.0,0.0,0.0,0.0,47.0,-2.9,2.900000000000001,10.095,-0.11299999999999955,10.554
2021,1/8,N115-中,145,5992,1.1,STR11,94.7,1,9.47,4.0,0.0,0.0,0.0,0.0,6.0,0.0,0.0,0.0,18.0,0.0,0.0,40.0,0.0,20.0,0.0,0.0,0.0,56.0,0.9000000000000001,1.466666666666668,9.413,-0.6820000000000004,10.554
2021,1/3-1/13,N115,146,6044,0.8,STR11,102.73,1,10.273,4.0,0.0,0.0,0.0,0.0,6.0,0.0,0.0,0.0,18.0,0.0,0.0,40.0,0.0,20.0,0.0,0.0,0.0,52.0,-0.30000000000000004,0.7000000000000012,9.47,0.057000000000000384,10.554
2016,11/30-12/10,N1,0,3,3.8,STR12,16.03,1,1.6030000000000002,4.0,0.0,0.0,0.0,0.0,8.0,0.0,0.0,0.0,12.0,0.0,0.0,0.0,20.0,20.0,0.0,0.0,20.0,0.0,0.0,3.8,,,
2016,12/13-12/24,N2,1,10,1.2,STR12,16.31,1,1.6309999999999998,4.0,0.0,0.0,0.0,0.0,8.0,0.0,0.0,0.0,12.0,0.0,0.0,0.0,20.0,20.0,0.0,0.0,20.0,7.0,-2.5999999999999996,2.5,1.6030000000000002,,1.6030000000000002
2016,12/27-1/9,N3,2,30,0.9,STR12,15.77,1,1.577,4.0,0.0,0.0,0.0,0.0,8.0,0.0,0.0,0.0,12.0,0.0,0.0,0.0,20.0,20.0,0.0,0.0,20.0,20.0,-0.29999999999999993,1.9666666666666666,1.6309999999999998,0.02799999999999958,1.6309999999999998
2017,1/12-2/23,N4,3,48,3.6,STR12,16.61,1,1.661,4.0,0.0,0.0,0.0,0.0,8.0,0.0,0.0,0.0,12.0,0.0,0.0,0.0,20.0,20.0,0.0,0.0,20.0,18.0,2.7,1.9000000000000001,1.577,-0.053999999999999826,1.6309999999999998
2017,2/26-3/10,N5,4,67,11.4,STR12,,0,,4.0,0.0,0.0,0.0,0.0,8.0,0.0,0.0,0.0,12.0,0.0,0.0,0.0,20.0,20.0,0.0,0.0,20.0,19.0,7.800000000000001,5.3,1.661,0.08400000000000007,1.661
2017,3/13-3/23,N6,5,85,13.9,STR12,16.39,1,1.639,4.0,0.0,0.0,0.0,0.0,8.0,0.0,0.0,0.0,12.0,0.0,0.0,0.0,20.0,20.0,0.0,0.0,20.0,18.0,2.5,9.633333333333333,1.661,0.08400000000000007,1.661
2017,3/26-4/6,N7,6,104,19.1,STR12,17.97,1,1.797,4.0,0.0,0.0,0.0,0.0,8.0,0.0,0.0,0.0,12.0,0.0,0.0,0.0,20.0,20.0,0.0,0.0,20.0,19.0,5.200000000000001,14.799999999999999,1.639,-0.02200000000000002,1.661
2017,4/9-4/13,N8,7,108,21.1,STR12,18.89,1,1.889,4.0,0.0,0.0,0.0,0.0,8.0,0.0,0.0,0.0,12.0,0.0,0.0,0.0,20.0,20.0,0.0,0.0,20.0,4.0,2.0,18.033333333333335,1.797,0.15799999999999992,1.797
2017,4/17-4-21,N9,8,109,21.7,STR12,20.13,1,2.013,4.0,0.0,0.0,0.0,0.0,8.0,0.0,0.0,0.0,12.0,0.0,0.0,0.0,20.0,20.0,0.0,0.0,20.0,1.0,0.5999999999999979,20.633333333333336,1.889,0.09200000000000008,1.889
2017,4/24-5/4,N10,9,129,27.0,STR12,23.09,1,2.309,4.0,0.0,0.0,0.0,0.0,8.0,0.0,0.0,0.0,12.0,0.0,0.0,0.0,20.0,20.0,0.0,0.0,20.0,20.0,5.300000000000001,23.266666666666666,2.013,0.12399999999999989,2.013
2017,5/7-5-17,N11,10,149,30.1,STR12,29.35,1,2.935,4.0,0.0,0.0,0.0,0.0,8.0,0.0,0.0,0.0,12.0,0.0,0.0,0.0,20.0,20.0,0.0,0.0,20.0,20.0,3.1000000000000014,26.266666666666666,2.309,0.29600000000000026,2.309
2017,5/20-5/30,N12,11,168,30.2,STR12,36.92,1,3.692,4.0,0.0,0.0,0.0,0.0,8.0,0.0,0.0,0.0,12.0,0.0,0.0,0.0,20.0,20.0,0.0,0.0,20.0,19.0,0.09999999999999787,29.099999999999998,2.935,0.6259999999999999,2.935
2017,6/2-6/12,N13,12,188,29.6,STR12,38.65,1,3.8649999999999998,4.0,0.0,0.0,0.0,0.0,8.0,0.0,0.0,0.0,12.0,0.0,0.0,0.0,20.0,20.0,0.0,0.0,20.0,20.0,-0.5999999999999979,29.96666666666667,3.692,0.7570000000000001,3.692
2017,6/16-6/26,N14,13,206,30.1,STR12,40.75,1,4.075,4.0,0.0,0.0,0.0,0.0,8.0,0.0,0.0,0.0,12.0,0.0,0.0,0.0,20.0,20.0,0.0,0.0,20.0,18.0,0.5,29.96666666666667,3.8649999999999998,0.1729999999999996,3.8649999999999998
2017,6/29-7/10,N15,14,224,28.6,STR12,48.33,1,4.833,4.0,0.0,0.0,0.0,0.0,8.0,0.0,0.0,0.0,12.0,0.0,0.0,0.0,20.0,20.0,0.0,0.0,20.0,18.0,-1.5,29.433333333333337,4.075,0.2100000000000004,4.075
2017,7/13-7/23,N16-17,15,230,31.4,STR12,49.52,1,4.952,4.0,0.0,0.0,0.0,0.0,8.0,0.0,0.0,0.0,12.0,0.0,0.0,0.0,20.0,20.0,0.0,0.0,20.0,6.0,2.799999999999997,30.03333333333333,4.833,0.758,4.833
2017,7/27-8/7,N18,16,250,32.1,STR12,50.93,1,5.093,4.0,0.0,0.0,0.0,0.0,8.0,0.0,0.0,0.0,12.0,0.0,0.0,0.0,20.0,20.0,0.0,0.0,20.0,20.0,0.7000000000000028,30.7,4.952,0.11899999999999977,4.952
2017,8/10-8/21,N19,17,268,28.6,STR12,49.18,1,4.918,4.0,0.0,0.0,0.0,0.0,8.0,0.0,0.0,0.0,12.0,0.0,0.0,0.0,20.0,20.0,0.0,0.0,20.0,18.0,-3.5,30.7,5.093,0.14100000000000001,5.093
2017,8/25-9/4,N20,18,286,26.3,STR12,45.88,1,4.588,4.0,0.0,0.0,0.0,0.0,8.0,0.0,0.0,0.0,12.0,0.0,0.0,0.0,20.0,20.0,0.0,0.0,20.0,18.0,-2.3000000000000007,29.0,4.918,-0.17499999999999982,5.093
2017,9/8-9/18,N21,19,305,28.2,STR12,63.33,1,6.333,4.0,0.0,0.0,0.0,0.0,8.0,0.0,0.0,0.0,12.0,0.0,0.0,0.0,20.0,20.0,0.0,0.0,20.0,19.0,1.8999999999999986,27.7,4.588,-0.33000000000000007,5.093
2017,9/21-10/9,N22,20,323,22.9,STR12,54.17,1,5.417,4.0,0.0,0.0,0.0,0.0,8.0,0.0,0.0,0.0,12.0,0.0,0.0,0.0,20.0,20.0,0.0,0.0,20.0,18.0,-5.300000000000001,25.8,6.333,1.745,6.333
2017,10/13-10/25,N23,21,346,14.9,STR12,58.89,1,5.889,4.0,0.0,0.0,0.0,0.0,8.0,0.0,0.0,0.0,12.0,0.0,0.0,0.0,20.0,20.0,0.0,0.0,20.0,23.0,-7.999999999999998,22.0,5.417,-0.9160000000000004,6.333
2017,11/1-11/12,N24-25,22,352,11.1,STR12,66.33,1,6.633,4.0,0.0,0.0,0.0,0.0,8.0,0.0,0.0,0.0,12.0,0.0,0.0,0.0,20.0,20.0,0.0,0.0,20.0,6.0,-3.8000000000000007,16.3,5.889,0.4720000000000004,6.333
2017,11/15-11/26,N26,23,371,3.8,STR12,62.67,1,6.267,4.0,0.0,0.0,0.0,0.0,8.0,0.0,0.0,0.0,12.0,0.0,0.0,0.0,20.0,20.0,0.0,0.0,20.0,19.0,-7.3,9.933333333333334,6.633,0.7439999999999998,6.633
2017,12/9-12/21,N27,24,391,0.0,STR12,58.67,1,5.867,4.0,0.0,0.0,0.0,0.0,8.0,0.0,0.0,0.0,12.0,0.0,0.0,0.0,20.0,20.0,0.0,0.0,20.0,20.0,-3.8,4.966666666666666,6.267,-0.36599999999999966,6.633
2017,12/23-1/3,N28,25,410,0.2,STR12,63.91,1,6.391,4.0,0.0,0.0,0.0,0.0,8.0,0.0,0.0,0.0,12.0,0.0,0.0,0.0,20.0,20.0,0.0,0.0,20.0,19.0,0.2,1.3333333333333333,5.867,-0.40000000000000036,6.633
2018,1/7-1/18,N29-30,26,415,-1.0,STR12,54.31,1,5.431,4.0,0.0,0.0,0.0,0.0,8.0,0.0,0.0,0.0,12.0,0.0,0.0,0.0,20.0,20.0,0.0,0.0,20.0,5.0,-1.2,-0.26666666666666666,6.391,0.524,6.633
2018,1/20-1/30,N31,27,434,-2.2,STR12,54.46,1,5.446,4.0,0.0,0.0,0.0,0.0,8.0,0.0,0.0,0.0,12.0,0.0,0.0,0.0,20.0,20.0,0.0,0.0,20.0,19.0,-1.2000000000000002,-1.0,5.431,-0.96,6.633
2018,3/9-3/21,N32,28,454,8.3,STR12,62.23,1,6.223,4.0,0.0,0.0,0.0,0.0,8.0,0.0,0.0,0.0,12.0,0.0,0.0,0.0,20.0,20.0,0.0,0.0,20.0,20.0,10.5,1.7000000000000002,5.446,0.01499999999999968,6.633
2018,3/25-4/7,N33,29,473,15.7,STR12,51.8,1,5.18,4.0,0.0,0.0,0.0,0.0,8.0,0.0,0.0,0.0,12.0,0.0,0.0,0.0,20.0,20.0,0.0,0.0,20.0,19.0,7.399999999999999,7.266666666666667,6.223,0.7770000000000001,6.633
2018,4/10-4/21,N34,30,492,19.4,STR12,61.89,1,6.189,4.0,0.0,0.0,0.0,0.0,8.0,0.0,0.0,0.0,12.0,0.0,0.0,0.0,20.0,20.0,0.0,0.0,20.0,19.0,3.6999999999999993,14.466666666666667,5.18,-1.0430000000000001,6.633
2018,4/26-5/7,N35-36,31,498,23.7,STR12,61.13,1,6.113,4.0,0.0,0.0,0.0,0.0,8.0,0.0,0.0,0.0,12.0,0.0,0.0,0.0,20.0,20.0,0.0,0.0,20.0,6.0,4.300000000000001,19.599999999999998,6.189,1.0090000000000003,6.633
2018,5/10-5/21,N37,32,517,24.1,STR12,56.14,1,5.614,4.0,0.0,0.0,0.0,0.0,8.0,0.0,0.0,0.0,12.0,0.0,0.0,0.0,20.0,20.0,0.0,0.0,20.0,19.0,0.40000000000000213,22.400000000000002,6.113,-0.07599999999999962,6.633
2018,5/24-6/4,N38,33,536,29.7,STR12,,0,,4.0,0.0,0.0,0.0,0.0,8.0,0.0,0.0,0.0,12.0,0.0,0.0,0.0,20.0,20.0,0.0,0.0,20.0,19.0,5.599999999999998,25.833333333333332,5.614,-0.49900000000000055,6.633
2018,6/7-6/19,N39,34,556,26.6,STR12,58.66,1,5.866,4.0,0.0,0.0,0.0,0.0,8.0,0.0,0.0,0.0,12.0,0.0,0.0,0.0,20.0,20.0,0.0,0.0,20.0,20.0,-3.099999999999998,26.8,5.614,-0.49900000000000055,6.633
2018,6/22-7/2,N40,35,574,32.8,STR12,55.79,1,5.579,4.0,0.0,0.0,0.0,0.0,8.0,0.0,0.0,0.0,12.0,0.0,0.0,0.0,20.0,20.0,0.0,0.0,20.0,18.0,6.199999999999996,29.7,5.866,0.2519999999999998,6.633
2018,7/5-7/17,N41,36,593,28.3,STR12,61.99,1,6.199,4.0,0.0,0.0,0.0,0.0,8.0,0.0,0.0,0.0,12.0,0.0,0.0,0.0,20.0,20.0,0.0,0.0,20.0,19.0,-4.4999999999999964,29.233333333333334,5.579,-0.2869999999999999,6.633
2018,7/22-7/31,N42,37,612,32.7,STR12,65.11,1,6.511,4.0,0.0,0.0,0.0,0.0,8.0,0.0,0.0,0.0,12.0,0.0,0.0,0.0,20.0,20.0,0.0,0.0,20.0,19.0,4.400000000000002,31.26666666666667,6.199,0.6200000000000001,6.633
2018,8/3-8/14,N43-44,38,618,30.5,STR12,64.09,1,6.409000000000001,4.0,0.0,0.0,0.0,0.0,8.0,0.0,0.0,0.0,12.0,0.0,0.0,0.0,20.0,20.0,0.0,0.0,20.0,6.0,-2.200000000000003,30.5,6.511,0.3120000000000003,6.633
2018,8/17-8/30,N45,39,636,29.6,STR12,67.13,1,6.712999999999999,4.0,0.0,0.0,0.0,0.0,8.0,0.0,0.0,0.0,12.0,0.0,0.0,0.0,20.0,20.0,0.0,0.0,20.0,18.0,-0.8999999999999986,30.933333333333337,6.409000000000001,-0.10199999999999942,6.633
2018,9/2-9/12,N46,40,655,26.9,STR12,65.86,1,6.586,4.0,0.0,0.0,0.0,0.0,8.0,0.0,0.0,0.0,12.0,0.0,0.0,0.0,20.0,20.0,0.0,0.0,20.0,19.0,-2.700000000000003,29.0,6.712999999999999,0.3039999999999985,6.712999999999999
2018,9/15-9/25,N47,41,675,22.8,STR12,64.91,1,6.491,4.0,0.0,0.0,0.0,0.0,8.0,0.0,0.0,0.0,12.0,0.0,0.0,0.0,20.0,20.0,0.0,0.0,20.0,20.0,-4.099999999999998,26.433333333333337,6.586,-0.1269999999999989,6.712999999999999
2018,10/4-10/15,N48,42,694,17.4,STR12,62.34,1,6.234,4.0,0.0,0.0,0.0,0.0,8.0,0.0,0.0,0.0,12.0,0.0,0.0,0.0,20.0,20.0,0.0,0.0,20.0,19.0,-5.400000000000002,22.36666666666667,6.491,-0.09500000000000064,6.712999999999999
2018,10/17-10/28,N49,43,714,14.8,STR12,64.7,1,6.470000000000001,4.0,0.0,0.0,0.0,0.0,8.0,0.0,0.0,0.0,12.0,0.0,0.0,0.0,20.0,20.0,0.0,0.0,20.0,20.0,-2.599999999999998,18.333333333333336,6.234,-0.2569999999999997,6.712999999999999
2018,11/2-11/16,N50-51,44,719,9.8,STR12,62.29,1,6.229,4.0,0.0,0.0,0.0,0.0,8.0,0.0,0.0,0.0,12.0,0.0,0.0,0.0,20.0,20.0,0.0,0.0,20.0,5.0,-5.0,14.0,6.470000000000001,0.23600000000000065,6.712999999999999
2018,11/20-12/1,N52,45,738,6.5,STR12,55.57,1,5.557,4.0,0.0,0.0,0.0,0.0,8.0,0.0,0.0,0.0,12.0,0.0,0.0,0.0,20.0,20.0,0.0,0.0,20.0,19.0,-3.3000000000000007,10.366666666666669,6.229,-0.24100000000000055,6.712999999999999
2018,12/4-12/17,N53,46,757,-1.1,STR12,63.73,1,6.372999999999999,4.0,0.0,0.0,0.0,0.0,8.0,0.0,0.0,0.0,12.0,0.0,0.0,0.0,20.0,20.0,0.0,0.0,20.0,19.0,-7.6,5.066666666666669,5.557,-0.6719999999999997,6.712999999999999
2018,12/30-2019/1/14,N54,47,834,-0.2,STR12,63.0,1,6.3,4.0,0.0,0.0,0.0,0.0,8.0,0.0,0.0,0.0,12.0,0.0,0.0,0.0,20.0,20.0,0.0,0.0,20.0,77.0,0.9000000000000001,1.7333333333333358,6.372999999999999,0.815999999999999,6.712999999999999
2019,1/18-1/28,N55,48,912,4.0,STR12,63.07,1,6.307,4.0,0.0,0.0,0.0,0.0,8.0,0.0,0.0,0.0,12.0,0.0,0.0,0.0,20.0,20.0,0.0,0.0,20.0,78.0,4.2,0.9000000000000022,6.3,-0.07299999999999951,6.712999999999999
2019,3/1-3/20,N56,49,1013,14.2,STR12,57.37,1,5.737,4.0,0.0,0.0,0.0,0.0,8.0,0.0,0.0,0.0,12.0,0.0,0.0,0.0,20.0,20.0,0.0,0.0,20.0,101.0,10.2,6.000000000000003,6.307,0.007000000000000561,6.712999999999999
2019,3/24-4/4,N57,50,1114,14.5,STR12,56.53,1,5.6530000000000005,4.0,0.0,0.0,0.0,0.0,8.0,0.0,0.0,0.0,12.0,0.0,0.0,0.0,20.0,20.0,0.0,0.0,20.0,101.0,0.3000000000000007,10.9,5.737,-0.5700000000000003,6.712999999999999
2019,4/10-4/20,N58,51,1215,18.9,STR12,62.56,1,6.256,4.0,0.0,0.0,0.0,0.0,8.0,0.0,0.0,0.0,12.0,0.0,0.0,0.0,20.0,20.0,0.0,0.0,20.0,101.0,4.399999999999999,15.866666666666669,5.6530000000000005,-0.08399999999999963,6.712999999999999
2019,4/25-5/5,N59,52,1317,20.3,STR12,62.12,1,6.212,4.0,0.0,0.0,0.0,0.0,8.0,0.0,0.0,0.0,12.0,0.0,0.0,0.0,20.0,20.0,0.0,0.0,20.0,102.0,1.4000000000000021,17.900000000000002,6.256,0.6029999999999998,6.712999999999999
2019,5/9-5/21,N60,53,1376,25.0,STR12,56.87,1,5.686999999999999,4.0,0.0,0.0,0.0,0.0,8.0,0.0,0.0,0.0,12.0,0.0,0.0,0.0,20.0,20.0,0.0,0.0,20.0,59.0,4.699999999999999,21.400000000000002,6.212,-0.04400000000000048,6.712999999999999
2019,5/27-6/5,N61,54,1441,27.8,STR12,63.02,1,6.3020000000000005,4.0,0.0,0.0,0.0,0.0,8.0,0.0,0.0,0.0,12.0,0.0,0.0,0.0,20.0,20.0,0.0,0.0,20.0,65.0,2.8000000000000007,24.36666666666667,5.686999999999999,-0.5250000000000004,6.712999999999999
2019,6/12-6/22,N62,55,1508,29.3,STR12,67.27,1,6.726999999999999,4.0,0.0,0.0,0.0,0.0,8.0,0.0,0.0,0.0,12.0,0.0,0.0,0.0,20.0,20.0,0.0,0.0,20.0,67.0,1.5,27.36666666666667,6.3020000000000005,0.6150000000000011,6.712999999999999
2019,6/27-7/7,N63,56,1566,29.8,STR12,70.3,1,7.029999999999999,4.0,0.0,0.0,0.0,0.0,8.0,0.0,0.0,0.0,12.0,0.0,0.0,0.0,20.0,20.0,0.0,0.0,20.0,58.0,0.5,28.96666666666667,6.726999999999999,0.42499999999999893,6.726999999999999
2019,7/11-7/21,N64,57,1637,30.7,STR12,74.24,1,7.4239999999999995,4.0,0.0,0.0,0.0,0.0,8.0,0.0,0.0,0.0,12.0,0.0,0.0,0.0,20.0,20.0,0.0,0.0,20.0,71.0,0.8999999999999986,29.933333333333337,7.029999999999999,0.30299999999999994,7.029999999999999
2019,7/25-8/4,N65,58,1706,31.2,STR12,76.7,1,7.67,4.0,0.0,0.0,0.0,0.0,8.0,0.0,0.0,0.0,12.0,0.0,0.0,0.0,20.0,20.0,0.0,0.0,20.0,69.0,0.5,30.566666666666666,7.4239999999999995,0.39400000000000013,7.4239999999999995
2019,8/9-8/19,N66,59,1777,29.1,STR12,77.11,1,7.711,4.0,0.0,0.0,0.0,0.0,8.0,0.0,0.0,0.0,12.0,0.0,0.0,0.0,20.0,20.0,0.0,0.0,20.0,71.0,-2.099999999999998,30.33333333333334,7.67,0.24600000000000044,7.67
2019,8/24-9/5,N67,60,1847,29.4,STR12,75.73,1,7.573,4.0,0.0,0.0,0.0,0.0,8.0,0.0,0.0,0.0,12.0,0.0,0.0,0.0,20.0,20.0,0.0,0.0,20.0,70.0,0.29999999999999716,29.900000000000002,7.711,0.04100000000000037,7.711
2019,9/10-9/20,N68,61,1915,24.1,STR12,75.92,1,7.5920000000000005,4.0,0.0,0.0,0.0,0.0,8.0,0.0,0.0,0.0,12.0,0.0,0.0,0.0,20.0,20.0,0.0,0.0,20.0,68.0,-5.299999999999997,27.533333333333335,7.573,-0.1379999999999999,7.711
2019,9/25-10/13,N69,62,1981,21.8,STR12,72.56,1,7.256,4.0,0.0,0.0,0.0,0.0,8.0,0.0,0.0,0.0,12.0,0.0,0.0,0.0,20.0,20.0,0.0,0.0,20.0,66.0,-2.3000000000000007,25.100000000000005,7.5920000000000005,0.019000000000000128,7.711
2019,10/18-10/28,N70,63,2048,15.4,STR12,67.37,1,6.737,4.0,0.0,0.0,0.0,0.0,8.0,0.0,0.0,0.0,12.0,0.0,0.0,0.0,20.0,20.0,0.0,0.0,20.0,67.0,-6.4,20.433333333333334,7.256,-0.3360000000000003,7.711
2019,11/3-11/14,N71,64,2116,12.1,STR12,68.82,1,6.882,4.0,0.0,0.0,0.0,0.0,8.0,0.0,0.0,0.0,12.0,0.0,0.0,0.0,20.0,20.0,0.0,0.0,20.0,68.0,-3.3000000000000007,16.433333333333334,6.737,-0.5190000000000001,7.711
2019,11/20-12/1,N72,65,2184,3.8,STR12,68.53,1,6.853,4.0,0.0,0.0,0.0,0.0,8.0,0.0,0.0,0.0,12.0,0.0,0.0,0.0,20.0,20.0,0.0,0.0,20.0,68.0,-8.3,10.433333333333335,6.882,0.14499999999999957,7.711
2019,12/5-12/21,N73,66,2290,0.8,STR12,70.61,1,7.061,4.0,0.0,0.0,0.0,0.0,8.0,0.0,0.0,0.0,12.0,0.0,0.0,0.0,20.0,20.0,0.0,0.0,20.0,106.0,-3.0,5.566666666666669,6.853,-0.028999999999999915,7.711
2019,12/26-1/5,N74,67,2396,0.1,STR12,71.09,1,7.109,4.0,0.0,0.0,0.0,0.0,8.0,0.0,0.0,0.0,12.0,0.0,0.0,0.0,20.0,20.0,0.0,0.0,20.0,106.0,-0.7000000000000001,1.566666666666669,7.061,0.20800000000000018,7.711
2020,3/19-3/31,N75,68,2501,14.9,STR12,72.11,1,7.211,4.0,0.0,0.0,0.0,0.0,8.0,0.0,0.0,0.0,12.0,0.0,0.0,0.0,20.0,20.0,0.0,0.0,20.0,105.0,14.8,5.266666666666669,7.109,0.04800000000000004,7.711
2020,4/4-4/15,N76,69,2605,18.0,STR12,69.12,1,6.912000000000001,4.0,0.0,0.0,0.0,0.0,8.0,0.0,0.0,0.0,12.0,0.0,0.0,0.0,20.0,20.0,0.0,0.0,20.0,104.0,3.0999999999999996,11.000000000000002,7.211,0.10200000000000031,7.711
2020,4/19-4/28,N77,70,2708,18.3,STR12,76.81,1,7.681,4.0,0.0,0.0,0.0,0.0,8.0,0.0,0.0,0.0,12.0,0.0,0.0,0.0,20.0,20.0,0.0,0.0,20.0,103.0,0.3000000000000007,17.066666666666666,6.912000000000001,-0.2989999999999995,7.711
2020,5/7,N78-中,71,2757,23.2,STR12,73.27,1,7.327,4.0,0.0,0.0,0.0,0.0,8.0,0.0,0.0,0.0,12.0,0.0,0.0,0.0,20.0,20.0,0.0,0.0,20.0,49.0,4.899999999999999,19.833333333333336,7.681,0.7689999999999992,7.711
2020,5/1-5/10,N78,72,2783,18.6,STR12,75.06,1,7.506,4.0,0.0,0.0,0.0,0.0,8.0,0.0,0.0,0.0,12.0,0.0,0.0,0.0,20.0,20.0,0.0,0.0,20.0,26.0,-4.599999999999998,20.033333333333335,7.327,-0.3540000000000001,7.711
2020,5/19,N79-中,73,2824,22.1,STR12,77.04,1,7.704000000000001,4.0,0.0,0.0,0.0,0.0,8.0,0.0,0.0,0.0,12.0,0.0,0.0,0.0,20.0,20.0,0.0,0.0,20.0,41.0,3.5,21.300000000000004,7.506,0.17900000000000027,7.711
2020,5/14-5/23,N79,74,2857,24.5,STR12,75.93,1,7.593000000000001,4.0,0.0,0.0,0.0,0.0,8.0,0.0,0.0,0.0,12.0,0.0,0.0,0.0,20.0,20.0,0.0,0.0,20.0,33.0,2.3999999999999986,21.733333333333338,7.704000000000001,0.1980000000000004,7.711
2020,6/2,N80-中,75,2900,27.0,STR12,80.47,1,8.047,4.0,0.0,0.0,0.0,0.0,8.0,0.0,0.0,0.0,12.0,0.0,0.0,0.0,20.0,20.0,0.0,0.0,20.0,43.0,2.5,24.533333333333335,7.593000000000001,-0.11099999999999977,7.711
2020,5/27-6/6,N80,76,2931,29.7,STR12,81.18,1,8.118,4.0,0.0,0.0,0.0,0.0,8.0,0.0,0.0,0.0,12.0,0.0,0.0,0.0,20.0,20.0,0.0,0.0,20.0,31.0,2.6999999999999993,27.066666666666666,8.047,0.45399999999999974,8.047
2020,6/17,N81-中,77,2987,31.7,STR12,81.49,1,8.149,4.0,0.0,0.0,0.0,0.0,8.0,0.0,0.0,0.0,12.0,0.0,0.0,0.0,20.0,20.0,0.0,0.0,20.0,56.0,2.0,29.46666666666667,8.118,0.07099999999999973,8.118
2020,6/10-6/19,N81,78,3006,29.0,STR12,81.93,1,8.193000000000001,4.0,0.0,0.0,0.0,0.0,8.0,0.0,0.0,0.0,12.0,0.0,0.0,0.0,20.0,20.0,0.0,0.0,20.0,19.0,-2.6999999999999993,30.133333333333336,8.149,0.030999999999998806,8.149
2020,6/29,N82-中,79,3040,28.5,STR12,78.08,1,7.808,4.0,0.0,0.0,0.0,0.0,8.0,0.0,0.0,0.0,12.0,0.0,0.0,0.0,20.0,20.0,0.0,0.0,20.0,34.0,-0.5,29.733333333333334,8.193000000000001,0.04400000000000226,8.193000000000001
2020,6/25-7/5,N82,80,3081,28.9,STR12,78.75,1,7.875,4.0,0.0,0.0,0.0,0.0,8.0,0.0,0.0,0.0,12.0,0.0,0.0,0.0,20.0,20.0,0.0,0.0,20.0,41.0,0.3999999999999986,28.8,7.808,-0.38500000000000156,8.193000000000001
2020,7/15,N83-中,81,3128,26.7,STR12,80.77,1,8.077,4.0,0.0,0.0,0.0,0.0,8.0,0.0,0.0,0.0,12.0,0.0,0.0,0.0,20.0,20.0,0.0,0.0,20.0,47.0,-2.1999999999999993,28.033333333333335,7.875,0.06700000000000017,8.193000000000001
2020,7/9-7/19,N83,82,3157,30.0,STR12,81.44,1,8.144,4.0,0.0,0.0,0.0,0.0,8.0,0.0,0.0,0.0,12.0,0.0,0.0,0.0,20.0,20.0,0.0,0.0,20.0,29.0,3.3000000000000007,28.533333333333335,8.077,0.20199999999999996,8.193000000000001
2020,8/8,N84-中,83,3212,30.6,STR12,77.39,1,7.739,4.0,0.0,0.0,0.0,0.0,8.0,0.0,0.0,0.0,12.0,0.0,0.0,0.0,20.0,20.0,0.0,0.0,20.0,55.0,0.6000000000000014,29.100000000000005,8.144,0.06700000000000017,8.193000000000001
2020,7/24-8/11,N84,84,3233,30.8,STR12,81.15,1,8.115,4.0,0.0,0.0,0.0,0.0,8.0,0.0,0.0,0.0,12.0,0.0,0.0,0.0,20.0,20.0,0.0,0.0,20.0,21.0,0.1999999999999993,30.46666666666667,7.739,-0.40500000000000025,8.193000000000001
2020,8/21,N85-中,85,3275,25.8,STR12,77.35,1,7.734999999999999,4.0,0.0,0.0,0.0,0.0,8.0,0.0,0.0,0.0,12.0,0.0,0.0,0.0,20.0,20.0,0.0,0.0,20.0,42.0,-5.0,29.066666666666666,8.115,0.37600000000000033,8.193000000000001
2020,8/15-8/25,N85,86,3308,26.9,STR12,78.39,1,7.839,4.0,0.0,0.0,0.0,0.0,8.0,0.0,0.0,0.0,12.0,0.0,0.0,0.0,20.0,20.0,0.0,0.0,20.0,33.0,1.0999999999999979,27.83333333333334,7.734999999999999,-0.3800000000000008,8.193000000000001
2020,9/2,N86-中,87,3344,27.3,STR12,78.4,1,7.840000000000001,4.0,0.0,0.0,0.0,0.0,8.0,0.0,0.0,0.0,12.0,0.0,0.0,0.0,20.0,20.0,0.0,0.0,20.0,36.0,0.40000000000000213,26.666666666666668,7.839,0.10400000000000098,8.193000000000001
2020,8/29-9/7,N86,88,3383,27.5,STR12,78.61,1,7.861,4.0,0.0,0.0,0.0,0.0,8.0,0.0,0.0,0.0,12.0,0.0,0.0,0.0,20.0,20.0,0.0,0.0,20.0,39.0,0.1999999999999993,27.233333333333338,7.840000000000001,0.001000000000000334,8.193000000000001
2020,9/20,N87-中,89,3432,23.8,STR12,79.36,1,7.936,4.0,0.0,0.0,0.0,0.0,8.0,0.0,0.0,0.0,12.0,0.0,0.0,0.0,20.0,20.0,0.0,0.0,20.0,49.0,-3.6999999999999993,26.200000000000003,7.861,0.02099999999999902,8.193000000000001
2020,9/14-9/23,N87,90,3458,23.7,STR12,78.14,1,7.814,4.0,0.0,0.0,0.0,0.0,8.0,0.0,0.0,0.0,12.0,0.0,0.0,0.0,20.0,20.0,0.0,0.0,20.0,26.0,-0.10000000000000142,25.0,7.936,0.07500000000000018,8.193000000000001
2020,10/12,N88-中,91,3495,18.4,STR12,75.94,1,7.593999999999999,4.0,0.0,0.0,0.0,0.0,8.0,0.0,0.0,0.0,12.0,0.0,0.0,0.0,20.0,20.0,0.0,0.0,20.0,37.0,-5.300000000000001,21.96666666666667,7.814,-0.12199999999999989,8.193000000000001
2020,9/28-10/17,N88,92,3533,17.7,STR12,77.64,1,7.764,4.0,0.0,0.0,0.0,0.0,8.0,0.0,0.0,0.0,12.0,0.0,0.0,0.0,20.0,20.0,0.0,0.0,20.0,38.0,-0.6999999999999993,19.933333333333337,7.593999999999999,-0.22000000000000064,8.193000000000001
2020,10/26,N89-中,93,3577,15.1,STR12,76.18,1,7.618,4.0,0.0,0.0,0.0,0.0,8.0,0.0,0.0,0.0,12.0,0.0,0.0,0.0,20.0,20.0,0.0,0.0,20.0,44.0,-2.5999999999999996,17.066666666666666,7.764,0.17000000000000082,8.193000000000001
2020,10/21-10/30,N89,94,3607,15.3,STR12,73.01,1,7.301,4.0,0.0,0.0,0.0,0.0,8.0,0.0,0.0,0.0,12.0,0.0,0.0,0.0,20.0,20.0,0.0,0.0,20.0,30.0,0.20000000000000107,16.033333333333335,7.618,-0.1459999999999999,8.193000000000001
2020,11/13,N90-中,95,3658,13.4,STR12,77.8,1,7.779999999999999,4.0,0.0,0.0,0.0,0.0,8.0,0.0,0.0,0.0,12.0,0.0,0.0,0.0,20.0,20.0,0.0,0.0,20.0,51.0,-1.9000000000000004,14.600000000000003,7.301,-0.31700000000000017,8.193000000000001
2020,11/8-11/19,N90,96,3714,12.2,STR12,78.0,1,7.8,4.0,0.0,0.0,0.0,0.0,8.0,0.0,0.0,0.0,12.0,0.0,0.0,0.0,20.0,20.0,0.0,0.0,20.0,56.0,-1.200000000000001,13.633333333333335,7.779999999999999,0.4789999999999992,8.193000000000001
2020,11/29,N91-中,97,3768,3.5,STR12,75.3,1,7.529999999999999,4.0,0.0,0.0,0.0,0.0,8.0,0.0,0.0,0.0,12.0,0.0,0.0,0.0,20.0,20.0,0.0,0.0,20.0,54.0,-8.7,9.700000000000003,7.8,0.020000000000000462,8.193000000000001
2020,11/24-12/5,N91,98,3822,2.3,STR12,76.1,1,7.609999999999999,4.0,0.0,0.0,0.0,0.0,8.0,0.0,0.0,0.0,12.0,0.0,0.0,0.0,20.0,20.0,0.0,0.0,20.0,54.0,-1.2000000000000002,6.000000000000003,7.529999999999999,-0.27000000000000046,8.193000000000001
2020,12/25,N92-中,99,3875,-0.4,STR12,77.8,1,7.779999999999999,4.0,0.0,0.0,0.0,0.0,8.0,0.0,0.0,0.0,12.0,0.0,0.0,0.0,20.0,20.0,0.0,0.0,20.0,53.0,-2.6999999999999997,1.8000000000000023,7.609999999999999,0.08000000000000007,8.193000000000001
2020,12/10-12/22,N92,100,3929,-0.2,STR12,78.07,1,7.8069999999999995,4.0,0.0,0.0,0.0,0.0,8.0,0.0,0.0,0.0,12.0,0.0,0.0,0.0,20.0,20.0,0.0,0.0,20.0,54.0,0.2,0.566666666666669,7.779999999999999,0.16999999999999993,8.193000000000001
2020,12/31,N93-中,101,3980,-3.0,STR12,71.95,1,7.195,4.0,0.0,0.0,0.0,0.0,8.0,0.0,0.0,0.0,12.0,0.0,0.0,0.0,20.0,20.0,0.0,0.0,20.0,51.0,-2.8,-1.1999999999999977,7.8069999999999995,0.027000000000000135,8.193000000000001
2020,12/26-1/6,N93,102,4037,-3.8,STR12,76.06,1,7.606,4.0,0.0,0.0,0.0,0.0,8.0,0.0,0.0,0.0,12.0,0.0,0.0,0.0,20.0,20.0,0.0,0.0,20.0,57.0,-0.7999999999999998,-2.333333333333331,7.195,-0.6119999999999992,8.193000000000001
2021,1/15,N94-中,103,4090,1.4,STR12,76.6,1,7.659999999999999,4.0,0.0,0.0,0.0,0.0,8.0,0.0,0.0,0.0,12.0,0.0,0.0,0.0,20.0,20.0,0.0,0.0,20.0,53.0,5.199999999999999,-1.7999999999999978,7.606,0.4109999999999996,8.193000000000001
2021,1/10-1/21,N94,104,4144,0.2,STR12,78.37,1,7.837000000000001,4.0,0.0,0.0,0.0,0.0,8.0,0.0,0.0,0.0,12.0,0.0,0.0,0.0,20.0,20.0,0.0,0.0,20.0,54.0,-1.2,-0.7333333333333308,7.659999999999999,0.05399999999999938,8.193000000000001
2021,3/24,N95-中,105,4204,11.9,STR12,74.25,1,7.425,4.0,0.0,0.0,0.0,0.0,8.0,0.0,0.0,0.0,12.0,0.0,0.0,0.0,20.0,20.0,0.0,0.0,20.0,60.0,11.700000000000001,4.500000000000003,7.837000000000001,0.17700000000000138,8.193000000000001
2021,3/18-3/29,N95,106,4252,14.2,STR12,78.18,1,7.8180000000000005,4.0,0.0,0.0,0.0,0.0,8.0,0.0,0.0,0.0,12.0,0.0,0.0,0.0,20.0,20.0,0.0,0.0,20.0,48.0,2.299999999999999,8.766666666666667,7.425,-0.4120000000000008,8.193000000000001
2021,4/7,N96-中,107,4307,16.9,STR12,80.3,1,8.03,4.0,0.0,0.0,0.0,0.0,8.0,0.0,0.0,0.0,12.0,0.0,0.0,0.0,20.0,20.0,0.0,0.0,20.0,55.0,2.6999999999999993,14.333333333333334,7.8180000000000005,0.3930000000000007,8.193000000000001
2021,4/2-4/12,N96,108,4358,16.8,STR12,80.85,1,8.084999999999999,4.0,0.0,0.0,0.0,0.0,8.0,0.0,0.0,0.0,12.0,0.0,0.0,0.0,20.0,20.0,0.0,0.0,20.0,51.0,-0.09999999999999787,15.966666666666669,8.03,0.21199999999999886,8.193000000000001
2021,4/21,N97-中,109,4415,20.2,STR12,80.99,1,8.099,4.0,0.0,0.0,0.0,0.0,8.0,0.0,0.0,0.0,12.0,0.0,0.0,0.0,20.0,20.0,0.0,0.0,20.0,57.0,3.3999999999999986,17.96666666666667,8.084999999999999,0.054999999999999716,8.193000000000001
2021,4/16-4/26,N97,110,4466,19.2,STR12,81.3,1,8.129999999999999,4.0,0.0,0.0,0.0,0.0,8.0,0.0,0.0,0.0,12.0,0.0,0.0,0.0,20.0,20.0,0.0,0.0,20.0,51.0,-1.0,18.733333333333334,8.099,0.014000000000001123,8.193000000000001
2021,5/4,N98-中,111,4524,17.7,STR12,82.46,1,8.245999999999999,4.0,0.0,0.0,0.0,0.0,8.0,0.0,0.0,0.0,12.0,0.0,0.0,0.0,20.0,20.0,0.0,0.0,20.0,58.0,-1.5,19.033333333333335,8.129999999999999,0.030999999999998806,8.193000000000001
2021,4/29-5/9,N98,112,4573,20.8,STR12,81.83,1,8.183,4.0,0.0,0.0,0.0,0.0,8.0,0.0,0.0,0.0,12.0,0.0,0.0,0.0,20.0,20.0,0.0,0.0,20.0,49.0,3.1000000000000014,19.233333333333334,8.245999999999999,0.11599999999999966,8.245999999999999
2021,5/19,N99-中,113,4612,23.8,STR12,84.91,1,8.491,4.0,0.0,0.0,0.0,0.0,8.0,0.0,0.0,0.0,12.0,0.0,0.0,0.0,20.0,20.0,0.0,0.0,20.0,39.0,3.0,20.766666666666666,8.183,-0.06299999999999883,8.245999999999999
2021,5/14-5/24,N99,114,4650,25.1,STR12,84.0,1,8.4,4.0,0.0,0.0,0.0,0.0,8.0,0.0,0.0,0.0,12.0,0.0,0.0,0.0,20.0,20.0,0.0,0.0,20.0,38.0,1.3000000000000007,23.233333333333334,8.491,0.30799999999999983,8.491
2021,6/2,N100-中,115,4692,23.6,STR12,84.75,1,8.475,4.0,0.0,0.0,0.0,0.0,8.0,0.0,0.0,0.0,12.0,0.0,0.0,0.0,20.0,20.0,0.0,0.0,20.0,42.0,-1.5,24.16666666666667,8.4,-0.0909999999999993,8.491
2021,5/28-6/7,N100,116,4727,25.8,STR12,87.68,1,8.768,4.0,0.0,0.0,0.0,0.0,8.0,0.0,0.0,0.0,12.0,0.0,0.0,0.0,20.0,20.0,0.0,0.0,20.0,35.0,2.1999999999999993,24.833333333333332,8.475,0.07499999999999929,8.491
2021,6/16,N101-中,117,4768,30.1,STR12,85.75,1,8.575,4.0,0.0,0.0,0.0,0.0,8.0,0.0,0.0,0.0,12.0,0.0,0.0,0.0,20.0,20.0,0.0,0.0,20.0,41.0,4.300000000000001,26.5,8.768,0.29300000000000104,8.768
2021,6/11-6/20,N101,118,4805,30.2,STR12,89.35,1,8.934999999999999,4.0,0.0,0.0,0.0,0.0,8.0,0.0,0.0,0.0,12.0,0.0,0.0,0.0,20.0,20.0,0.0,0.0,20.0,37.0,0.09999999999999787,28.700000000000003,8.575,-0.1930000000000014,8.768
2021,6/30,N102-中,119,4843,27.2,STR12,91.48,1,9.148,4.0,0.0,0.0,0.0,0.0,8.0,0.0,0.0,0.0,12.0,0.0,0.0,0.0,20.0,20.0,0.0,0.0,20.0,38.0,-3.0,29.166666666666668,8.934999999999999,0.35999999999999943,8.934999999999999
2021,6/25-7/6,N102,120,4882,27.5,STR12,91.31,1,9.131,4.0,0.0,0.0,0.0,0.0,8.0,0.0,0.0,0.0,12.0,0.0,0.0,0.0,20.0,20.0,0.0,0.0,20.0,39.0,0.3000000000000007,28.3,9.148,0.21300000000000097,9.148
2021,7/14,N103-中,121,4922,29.1,STR12,91.69,1,9.169,4.0,0.0,0.0,0.0,0.0,8.0,0.0,0.0,0.0,12.0,0.0,0.0,0.0,20.0,20.0,0.0,0.0,20.0,40.0,1.6000000000000014,27.933333333333337,9.131,-0.01699999999999946,9.148
2021,7/9-7/19,N103,122,4960,29.0,STR12,90.01,1,9.001000000000001,4.0,0.0,0.0,0.0,0.0,8.0,0.0,0.0,0.0,12.0,0.0,0.0,0.0,20.0,20.0,0.0,0.0,20.0,38.0,-0.10000000000000142,28.53333333333333,9.169,0.038000000000000256,9.169
2021,7/28,N104-中,123,4999,31.2,STR12,88.9,1,8.89,4.0,0.0,0.0,0.0,0.0,8.0,0.0,0.0,0.0,12.0,0.0,0.0,0.0,20.0,20.0,0.0,0.0,20.0,39.0,2.1999999999999993,29.766666666666666,9.001000000000001,-0.16799999999999926,9.169
2021,7/23-8/1,N104,124,5037,29.9,STR12,91.74,1,9.174,4.0,0.0,0.0,0.0,0.0,8.0,0.0,0.0,0.0,12.0,0.0,0.0,0.0,20.0,20.0,0.0,0.0,20.0,38.0,-1.3000000000000007,30.033333333333335,8.89,-0.11100000000000065,9.169
2021,8/10,N105-中,125,5077,30.5,STR12,93.79,1,9.379000000000001,4.0,0.0,0.0,0.0,0.0,8.0,0.0,0.0,0.0,12.0,0.0,0.0,0.0,20.0,20.0,0.0,0.0,20.0,40.0,0.6000000000000014,30.533333333333335,9.174,0.2839999999999989,9.174
2021,8/6-8/15,N105,126,5115,29.2,STR12,90.83,1,9.083,4.0,0.0,0.0,0.0,0.0,8.0,0.0,0.0,0.0,12.0,0.0,0.0,0.0,20.0,20.0,0.0,0.0,20.0,38.0,-1.3000000000000007,29.866666666666664,9.379000000000001,0.20500000000000185,9.379000000000001
2021,8/25,N106-中,127,5151,28.1,STR12,93.88,1,9.388,4.0,0.0,0.0,0.0,0.0,8.0,0.0,0.0,0.0,12.0,0.0,0.0,0.0,20.0,20.0,0.0,0.0,20.0,36.0,-1.0999999999999979,29.26666666666667,9.083,-0.29600000000000115,9.379000000000001
2021,8/20-8/29,N106,128,5193,27.5,STR12,93.3,1,9.33,4.0,0.0,0.0,0.0,0.0,8.0,0.0,0.0,0.0,12.0,0.0,0.0,0.0,20.0,20.0,0.0,0.0,20.0,42.0,-0.6000000000000014,28.26666666666667,9.388,0.3049999999999997,9.388
2021,9/8,N107-中,129,5237,24.1,STR12,93.85,1,9.385,4.0,0.0,0.0,0.0,0.0,8.0,0.0,0.0,0.0,12.0,0.0,0.0,0.0,20.0,20.0,0.0,0.0,20.0,44.0,-3.3999999999999986,26.566666666666666,9.33,-0.05799999999999983,9.388
2021,9/03-9/13,N107,130,5271,25.2,STR12,89.94,1,8.994,4.0,0.0,0.0,0.0,0.0,8.0,0.0,0.0,0.0,12.0,0.0,0.0,0.0,20.0,20.0,0.0,0.0,20.0,34.0,1.0999999999999979,25.600000000000005,9.385,0.054999999999999716,9.388
2021,9/22,N108-中,131,5314,22.2,STR12,94.49,1,9.449,4.0,0.0,0.0,0.0,0.0,8.0,0.0,0.0,0.0,12.0,0.0,0.0,0.0,20.0,20.0,0.0,0.0,20.0,43.0,-3.0,23.833333333333332,8.994,-0.391,9.388
2021,9/17-9/26,N108,132,5349,22.5,STR12,91.79,1,9.179,4.0,0.0,0.0,0.0,0.0,8.0,0.0,0.0,0.0,12.0,0.0,0.0,0.0,20.0,20.0,0.0,0.0,20.0,35.0,0.3000000000000007,23.3,9.449,0.45500000000000007,9.449
2021,10/13,N109-中,133,5387,16.3,STR12,90.79,1,9.079,4.0,0.0,0.0,0.0,0.0,8.0,0.0,0.0,0.0,12.0,0.0,0.0,0.0,20.0,20.0,0.0,0.0,20.0,38.0,-6.199999999999999,20.333333333333332,9.179,-0.2699999999999996,9.449
2021,10/8-10/18,N109,134,5427,15.6,STR12,88.23,1,8.823,4.0,0.0,0.0,0.0,0.0,8.0,0.0,0.0,0.0,12.0,0.0,0.0,0.0,20.0,20.0,0.0,0.0,20.0,40.0,-0.7000000000000011,18.133333333333333,9.079,-0.09999999999999964,9.449
2021,10/27,N110-中,135,5469,15.5,STR12,90.11,1,9.011,4.0,0.0,0.0,0.0,0.0,8.0,0.0,0.0,0.0,12.0,0.0,0.0,0.0,20.0,20.0,0.0,0.0,20.0,42.0,-0.09999999999999964,15.800000000000002,8.823,-0.2560000000000002,9.449
2021,10/22-11/1,N110,136,5504,15.5,STR12,88.49,1,8.849,4.0,0.0,0.0,0.0,0.0,8.0,0.0,0.0,0.0,12.0,0.0,0.0,0.0,20.0,20.0,0.0,0.0,20.0,35.0,0.0,15.533333333333333,9.011,0.18799999999999883,9.449
2021,11/11,N111-中,137,5556,7.7,STR12,86.68,1,8.668000000000001,4.0,0.0,0.0,0.0,0.0,8.0,0.0,0.0,0.0,12.0,0.0,0.0,0.0,20.0,20.0,0.0,0.0,20.0,52.0,-7.8,12.9,8.849,-0.16199999999999903,9.449
2021,11/05-11/17,N111,138,5612,9.3,STR12,87.79,1,8.779,4.0,0.0,0.0,0.0,0.0,8.0,0.0,0.0,0.0,12.0,0.0,0.0,0.0,20.0,20.0,0.0,0.0,20.0,56.0,1.6000000000000005,10.833333333333334,8.668000000000001,-0.18099999999999916,9.449
2021,11/25,N112-中,139,5669,5.5,STR12,87.7,1,8.77,4.0,0.0,0.0,0.0,0.0,8.0,0.0,0.0,0.0,12.0,0.0,0.0,0.0,20.0,20.0,0.0,0.0,20.0,57.0,-3.8000000000000007,7.500000000000001,8.779,0.11099999999999888,9.449
2021,11/20-11/30,N112,140,5720,6.4,STR12,87.17,1,8.717,4.0,0.0,0.0,0.0,0.0,8.0,0.0,0.0,0.0,12.0,0.0,0.0,0.0,20.0,20.0,0.0,0.0,20.0,51.0,0.9000000000000004,7.066666666666667,8.77,-0.009000000000000341,9.449
2021,12/9,N113-中,141,5778,7.2,STR12,86.44,1,8.644,4.0,0.0,0.0,0.0,0.0,8.0,0.0,0.0,0.0,12.0,0.0,0.0,0.0,20.0,20.0,0.0,0.0,20.0,58.0,0.7999999999999998,6.366666666666668,8.717,-0.05299999999999905,9.449
2021,12/4-12/14,N113,142,5828,5.4,STR12,86.25,1,8.625,4.0,0.0,0.0,0.0,0.0,8.0,0.0,0.0,0.0,12.0,0.0,0.0,0.0,20.0,20.0,0.0,0.0,20.0,50.0,-1.7999999999999998,6.333333333333335,8.644,-0.0730000000000004,9.449
2021,12/23,N114-中,143,5889,3.1,STR12,87.94,1,8.794,4.0,0.0,0.0,0.0,0.0,8.0,0.0,0.0,0.0,12.0,0.0,0.0,0.0,20.0,20.0,0.0,0.0,20.0,61.0,-2.3000000000000003,5.233333333333335,8.625,-0.019000000000000128,9.449
2021,12/17-12/28,N114,144,5936,0.2,STR12,84.51,1,8.451,4.0,0.0,0.0,0.0,0.0,8.0,0.0,0.0,0.0,12.0,0.0,0.0,0.0,20.0,20.0,0.0,0.0,20.0,47.0,-2.9,2.900000000000001,8.794,0.16900000000000048,9.449
2021,1/8,N115-中,145,5992,1.1,STR12,88.13,1,8.812999999999999,4.0,0.0,0.0,0.0,0.0,8.0,0.0,0.0,0.0,12.0,0.0,0.0,0.0,20.0,20.0,0.0,0.0,20.0,56.0,0.9000000000000001,1.466666666666668,8.451,-0.34299999999999997,9.449
2021,1/3-1/13,N115,146,6044,0.8,STR12,89.61,1,8.961,4.0,0.0,0.0,0.0,0.0,8.0,0.0,0.0,0.0,12.0,0.0,0.0,0.0,20.0,20.0,0.0,0.0,20.0,52.0,-0.30000000000000004,0.7000000000000012,8.812999999999999,0.3619999999999983,9.449
2016,11/30-12/10,N1,0,3,3.8,STR13,17.99,1,1.799,4.0,0.0,0.0,0.0,0.0,8.0,0.0,0.0,0.0,12.0,0.0,0.0,40.0,0.0,20.0,0.0,0.0,0.0,0.0,0.0,3.8,,,
2016,12/13-12/24,N2,1,10,1.2,STR13,16.83,1,1.6829999999999998,4.0,0.0,0.0,0.0,0.0,8.0,0.0,0.0,0.0,12.0,0.0,0.0,40.0,0.0,20.0,0.0,0.0,0.0,7.0,-2.5999999999999996,2.5,1.799,,1.799
2016,12/27-1/9,N3,2,30,0.9,STR13,17.01,1,1.701,4.0,0.0,0.0,0.0,0.0,8.0,0.0,0.0,0.0,12.0,0.0,0.0,40.0,0.0,20.0,0.0,0.0,0.0,20.0,-0.29999999999999993,1.9666666666666666,1.6829999999999998,-0.1160000000000001,1.799
2017,1/12-2/23,N4,3,48,3.6,STR13,17.67,1,1.7670000000000001,4.0,0.0,0.0,0.0,0.0,8.0,0.0,0.0,0.0,12.0,0.0,0.0,40.0,0.0,20.0,0.0,0.0,0.0,18.0,2.7,1.9000000000000001,1.701,0.018000000000000238,1.799
2017,2/26-3/10,N5,4,67,11.4,STR13,,0,,4.0,0.0,0.0,0.0,0.0,8.0,0.0,0.0,0.0,12.0,0.0,0.0,40.0,0.0,20.0,0.0,0.0,0.0,19.0,7.800000000000001,5.3,1.7670000000000001,0.06600000000000006,1.799
2017,3/13-3/23,N6,5,85,13.9,STR13,18.68,1,1.8679999999999999,4.0,0.0,0.0,0.0,0.0,8.0,0.0,0.0,0.0,12.0,0.0,0.0,40.0,0.0,20.0,0.0,0.0,0.0,18.0,2.5,9.633333333333333,1.7670000000000001,0.06600000000000006,1.799
2017,3/26-4/6,N7,6,104,19.1,STR13,19.27,1,1.927,4.0,0.0,0.0,0.0,0.0,8.0,0.0,0.0,0.0,12.0,0.0,0.0,40.0,0.0,20.0,0.0,0.0,0.0,19.0,5.200000000000001,14.799999999999999,1.8679999999999999,0.10099999999999976,1.8679999999999999
2017,4/9-4/13,N8,7,108,21.1,STR13,20.5,1,2.05,4.0,0.0,0.0,0.0,0.0,8.0,0.0,0.0,0.0,12.0,0.0,0.0,40.0,0.0,20.0,0.0,0.0,0.0,4.0,2.0,18.033333333333335,1.927,0.05900000000000016,1.927
2017,4/17-4-21,N9,8,109,21.7,STR13,20.83,1,2.0829999999999997,4.0,0.0,0.0,0.0,0.0,8.0,0.0,0.0,0.0,12.0,0.0,0.0,40.0,0.0,20.0,0.0,0.0,0.0,1.0,0.5999999999999979,20.633333333333336,2.05,0.12299999999999978,2.05
2017,4/24-5/4,N10,9,129,27.0,STR13,23.79,1,2.379,4.0,0.0,0.0,0.0,0.0,8.0,0.0,0.0,0.0,12.0,0.0,0.0,40.0,0.0,20.0,0.0,0.0,0.0,20.0,5.300000000000001,23.266666666666666,2.0829999999999997,0.03299999999999992,2.0829999999999997
2017,5/7-5-17,N11,10,149,30.1,STR13,27.87,1,2.787,4.0,0.0,0.0,0.0,0.0,8.0,0.0,0.0,0.0,12.0,0.0,0.0,40.0,0.0,20.0,0.0,0.0,0.0,20.0,3.1000000000000014,26.266666666666666,2.379,0.29600000000000026,2.379
2017,5/20-5/30,N12,11,168,30.2,STR13,34.77,1,3.4770000000000003,4.0,0.0,0.0,0.0,0.0,8.0,0.0,0.0,0.0,12.0,0.0,0.0,40.0,0.0,20.0,0.0,0.0,0.0,19.0,0.09999999999999787,29.099999999999998,2.787,0.4079999999999999,2.787
2017,6/2-6/12,N13,12,188,29.6,STR13,33.2,1,3.3200000000000003,4.0,0.0,0.0,0.0,0.0,8.0,0.0,0.0,0.0,12.0,0.0,0.0,40.0,0.0,20.0,0.0,0.0,0.0,20.0,-0.5999999999999979,29.96666666666667,3.4770000000000003,0.6900000000000004,3.4770000000000003
2017,6/16-6/26,N14,13,206,30.1,STR13,37.84,1,3.7840000000000003,4.0,0.0,0.0,0.0,0.0,8.0,0.0,0.0,0.0,12.0,0.0,0.0,40.0,0.0,20.0,0.0,0.0,0.0,18.0,0.5,29.96666666666667,3.3200000000000003,-0.15700000000000003,3.4770000000000003
2017,6/29-7/10,N15,14,224,28.6,STR13,37.82,1,3.782,4.0,0.0,0.0,0.0,0.0,8.0,0.0,0.0,0.0,12.0,0.0,0.0,40.0,0.0,20.0,0.0,0.0,0.0,18.0,-1.5,29.433333333333337,3.7840000000000003,0.46399999999999997,3.7840000000000003
2017,7/13-7/23,N16-17,15,230,31.4,STR13,39.96,1,3.996,4.0,0.0,0.0,0.0,0.0,8.0,0.0,0.0,0.0,12.0,0.0,0.0,40.0,0.0,20.0,0.0,0.0,0.0,6.0,2.799999999999997,30.03333333333333,3.782,-0.002000000000000224,3.7840000000000003
2017,7/27-8/7,N18,16,250,32.1,STR13,46.71,1,4.671,4.0,0.0,0.0,0.0,0.0,8.0,0.0,0.0,0.0,12.0,0.0,0.0,40.0,0.0,20.0,0.0,0.0,0.0,20.0,0.7000000000000028,30.7,3.996,0.21399999999999997,3.996
2017,8/10-8/21,N19,17,268,28.6,STR13,40.73,1,4.0729999999999995,4.0,0.0,0.0,0.0,0.0,8.0,0.0,0.0,0.0,12.0,0.0,0.0,40.0,0.0,20.0,0.0,0.0,0.0,18.0,-3.5,30.7,4.671,0.6750000000000003,4.671
2017,8/25-9/4,N20,18,286,26.3,STR13,50.93,1,5.093,4.0,0.0,0.0,0.0,0.0,8.0,0.0,0.0,0.0,12.0,0.0,0.0,40.0,0.0,20.0,0.0,0.0,0.0,18.0,-2.3000000000000007,29.0,4.0729999999999995,-0.5980000000000008,4.671
2017,9/8-9/18,N21,19,305,28.2,STR13,51.63,1,5.163,4.0,0.0,0.0,0.0,0.0,8.0,0.0,0.0,0.0,12.0,0.0,0.0,40.0,0.0,20.0,0.0,0.0,0.0,19.0,1.8999999999999986,27.7,5.093,1.0200000000000005,5.093
2017,9/21-10/9,N22,20,323,22.9,STR13,40.0,1,4.0,4.0,0.0,0.0,0.0,0.0,8.0,0.0,0.0,0.0,12.0,0.0,0.0,40.0,0.0,20.0,0.0,0.0,0.0,18.0,-5.300000000000001,25.8,5.163,0.07000000000000028,5.163
2017,10/13-10/25,N23,21,346,14.9,STR13,48.69,1,4.869,4.0,0.0,0.0,0.0,0.0,8.0,0.0,0.0,0.0,12.0,0.0,0.0,40.0,0.0,20.0,0.0,0.0,0.0,23.0,-7.999999999999998,22.0,4.0,-1.1630000000000003,5.163
2017,11/1-11/12,N24-25,22,352,11.1,STR13,60.71,1,6.071,4.0,0.0,0.0,0.0,0.0,8.0,0.0,0.0,0.0,12.0,0.0,0.0,40.0,0.0,20.0,0.0,0.0,0.0,6.0,-3.8000000000000007,16.3,4.869,0.8689999999999998,5.163
2017,11/15-11/26,N26,23,371,3.8,STR13,58.74,1,5.8740000000000006,4.0,0.0,0.0,0.0,0.0,8.0,0.0,0.0,0.0,12.0,0.0,0.0,40.0,0.0,20.0,0.0,0.0,0.0,19.0,-7.3,9.933333333333334,6.071,1.202,6.071
2017,12/9-12/21,N27,24,391,0.0,STR13,51.37,1,5.137,4.0,0.0,0.0,0.0,0.0,8.0,0.0,0.0,0.0,12.0,0.0,0.0,40.0,0.0,20.0,0.0,0.0,0.0,20.0,-3.8,4.966666666666666,5.8740000000000006,-0.19699999999999918,6.071
2017,12/23-1/3,N28,25,410,0.2,STR13,52.97,1,5.297,4.0,0.0,0.0,0.0,0.0,8.0,0.0,0.0,0.0,12.0,0.0,0.0,40.0,0.0,20.0,0.0,0.0,0.0,19.0,0.2,1.3333333333333333,5.137,-0.737000000000001,6.071
2018,1/7-1/18,N29-30,26,415,-1.0,STR13,52.04,1,5.204,4.0,0.0,0.0,0.0,0.0,8.0,0.0,0.0,0.0,12.0,0.0,0.0,40.0,0.0,20.0,0.0,0.0,0.0,5.0,-1.2,-0.26666666666666666,5.297,0.16000000000000014,6.071
2018,1/20-1/30,N31,27,434,-2.2,STR13,50.24,1,5.024,4.0,0.0,0.0,0.0,0.0,8.0,0.0,0.0,0.0,12.0,0.0,0.0,40.0,0.0,20.0,0.0,0.0,0.0,19.0,-1.2000000000000002,-1.0,5.204,-0.09299999999999997,6.071
2018,3/9-3/21,N32,28,454,8.3,STR13,50.08,1,5.008,4.0,0.0,0.0,0.0,0.0,8.0,0.0,0.0,0.0,12.0,0.0,0.0,40.0,0.0,20.0,0.0,0.0,0.0,20.0,10.5,1.7000000000000002,5.024,-0.17999999999999972,6.071
2018,3/25-4/7,N33,29,473,15.7,STR13,43.07,1,4.307,4.0,0.0,0.0,0.0,0.0,8.0,0.0,0.0,0.0,12.0,0.0,0.0,40.0,0.0,20.0,0.0,0.0,0.0,19.0,7.399999999999999,7.266666666666667,5.008,-0.016000000000000014,6.071
2018,4/10-4/21,N34,30,492,19.4,STR13,50.55,1,5.055,4.0,0.0,0.0,0.0,0.0,8.0,0.0,0.0,0.0,12.0,0.0,0.0,40.0,0.0,20.0,0.0,0.0,0.0,19.0,3.6999999999999993,14.466666666666667,4.307,-0.7009999999999996,6.071
2018,4/26-5/7,N35-36,31,498,23.7,STR13,51.13,1,5.113,4.0,0.0,0.0,0.0,0.0,8.0,0.0,0.0,0.0,12.0,0.0,0.0,40.0,0.0,20.0,0.0,0.0,0.0,6.0,4.300000000000001,19.599999999999998,5.055,0.7479999999999993,6.071
2018,5/10-5/21,N37,32,517,24.1,STR13,49.67,1,4.9670000000000005,4.0,0.0,0.0,0.0,0.0,8.0,0.0,0.0,0.0,12.0,0.0,0.0,40.0,0.0,20.0,0.0,0.0,0.0,19.0,0.40000000000000213,22.400000000000002,5.113,0.05800000000000072,6.071
2018,5/24-6/4,N38,33,536,29.7,STR13,,0,,4.0,0.0,0.0,0.0,0.0,8.0,0.0,0.0,0.0,12.0,0.0,0.0,40.0,0.0,20.0,0.0,0.0,0.0,19.0,5.599999999999998,25.833333333333332,4.9670000000000005,-0.1459999999999999,6.071
2018,6/7-6/19,N39,34,556,26.6,STR13,49.85,1,4.985,4.0,0.0,0.0,0.0,0.0,8.0,0.0,0.0,0.0,12.0,0.0,0.0,40.0,0.0,20.0,0.0,0.0,0.0,20.0,-3.099999999999998,26.8,4.9670000000000005,-0.1459999999999999,6.071
2018,6/22-7/2,N40,35,574,32.8,STR13,44.56,1,4.456,4.0,0.0,0.0,0.0,0.0,8.0,0.0,0.0,0.0,12.0,0.0,0.0,40.0,0.0,20.0,0.0,0.0,0.0,18.0,6.199999999999996,29.7,4.985,0.017999999999999794,6.071
2018,7/5-7/17,N41,36,593,28.3,STR13,52.38,1,5.238,4.0,0.0,0.0,0.0,0.0,8.0,0.0,0.0,0.0,12.0,0.0,0.0,40.0,0.0,20.0,0.0,0.0,0.0,19.0,-4.4999999999999964,29.233333333333334,4.456,-0.5289999999999999,6.071
2018,7/22-7/31,N42,37,612,32.7,STR13,55.84,1,5.5840000000000005,4.0,0.0,0.0,0.0,0.0,8.0,0.0,0.0,0.0,12.0,0.0,0.0,40.0,0.0,20.0,0.0,0.0,0.0,19.0,4.400000000000002,31.26666666666667,5.238,0.782,6.071
2018,8/3-8/14,N43-44,38,618,30.5,STR13,52.94,1,5.294,4.0,0.0,0.0,0.0,0.0,8.0,0.0,0.0,0.0,12.0,0.0,0.0,40.0,0.0,20.0,0.0,0.0,0.0,6.0,-2.200000000000003,30.5,5.5840000000000005,0.3460000000000001,6.071
2018,8/17-8/30,N45,39,636,29.6,STR13,54.15,1,5.415,4.0,0.0,0.0,0.0,0.0,8.0,0.0,0.0,0.0,12.0,0.0,0.0,40.0,0.0,20.0,0.0,0.0,0.0,18.0,-0.8999999999999986,30.933333333333337,5.294,-0.2900000000000009,6.071
2018,9/2-9/12,N46,40,655,26.9,STR13,55.95,1,5.595000000000001,4.0,0.0,0.0,0.0,0.0,8.0,0.0,0.0,0.0,12.0,0.0,0.0,40.0,0.0,20.0,0.0,0.0,0.0,19.0,-2.700000000000003,29.0,5.415,0.12100000000000044,6.071
2018,9/15-9/25,N47,41,675,22.8,STR13,54.49,1,5.449,4.0,0.0,0.0,0.0,0.0,8.0,0.0,0.0,0.0,12.0,0.0,0.0,40.0,0.0,20.0,0.0,0.0,0.0,20.0,-4.099999999999998,26.433333333333337,5.595000000000001,0.1800000000000006,6.071
2018,10/4-10/15,N48,42,694,17.4,STR13,52.14,1,5.214,4.0,0.0,0.0,0.0,0.0,8.0,0.0,0.0,0.0,12.0,0.0,0.0,40.0,0.0,20.0,0.0,0.0,0.0,19.0,-5.400000000000002,22.36666666666667,5.449,-0.1460000000000008,6.071
2018,10/17-10/28,N49,43,714,14.8,STR13,53.39,1,5.339,4.0,0.0,0.0,0.0,0.0,8.0,0.0,0.0,0.0,12.0,0.0,0.0,40.0,0.0,20.0,0.0,0.0,0.0,20.0,-2.599999999999998,18.333333333333336,5.214,-0.23499999999999943,6.071
2018,11/2-11/16,N50-51,44,719,9.8,STR13,53.04,1,5.304,4.0,0.0,0.0,0.0,0.0,8.0,0.0,0.0,0.0,12.0,0.0,0.0,40.0,0.0,20.0,0.0,0.0,0.0,5.0,-5.0,14.0,5.339,0.125,6.071
2018,11/20-12/1,N52,45,738,6.5,STR13,46.19,1,4.619,4.0,0.0,0.0,0.0,0.0,8.0,0.0,0.0,0.0,12.0,0.0,0.0,40.0,0.0,20.0,0.0,0.0,0.0,19.0,-3.3000000000000007,10.366666666666669,5.304,-0.03500000000000014,6.071
2018,12/4-12/17,N53,46,757,-1.1,STR13,50.02,1,5.002000000000001,4.0,0.0,0.0,0.0,0.0,8.0,0.0,0.0,0.0,12.0,0.0,0.0,40.0,0.0,20.0,0.0,0.0,0.0,19.0,-7.6,5.066666666666669,4.619,-0.6850000000000005,6.071
2018,12/30-2019/1/14,N54,47,834,-0.2,STR13,49.74,1,4.974,4.0,0.0,0.0,0.0,0.0,8.0,0.0,0.0,0.0,12.0,0.0,0.0,40.0,0.0,20.0,0.0,0.0,0.0,77.0,0.9000000000000001,1.7333333333333358,5.002000000000001,0.3830000000000009,6.071
2019,1/18-1/28,N55,48,912,4.0,STR13,50.8,1,5.08,4.0,0.0,0.0,0.0,0.0,8.0,0.0,0.0,0.0,12.0,0.0,0.0,40.0,0.0,20.0,0.0,0.0,0.0,78.0,4.2,0.9000000000000022,4.974,-0.02800000000000047,6.071
2019,3/1-3/20,N56,49,1013,14.2,STR13,50.14,1,5.014,4.0,0.0,0.0,0.0,0.0,8.0,0.0,0.0,0.0,12.0,0.0,0.0,40.0,0.0,20.0,0.0,0.0,0.0,101.0,10.2,6.000000000000003,5.08,0.10599999999999987,6.071
2019,3/24-4/4,N57,50,1114,14.5,STR13,47.34,1,4.734,4.0,0.0,0.0,0.0,0.0,8.0,0.0,0.0,0.0,12.0,0.0,0.0,40.0,0.0,20.0,0.0,0.0,0.0,101.0,0.3000000000000007,10.9,5.014,-0.06599999999999984,6.071
2019,4/10-4/20,N58,51,1215,18.9,STR13,53.57,1,5.357,4.0,0.0,0.0,0.0,0.0,8.0,0.0,0.0,0.0,12.0,0.0,0.0,40.0,0.0,20.0,0.0,0.0,0.0,101.0,4.399999999999999,15.866666666666669,4.734,-0.28000000000000025,6.071
2019,4/25-5/5,N59,52,1317,20.3,STR13,52.91,1,5.2909999999999995,4.0,0.0,0.0,0.0,0.0,8.0,0.0,0.0,0.0,12.0,0.0,0.0,40.0,0.0,20.0,0.0,0.0,0.0,102.0,1.4000000000000021,17.900000000000002,5.357,0.6230000000000002,6.071
2019,5/9-5/21,N60,53,1376,25.0,STR13,50.4,1,5.04,4.0,0.0,0.0,0.0,0.0,8.0,0.0,0.0,0.0,12.0,0.0,0.0,40.0,0.0,20.0,0.0,0.0,0.0,59.0,4.699999999999999,21.400000000000002,5.2909999999999995,-0.06600000000000072,6.071
2019,5/27-6/5,N61,54,1441,27.8,STR13,51.75,1,5.175,4.0,0.0,0.0,0.0,0.0,8.0,0.0,0.0,0.0,12.0,0.0,0.0,40.0,0.0,20.0,0.0,0.0,0.0,65.0,2.8000000000000007,24.36666666666667,5.04,-0.25099999999999945,6.071
2019,6/12-6/22,N62,55,1508,29.3,STR13,55.37,1,5.537,4.0,0.0,0.0,0.0,0.0,8.0,0.0,0.0,0.0,12.0,0.0,0.0,40.0,0.0,20.0,0.0,0.0,0.0,67.0,1.5,27.36666666666667,5.175,0.1349999999999998,6.071
2019,6/27-7/7,N63,56,1566,29.8,STR13,55.88,1,5.588,4.0,0.0,0.0,0.0,0.0,8.0,0.0,0.0,0.0,12.0,0.0,0.0,40.0,0.0,20.0,0.0,0.0,0.0,58.0,0.5,28.96666666666667,5.537,0.3620000000000001,6.071
2019,7/11-7/21,N64,57,1637,30.7,STR13,62.53,1,6.253,4.0,0.0,0.0,0.0,0.0,8.0,0.0,0.0,0.0,12.0,0.0,0.0,40.0,0.0,20.0,0.0,0.0,0.0,71.0,0.8999999999999986,29.933333333333337,5.588,0.051000000000000156,6.071
2019,7/25-8/4,N65,58,1706,31.2,STR13,63.48,1,6.348,4.0,0.0,0.0,0.0,0.0,8.0,0.0,0.0,0.0,12.0,0.0,0.0,40.0,0.0,20.0,0.0,0.0,0.0,69.0,0.5,30.566666666666666,6.253,0.665,6.253
2019,8/9-8/19,N66,59,1777,29.1,STR13,65.15,1,6.515000000000001,4.0,0.0,0.0,0.0,0.0,8.0,0.0,0.0,0.0,12.0,0.0,0.0,40.0,0.0,20.0,0.0,0.0,0.0,71.0,-2.099999999999998,30.33333333333334,6.348,0.09499999999999975,6.348
2019,8/24-9/5,N67,60,1847,29.4,STR13,62.9,1,6.29,4.0,0.0,0.0,0.0,0.0,8.0,0.0,0.0,0.0,12.0,0.0,0.0,40.0,0.0,20.0,0.0,0.0,0.0,70.0,0.29999999999999716,29.900000000000002,6.515000000000001,0.1670000000000007,6.515000000000001
2019,9/10-9/20,N68,61,1915,24.1,STR13,64.19,1,6.419,4.0,0.0,0.0,0.0,0.0,8.0,0.0,0.0,0.0,12.0,0.0,0.0,40.0,0.0,20.0,0.0,0.0,0.0,68.0,-5.299999999999997,27.533333333333335,6.29,-0.22500000000000053,6.515000000000001
2019,9/25-10/13,N69,62,1981,21.8,STR13,60.12,1,6.012,4.0,0.0,0.0,0.0,0.0,8.0,0.0,0.0,0.0,12.0,0.0,0.0,40.0,0.0,20.0,0.0,0.0,0.0,66.0,-2.3000000000000007,25.100000000000005,6.419,0.12899999999999956,6.515000000000001
2019,10/18-10/28,N70,63,2048,15.4,STR13,60.93,1,6.093,4.0,0.0,0.0,0.0,0.0,8.0,0.0,0.0,0.0,12.0,0.0,0.0,40.0,0.0,20.0,0.0,0.0,0.0,67.0,-6.4,20.433333333333334,6.012,-0.40700000000000003,6.515000000000001
2019,11/3-11/14,N71,64,2116,12.1,STR13,63.41,1,6.340999999999999,4.0,0.0,0.0,0.0,0.0,8.0,0.0,0.0,0.0,12.0,0.0,0.0,40.0,0.0,20.0,0.0,0.0,0.0,68.0,-3.3000000000000007,16.433333333333334,6.093,0.0810000000000004,6.515000000000001
2019,11/20-12/1,N72,65,2184,3.8,STR13,61.93,1,6.193,4.0,0.0,0.0,0.0,0.0,8.0,0.0,0.0,0.0,12.0,0.0,0.0,40.0,0.0,20.0,0.0,0.0,0.0,68.0,-8.3,10.433333333333335,6.340999999999999,0.24799999999999933,6.515000000000001
2019,12/5-12/21,N73,66,2290,0.8,STR13,63.25,1,6.325,4.0,0.0,0.0,0.0,0.0,8.0,0.0,0.0,0.0,12.0,0.0,0.0,40.0,0.0,20.0,0.0,0.0,0.0,106.0,-3.0,5.566666666666669,6.193,-0.1479999999999997,6.515000000000001
2019,12/26-1/5,N74,67,2396,0.1,STR13,62.55,1,6.255,4.0,0.0,0.0,0.0,0.0,8.0,0.0,0.0,0.0,12.0,0.0,0.0,40.0,0.0,20.0,0.0,0.0,0.0,106.0,-0.7000000000000001,1.566666666666669,6.325,0.13200000000000056,6.515000000000001
2020,3/19-3/31,N75,68,2501,14.9,STR13,65.38,1,6.537999999999999,4.0,0.0,0.0,0.0,0.0,8.0,0.0,0.0,0.0,12.0,0.0,0.0,40.0,0.0,20.0,0.0,0.0,0.0,105.0,14.8,5.266666666666669,6.255,-0.07000000000000028,6.515000000000001
2020,4/4-4/15,N76,69,2605,18.0,STR13,65.09,1,6.509,4.0,0.0,0.0,0.0,0.0,8.0,0.0,0.0,0.0,12.0,0.0,0.0,40.0,0.0,20.0,0.0,0.0,0.0,104.0,3.0999999999999996,11.000000000000002,6.537999999999999,0.2829999999999995,6.537999999999999
2020,4/19-4/28,N77,70,2708,18.3,STR13,68.72,1,6.872,4.0,0.0,0.0,0.0,0.0,8.0,0.0,0.0,0.0,12.0,0.0,0.0,40.0,0.0,20.0,0.0,0.0,0.0,103.0,0.3000000000000007,17.066666666666666,6.509,-0.028999999999999027,6.537999999999999
2020,5/7,N78-中,71,2757,23.2,STR13,64.25,1,6.425,4.0,0.0,0.0,0.0,0.0,8.0,0.0,0.0,0.0,12.0,0.0,0.0,40.0,0.0,20.0,0.0,0.0,0.0,49.0,4.899999999999999,19.833333333333336,6.872,0.36299999999999955,6.872
2020,5/1-5/10,N78,72,2783,18.6,STR13,68.4,1,6.840000000000001,4.0,0.0,0.0,0.0,0.0,8.0,0.0,0.0,0.0,12.0,0.0,0.0,40.0,0.0,20.0,0.0,0.0,0.0,26.0,-4.599999999999998,20.033333333333335,6.425,-0.44700000000000006,6.872
2020,5/19,N79-中,73,2824,22.1,STR13,70.56,1,7.056,4.0,0.0,0.0,0.0,0.0,8.0,0.0,0.0,0.0,12.0,0.0,0.0,40.0,0.0,20.0,0.0,0.0,0.0,41.0,3.5,21.300000000000004,6.840000000000001,0.4150000000000009,6.872
2020,5/14-5/23,N79,74,2857,24.5,STR13,68.12,1,6.812,4.0,0.0,0.0,0.0,0.0,8.0,0.0,0.0,0.0,12.0,0.0,0.0,40.0,0.0,20.0,0.0,0.0,0.0,33.0,2.3999999999999986,21.733333333333338,7.056,0.2159999999999993,7.056
2020,6/2,N80-中,75,2900,27.0,STR13,71.86,1,7.186,4.0,0.0,0.0,0.0,0.0,8.0,0.0,0.0,0.0,12.0,0.0,0.0,40.0,0.0,20.0,0.0,0.0,0.0,43.0,2.5,24.533333333333335,6.812,-0.24399999999999977,7.056
2020,5/27-6/6,N80,76,2931,29.7,STR13,71.81,1,7.181,4.0,0.0,0.0,0.0,0.0,8.0,0.0,0.0,0.0,12.0,0.0,0.0,40.0,0.0,20.0,0.0,0.0,0.0,31.0,2.6999999999999993,27.066666666666666,7.186,0.37399999999999967,7.186
2020,6/17,N81-中,77,2987,31.7,STR13,68.57,1,6.856999999999999,4.0,0.0,0.0,0.0,0.0,8.0,0.0,0.0,0.0,12.0,0.0,0.0,40.0,0.0,20.0,0.0,0.0,0.0,56.0,2.0,29.46666666666667,7.181,-0.004999999999999893,7.186
2020,6/10-6/19,N81,78,3006,29.0,STR13,70.09,1,7.009,4.0,0.0,0.0,0.0,0.0,8.0,0.0,0.0,0.0,12.0,0.0,0.0,40.0,0.0,20.0,0.0,0.0,0.0,19.0,-2.6999999999999993,30.133333333333336,6.856999999999999,-0.32400000000000073,7.186
2020,6/29,N82-中,79,3040,28.5,STR13,69.09,1,6.909000000000001,4.0,0.0,0.0,0.0,0.0,8.0,0.0,0.0,0.0,12.0,0.0,0.0,40.0,0.0,20.0,0.0,0.0,0.0,34.0,-0.5,29.733333333333334,7.009,0.15200000000000102,7.186
2020,6/25-7/5,N82,80,3081,28.9,STR13,67.21,1,6.720999999999999,4.0,0.0,0.0,0.0,0.0,8.0,0.0,0.0,0.0,12.0,0.0,0.0,40.0,0.0,20.0,0.0,0.0,0.0,41.0,0.3999999999999986,28.8,6.909000000000001,-0.09999999999999964,7.186
2020,7/15,N83-中,81,3128,26.7,STR13,73.45,1,7.345000000000001,4.0,0.0,0.0,0.0,0.0,8.0,0.0,0.0,0.0,12.0,0.0,0.0,40.0,0.0,20.0,0.0,0.0,0.0,47.0,-2.1999999999999993,28.033333333333335,6.720999999999999,-0.1880000000000015,7.186
2020,7/9-7/19,N83,82,3157,30.0,STR13,70.27,1,7.026999999999999,4.0,0.0,0.0,0.0,0.0,8.0,0.0,0.0,0.0,12.0,0.0,0.0,40.0,0.0,20.0,0.0,0.0,0.0,29.0,3.3000000000000007,28.533333333333335,7.345000000000001,0.6240000000000014,7.345000000000001
2020,8/8,N84-中,83,3212,30.6,STR13,69.08,1,6.9079999999999995,4.0,0.0,0.0,0.0,0.0,8.0,0.0,0.0,0.0,12.0,0.0,0.0,40.0,0.0,20.0,0.0,0.0,0.0,55.0,0.6000000000000014,29.100000000000005,7.026999999999999,-0.3180000000000014,7.345000000000001
2020,7/24-8/11,N84,84,3233,30.8,STR13,71.46,1,7.145999999999999,4.0,0.0,0.0,0.0,0.0,8.0,0.0,0.0,0.0,12.0,0.0,0.0,40.0,0.0,20.0,0.0,0.0,0.0,21.0,0.1999999999999993,30.46666666666667,6.9079999999999995,-0.11899999999999977,7.345000000000001
2020,8/21,N85-中,85,3275,25.8,STR13,71.1,1,7.109999999999999,4.0,0.0,0.0,0.0,0.0,8.0,0.0,0.0,0.0,12.0,0.0,0.0,40.0,0.0,20.0,0.0,0.0,0.0,42.0,-5.0,29.066666666666666,7.145999999999999,0.23799999999999955,7.345000000000001
2020,8/15-8/25,N85,86,3308,26.9,STR13,70.73,1,7.073,4.0,0.0,0.0,0.0,0.0,8.0,0.0,0.0,0.0,12.0,0.0,0.0,40.0,0.0,20.0,0.0,0.0,0.0,33.0,1.0999999999999979,27.83333333333334,7.109999999999999,-0.03599999999999959,7.345000000000001
2020,9/2,N86-中,87,3344,27.3,STR13,70.23,1,7.023000000000001,4.0,0.0,0.0,0.0,0.0,8.0,0.0,0.0,0.0,12.0,0.0,0.0,40.0,0.0,20.0,0.0,0.0,0.0,36.0,0.40000000000000213,26.666666666666668,7.073,-0.036999999999999034,7.345000000000001
2020,8/29-9/7,N86,88,3383,27.5,STR13,72.74,1,7.273999999999999,4.0,0.0,0.0,0.0,0.0,8.0,0.0,0.0,0.0,12.0,0.0,0.0,40.0,0.0,20.0,0.0,0.0,0.0,39.0,0.1999999999999993,27.233333333333338,7.023000000000001,-0.04999999999999982,7.345000000000001
2020,9/20,N87-中,89,3432,23.8,STR13,69.99,1,6.999,4.0,0.0,0.0,0.0,0.0,8.0,0.0,0.0,0.0,12.0,0.0,0.0,40.0,0.0,20.0,0.0,0.0,0.0,49.0,-3.6999999999999993,26.200000000000003,7.273999999999999,0.25099999999999856,7.345000000000001
2020,9/14-9/23,N87,90,3458,23.7,STR13,69.61,1,6.961,4.0,0.0,0.0,0.0,0.0,8.0,0.0,0.0,0.0,12.0,0.0,0.0,40.0,0.0,20.0,0.0,0.0,0.0,26.0,-0.10000000000000142,25.0,6.999,-0.27499999999999947,7.345000000000001
2020,10/12,N88-中,91,3495,18.4,STR13,70.83,1,7.083,4.0,0.0,0.0,0.0,0.0,8.0,0.0,0.0,0.0,12.0,0.0,0.0,40.0,0.0,20.0,0.0,0.0,0.0,37.0,-5.300000000000001,21.96666666666667,6.961,-0.03799999999999937,7.345000000000001
2020,9/28-10/17,N88,92,3533,17.7,STR13,68.54,1,6.854000000000001,4.0,0.0,0.0,0.0,0.0,8.0,0.0,0.0,0.0,12.0,0.0,0.0,40.0,0.0,20.0,0.0,0.0,0.0,38.0,-0.6999999999999993,19.933333333333337,7.083,0.12199999999999989,7.345000000000001
2020,10/26,N89-中,93,3577,15.1,STR13,69.32,1,6.9319999999999995,4.0,0.0,0.0,0.0,0.0,8.0,0.0,0.0,0.0,12.0,0.0,0.0,40.0,0.0,20.0,0.0,0.0,0.0,44.0,-2.5999999999999996,17.066666666666666,6.854000000000001,-0.2289999999999992,7.345000000000001
2020,10/21-10/30,N89,94,3607,15.3,STR13,65.16,1,6.516,4.0,0.0,0.0,0.0,0.0,8.0,0.0,0.0,0.0,12.0,0.0,0.0,40.0,0.0,20.0,0.0,0.0,0.0,30.0,0.20000000000000107,16.033333333333335,6.9319999999999995,0.07799999999999851,7.345000000000001
2020,11/13,N90-中,95,3658,13.4,STR13,67.56,1,6.756,4.0,0.0,0.0,0.0,0.0,8.0,0.0,0.0,0.0,12.0,0.0,0.0,40.0,0.0,20.0,0.0,0.0,0.0,51.0,-1.9000000000000004,14.600000000000003,6.516,-0.4159999999999995,7.345000000000001
2020,11/8-11/19,N90,96,3714,12.2,STR13,65.96,1,6.595999999999999,4.0,0.0,0.0,0.0,0.0,8.0,0.0,0.0,0.0,12.0,0.0,0.0,40.0,0.0,20.0,0.0,0.0,0.0,56.0,-1.200000000000001,13.633333333333335,6.756,0.2400000000000002,7.345000000000001
2020,11/29,N91-中,97,3768,3.5,STR13,64.77,1,6.476999999999999,4.0,0.0,0.0,0.0,0.0,8.0,0.0,0.0,0.0,12.0,0.0,0.0,40.0,0.0,20.0,0.0,0.0,0.0,54.0,-8.7,9.700000000000003,6.595999999999999,-0.16000000000000103,7.345000000000001
2020,11/24-12/5,N91,98,3822,2.3,STR13,65.53,1,6.553,4.0,0.0,0.0,0.0,0.0,8.0,0.0,0.0,0.0,12.0,0.0,0.0,40.0,0.0,20.0,0.0,0.0,0.0,54.0,-1.2000000000000002,6.000000000000003,6.476999999999999,-0.11899999999999977,7.345000000000001
2020,12/25,N92-中,99,3875,-0.4,STR13,65.77,1,6.577,4.0,0.0,0.0,0.0,0.0,8.0,0.0,0.0,0.0,12.0,0.0,0.0,40.0,0.0,20.0,0.0,0.0,0.0,53.0,-2.6999999999999997,1.8000000000000023,6.553,0.07600000000000051,7.345000000000001
2020,12/10-12/22,N92,100,3929,-0.2,STR13,65.68,1,6.5680000000000005,4.0,0.0,0.0,0.0,0.0,8.0,0.0,0.0,0.0,12.0,0.0,0.0,40.0,0.0,20.0,0.0,0.0,0.0,54.0,0.2,0.566666666666669,6.577,0.02400000000000002,7.345000000000001
2020,12/31,N93-中,101,3980,-3.0,STR13,62.83,1,6.2829999999999995,4.0,0.0,0.0,0.0,0.0,8.0,0.0,0.0,0.0,12.0,0.0,0.0,40.0,0.0,20.0,0.0,0.0,0.0,51.0,-2.8,-1.1999999999999977,6.5680000000000005,-0.008999999999999453,7.345000000000001
2020,12/26-1/6,N93,102,4037,-3.8,STR13,64.08,1,6.4079999999999995,4.0,0.0,0.0,0.0,0.0,8.0,0.0,0.0,0.0,12.0,0.0,0.0,40.0,0.0,20.0,0.0,0.0,0.0,57.0,-0.7999999999999998,-2.333333333333331,6.2829999999999995,-0.28500000000000103,7.345000000000001
2021,1/15,N94-中,103,4090,1.4,STR13,65.76,1,6.5760000000000005,4.0,0.0,0.0,0.0,0.0,8.0,0.0,0.0,0.0,12.0,0.0,0.0,40.0,0.0,20.0,0.0,0.0,0.0,53.0,5.199999999999999,-1.7999999999999978,6.4079999999999995,0.125,7.345000000000001
2021,1/10-1/21,N94,104,4144,0.2,STR13,65.5,1,6.55,4.0,0.0,0.0,0.0,0.0,8.0,0.0,0.0,0.0,12.0,0.0,0.0,40.0,0.0,20.0,0.0,0.0,0.0,54.0,-1.2,-0.7333333333333308,6.5760000000000005,0.16800000000000104,7.345000000000001
2021,3/24,N95-中,105,4204,11.9,STR13,62.27,1,6.227,4.0,0.0,0.0,0.0,0.0,8.0,0.0,0.0,0.0,12.0,0.0,0.0,40.0,0.0,20.0,0.0,0.0,0.0,60.0,11.700000000000001,4.500000000000003,6.55,-0.02600000000000069,7.345000000000001
2021,3/18-3/29,N95,106,4252,14.2,STR13,66.93,1,6.6930000000000005,4.0,0.0,0.0,0.0,0.0,8.0,0.0,0.0,0.0,12.0,0.0,0.0,40.0,0.0,20.0,0.0,0.0,0.0,48.0,2.299999999999999,8.766666666666667,6.227,-0.3229999999999995,7.345000000000001
2021,4/7,N96-中,107,4307,16.9,STR13,67.96,1,6.795999999999999,4.0,0.0,0.0,0.0,0.0,8.0,0.0,0.0,0.0,12.0,0.0,0.0,40.0,0.0,20.0,0.0,0.0,0.0,55.0,2.6999999999999993,14.333333333333334,6.6930000000000005,0.4660000000000002,7.345000000000001
2021,4/2-4/12,N96,108,4358,16.8,STR13,67.88,1,6.787999999999999,4.0,0.0,0.0,0.0,0.0,8.0,0.0,0.0,0.0,12.0,0.0,0.0,40.0,0.0,20.0,0.0,0.0,0.0,51.0,-0.09999999999999787,15.966666666666669,6.795999999999999,0.10299999999999887,7.345000000000001
2021,4/21,N97-中,109,4415,20.2,STR13,69.13,1,6.912999999999999,4.0,0.0,0.0,0.0,0.0,8.0,0.0,0.0,0.0,12.0,0.0,0.0,40.0,0.0,20.0,0.0,0.0,0.0,57.0,3.3999999999999986,17.96666666666667,6.787999999999999,-0.008000000000000007,7.345000000000001
2021,4/16-4/26,N97,110,4466,19.2,STR13,68.94,1,6.894,4.0,0.0,0.0,0.0,0.0,8.0,0.0,0.0,0.0,12.0,0.0,0.0,40.0,0.0,20.0,0.0,0.0,0.0,51.0,-1.0,18.733333333333334,6.912999999999999,0.125,7.345000000000001
2021,5/4,N98-中,111,4524,17.7,STR13,69.75,1,6.975,4.0,0.0,0.0,0.0,0.0,8.0,0.0,0.0,0.0,12.0,0.0,0.0,40.0,0.0,20.0,0.0,0.0,0.0,58.0,-1.5,19.033333333333335,6.894,-0.01899999999999924,7.345000000000001
2021,4/29-5/9,N98,112,4573,20.8,STR13,70.51,1,7.051,4.0,0.0,0.0,0.0,0.0,8.0,0.0,0.0,0.0,12.0,0.0,0.0,40.0,0.0,20.0,0.0,0.0,0.0,49.0,3.1000000000000014,19.233333333333334,6.975,0.08099999999999952,7.345000000000001
2021,5/19,N99-中,113,4612,23.8,STR13,70.16,1,7.016,4.0,0.0,0.0,0.0,0.0,8.0,0.0,0.0,0.0,12.0,0.0,0.0,40.0,0.0,20.0,0.0,0.0,0.0,39.0,3.0,20.766666666666666,7.051,0.07600000000000051,7.345000000000001
2021,5/14-5/24,N99,114,4650,25.1,STR13,69.52,1,6.952,4.0,0.0,0.0,0.0,0.0,8.0,0.0,0.0,0.0,12.0,0.0,0.0,40.0,0.0,20.0,0.0,0.0,0.0,38.0,1.3000000000000007,23.233333333333334,7.016,-0.03500000000000014,7.345000000000001
2021,6/2,N100-中,115,4692,23.6,STR13,71.96,1,7.196,4.0,0.0,0.0,0.0,0.0,8.0,0.0,0.0,0.0,12.0,0.0,0.0,40.0,0.0,20.0,0.0,0.0,0.0,42.0,-1.5,24.16666666666667,6.952,-0.06400000000000006,7.345000000000001
2021,5/28-6/7,N100,116,4727,25.8,STR13,72.88,1,7.287999999999999,4.0,0.0,0.0,0.0,0.0,8.0,0.0,0.0,0.0,12.0,0.0,0.0,40.0,0.0,20.0,0.0,0.0,0.0,35.0,2.1999999999999993,24.833333333333332,7.196,0.24399999999999977,7.345000000000001
2021,6/16,N101-中,117,4768,30.1,STR13,70.85,1,7.084999999999999,4.0,0.0,0.0,0.0,0.0,8.0,0.0,0.0,0.0,12.0,0.0,0.0,40.0,0.0,20.0,0.0,0.0,0.0,41.0,4.300000000000001,26.5,7.287999999999999,0.09199999999999964,7.345000000000001
2021,6/11-6/20,N101,118,4805,30.2,STR13,72.99,1,7.2989999999999995,4.0,0.0,0.0,0.0,0.0,8.0,0.0,0.0,0.0,12.0,0.0,0.0,40.0,0.0,20.0,0.0,0.0,0.0,37.0,0.09999999999999787,28.700000000000003,7.084999999999999,-0.2030000000000003,7.345000000000001
2021,6/30,N102-中,119,4843,27.2,STR13,75.03,1,7.503,4.0,0.0,0.0,0.0,0.0,8.0,0.0,0.0,0.0,12.0,0.0,0.0,40.0,0.0,20.0,0.0,0.0,0.0,38.0,-3.0,29.166666666666668,7.2989999999999995,0.2140000000000004,7.345000000000001
2021,6/25-7/6,N102,120,4882,27.5,STR13,75.09,1,7.509,4.0,0.0,0.0,0.0,0.0,8.0,0.0,0.0,0.0,12.0,0.0,0.0,40.0,0.0,20.0,0.0,0.0,0.0,39.0,0.3000000000000007,28.3,7.503,0.20400000000000063,7.503
2021,7/14,N103-中,121,4922,29.1,STR13,76.88,1,7.688,4.0,0.0,0.0,0.0,0.0,8.0,0.0,0.0,0.0,12.0,0.0,0.0,40.0,0.0,20.0,0.0,0.0,0.0,40.0,1.6000000000000014,27.933333333333337,7.509,0.006000000000000227,7.509
2021,7/9-7/19,N103,122,4960,29.0,STR13,73.62,1,7.362,4.0,0.0,0.0,0.0,0.0,8.0,0.0,0.0,0.0,12.0,0.0,0.0,40.0,0.0,20.0,0.0,0.0,0.0,38.0,-0.10000000000000142,28.53333333333333,7.688,0.17899999999999938,7.688
2021,7/28,N104-中,123,4999,31.2,STR13,75.54,1,7.554,4.0,0.0,0.0,0.0,0.0,8.0,0.0,0.0,0.0,12.0,0.0,0.0,40.0,0.0,20.0,0.0,0.0,0.0,39.0,2.1999999999999993,29.766666666666666,7.362,-0.3259999999999996,7.688
2021,7/23-8/1,N104,124,5037,29.9,STR13,73.48,1,7.348000000000001,4.0,0.0,0.0,0.0,0.0,8.0,0.0,0.0,0.0,12.0,0.0,0.0,40.0,0.0,20.0,0.0,0.0,0.0,38.0,-1.3000000000000007,30.033333333333335,7.554,0.19200000000000017,7.688
2021,8/10,N105-中,125,5077,30.5,STR13,75.67,1,7.567,4.0,0.0,0.0,0.0,0.0,8.0,0.0,0.0,0.0,12.0,0.0,0.0,40.0,0.0,20.0,0.0,0.0,0.0,40.0,0.6000000000000014,30.533333333333335,7.348000000000001,-0.20599999999999952,7.688
2021,8/6-8/15,N105,126,5115,29.2,STR13,77.02,1,7.702,4.0,0.0,0.0,0.0,0.0,8.0,0.0,0.0,0.0,12.0,0.0,0.0,40.0,0.0,20.0,0.0,0.0,0.0,38.0,-1.3000000000000007,29.866666666666664,7.567,0.21899999999999942,7.688
2021,8/25,N106-中,127,5151,28.1,STR13,78.0,1,7.8,4.0,0.0,0.0,0.0,0.0,8.0,0.0,0.0,0.0,12.0,0.0,0.0,40.0,0.0,20.0,0.0,0.0,0.0,36.0,-1.0999999999999979,29.26666666666667,7.702,0.1349999999999998,7.702
2021,8/20-8/29,N106,128,5193,27.5,STR13,76.36,1,7.636,4.0,0.0,0.0,0.0,0.0,8.0,0.0,0.0,0.0,12.0,0.0,0.0,40.0,0.0,20.0,0.0,0.0,0.0,42.0,-0.6000000000000014,28.26666666666667,7.8,0.09799999999999986,7.8
2021,9/8,N107-中,129,5237,24.1,STR13,75.68,1,7.5680000000000005,4.0,0.0,0.0,0.0,0.0,8.0,0.0,0.0,0.0,12.0,0.0,0.0,40.0,0.0,20.0,0.0,0.0,0.0,44.0,-3.3999999999999986,26.566666666666666,7.636,-0.1639999999999997,7.8
2021,9/03-9/13,N107,130,5271,25.2,STR13,74.83,1,7.483,4.0,0.0,0.0,0.0,0.0,8.0,0.0,0.0,0.0,12.0,0.0,0.0,40.0,0.0,20.0,0.0,0.0,0.0,34.0,1.0999999999999979,25.600000000000005,7.5680000000000005,-0.06799999999999962,7.8
2021,9/22,N108-中,131,5314,22.2,STR13,77.27,1,7.726999999999999,4.0,0.0,0.0,0.0,0.0,8.0,0.0,0.0,0.0,12.0,0.0,0.0,40.0,0.0,20.0,0.0,0.0,0.0,43.0,-3.0,23.833333333333332,7.483,-0.08500000000000085,7.8
2021,9/17-9/26,N108,132,5349,22.5,STR13,74.77,1,7.476999999999999,4.0,0.0,0.0,0.0,0.0,8.0,0.0,0.0,0.0,12.0,0.0,0.0,40.0,0.0,20.0,0.0,0.0,0.0,35.0,0.3000000000000007,23.3,7.726999999999999,0.24399999999999977,7.8
2021,10/13,N109-中,133,5387,16.3,STR13,73.43,1,7.343000000000001,4.0,0.0,0.0,0.0,0.0,8.0,0.0,0.0,0.0,12.0,0.0,0.0,40.0,0.0,20.0,0.0,0.0,0.0,38.0,-6.199999999999999,20.333333333333332,7.476999999999999,-0.25,7.8
2021,10/8-10/18,N109,134,5427,15.6,STR13,72.9,1,7.290000000000001,4.0,0.0,0.0,0.0,0.0,8.0,0.0,0.0,0.0,12.0,0.0,0.0,40.0,0.0,20.0,0.0,0.0,0.0,40.0,-0.7000000000000011,18.133333333333333,7.343000000000001,-0.13399999999999856,7.8
2021,10/27,N110-中,135,5469,15.5,STR13,71.91,1,7.191,4.0,0.0,0.0,0.0,0.0,8.0,0.0,0.0,0.0,12.0,0.0,0.0,40.0,0.0,20.0,0.0,0.0,0.0,42.0,-0.09999999999999964,15.800000000000002,7.290000000000001,-0.052999999999999936,7.8
2021,10/22-11/1,N110,136,5504,15.5,STR13,73.28,1,7.328,4.0,0.0,0.0,0.0,0.0,8.0,0.0,0.0,0.0,12.0,0.0,0.0,40.0,0.0,20.0,0.0,0.0,0.0,35.0,0.0,15.533333333333333,7.191,-0.09900000000000109,7.8
2021,11/11,N111-中,137,5556,7.7,STR13,69.04,1,6.904000000000001,4.0,0.0,0.0,0.0,0.0,8.0,0.0,0.0,0.0,12.0,0.0,0.0,40.0,0.0,20.0,0.0,0.0,0.0,52.0,-7.8,12.9,7.328,0.13700000000000045,7.8
2021,11/05-11/17,N111,138,5612,9.3,STR13,71.06,1,7.106,4.0,0.0,0.0,0.0,0.0,8.0,0.0,0.0,0.0,12.0,0.0,0.0,40.0,0.0,20.0,0.0,0.0,0.0,56.0,1.6000000000000005,10.833333333333334,6.904000000000001,-0.4239999999999995,7.8
2021,11/25,N112-中,139,5669,5.5,STR13,70.91,1,7.090999999999999,4.0,0.0,0.0,0.0,0.0,8.0,0.0,0.0,0.0,12.0,0.0,0.0,40.0,0.0,20.0,0.0,0.0,0.0,57.0,-3.8000000000000007,7.500000000000001,7.106,0.20199999999999907,7.8
2021,11/20-11/30,N112,140,5720,6.4,STR13,69.78,1,6.978,4.0,0.0,0.0,0.0,0.0,8.0,0.0,0.0,0.0,12.0,0.0,0.0,40.0,0.0,20.0,0.0,0.0,0.0,51.0,0.9000000000000004,7.066666666666667,7.090999999999999,-0.015000000000000568,7.8
2021,12/9,N113-中,141,5778,7.2,STR13,72.52,1,7.252,4.0,0.0,0.0,0.0,0.0,8.0,0.0,0.0,0.0,12.0,0.0,0.0,40.0,0.0,20.0,0.0,0.0,0.0,58.0,0.7999999999999998,6.366666666666668,6.978,-0.11299999999999955,7.8
2021,12/4-12/14,N113,142,5828,5.4,STR13,71.99,1,7.199,4.0,0.0,0.0,0.0,0.0,8.0,0.0,0.0,0.0,12.0,0.0,0.0,40.0,0.0,20.0,0.0,0.0,0.0,50.0,-1.7999999999999998,6.333333333333335,7.252,0.274,7.8
2021,12/23,N114-中,143,5889,3.1,STR13,72.03,1,7.203,4.0,0.0,0.0,0.0,0.0,8.0,0.0,0.0,0.0,12.0,0.0,0.0,40.0,0.0,20.0,0.0,0.0,0.0,61.0,-2.3000000000000003,5.233333333333335,7.199,-0.052999999999999936,7.8
2021,12/17-12/28,N114,144,5936,0.2,STR13,70.0,1,7.0,4.0,0.0,0.0,0.0,0.0,8.0,0.0,0.0,0.0,12.0,0.0,0.0,40.0,0.0,20.0,0.0,0.0,0.0,47.0,-2.9,2.900000000000001,7.203,0.004000000000000448,7.8
2021,1/8,N115-中,145,5992,1.1,STR13,73.17,1,7.317,4.0,0.0,0.0,0.0,0.0,8.0,0.0,0.0,0.0,12.0,0.0,0.0,40.0,0.0,20.0,0.0,0.0,0.0,56.0,0.9000000000000001,1.466666666666668,7.0,-0.2030000000000003,7.8
2021,1/3-1/13,N115,146,6044,0.8,STR13,72.19,1,7.218999999999999,4.0,0.0,0.0,0.0,0.0,8.0,0.0,0.0,0.0,12.0,0.0,0.0,40.0,0.0,20.0,0.0,0.0,0.0,52.0,-0.30000000000000004,0.7000000000000012,7.317,0.31700000000000017,7.8
2016,11/30-12/10,N1,0,3,3.8,STR14,17.21,1,1.721,4.0,0.0,0.0,0.0,0.0,8.0,0.0,0.0,0.0,0.0,12.0,0.0,0.0,40.0,20.0,0.0,0.0,0.0,0.0,0.0,3.8,,,
2016,12/13-12/24,N2,1,10,1.2,STR14,16.84,1,1.684,4.0,0.0,0.0,0.0,0.0,8.0,0.0,0.0,0.0,0.0,12.0,0.0,0.0,40.0,20.0,0.0,0.0,0.0,7.0,-2.5999999999999996,2.5,1.721,,1.721
2016,12/27-1/9,N3,2,30,0.9,STR14,16.91,1,1.691,4.0,0.0,0.0,0.0,0.0,8.0,0.0,0.0,0.0,0.0,12.0,0.0,0.0,40.0,20.0,0.0,0.0,0.0,20.0,-0.29999999999999993,1.9666666666666666,1.684,-0.037000000000000144,1.721
2017,1/12-2/23,N4,3,48,3.6,STR14,17.45,1,1.7449999999999999,4.0,0.0,0.0,0.0,0.0,8.0,0.0,0.0,0.0,0.0,12.0,0.0,0.0,40.0,20.0,0.0,0.0,0.0,18.0,2.7,1.9000000000000001,1.691,0.007000000000000117,1.721
2017,2/26-3/10,N5,4,67,11.4,STR14,,0,,4.0,0.0,0.0,0.0,0.0,8.0,0.0,0.0,0.0,0.0,12.0,0.0,0.0,40.0,20.0,0.0,0.0,0.0,19.0,7.800000000000001,5.3,1.7449999999999999,0.053999999999999826,1.7449999999999999
2017,3/13-3/23,N6,5,85,13.9,STR14,18.24,1,1.8239999999999998,4.0,0.0,0.0,0.0,0.0,8.0,0.0,0.0,0.0,0.0,12.0,0.0,0.0,40.0,20.0,0.0,0.0,0.0,18.0,2.5,9.633333333333333,1.7449999999999999,0.053999999999999826,1.7449999999999999
2017,3/26-4/6,N7,6,104,19.1,STR14,18.28,1,1.828,4.0,0.0,0.0,0.0,0.0,8.0,0.0,0.0,0.0,0.0,12.0,0.0,0.0,40.0,20.0,0.0,0.0,0.0,19.0,5.200000000000001,14.799999999999999,1.8239999999999998,0.07899999999999996,1.8239999999999998
2017,4/9-4/13,N8,7,108,21.1,STR14,20.9,1,2.09,4.0,0.0,0.0,0.0,0.0,8.0,0.0,0.0,0.0,0.0,12.0,0.0,0.0,40.0,20.0,0.0,0.0,0.0,4.0,2.0,18.033333333333335,1.828,0.004000000000000226,1.828
2017,4/17-4-21,N9,8,109,21.7,STR14,21.36,1,2.136,4.0,0.0,0.0,0.0,0.0,8.0,0.0,0.0,0.0,0.0,12.0,0.0,0.0,40.0,20.0,0.0,0.0,0.0,1.0,0.5999999999999979,20.633333333333336,2.09,0.2619999999999998,2.09
2017,4/24-5/4,N10,9,129,27.0,STR14,23.96,1,2.396,4.0,0.0,0.0,0.0,0.0,8.0,0.0,0.0,0.0,0.0,12.0,0.0,0.0,40.0,20.0,0.0,0.0,0.0,20.0,5.300000000000001,23.266666666666666,2.136,0.04600000000000026,2.136
2017,5/7-5-17,N11,10,149,30.1,STR14,31.64,1,3.164,4.0,0.0,0.0,0.0,0.0,8.0,0.0,0.0,0.0,0.0,12.0,0.0,0.0,40.0,20.0,0.0,0.0,0.0,20.0,3.1000000000000014,26.266666666666666,2.396,0.2599999999999998,2.396
2017,5/20-5/30,N12,11,168,30.2,STR14,41.38,1,4.138,4.0,0.0,0.0,0.0,0.0,8.0,0.0,0.0,0.0,0.0,12.0,0.0,0.0,40.0,20.0,0.0,0.0,0.0,19.0,0.09999999999999787,29.099999999999998,3.164,0.7680000000000002,3.164
2017,6/2-6/12,N13,12,188,29.6,STR14,40.98,1,4.098,4.0,0.0,0.0,0.0,0.0,8.0,0.0,0.0,0.0,0.0,12.0,0.0,0.0,40.0,20.0,0.0,0.0,0.0,20.0,-0.5999999999999979,29.96666666666667,4.138,0.9739999999999998,4.138
2017,6/16-6/26,N14,13,206,30.1,STR14,50.25,1,5.025,4.0,0.0,0.0,0.0,0.0,8.0,0.0,0.0,0.0,0.0,12.0,0.0,0.0,40.0,20.0,0.0,0.0,0.0,18.0,0.5,29.96666666666667,4.098,-0.040000000000000036,4.138
2017,6/29-7/10,N15,14,224,28.6,STR14,45.81,1,4.581,4.0,0.0,0.0,0.0,0.0,8.0,0.0,0.0,0.0,0.0,12.0,0.0,0.0,40.0,20.0,0.0,0.0,0.0,18.0,-1.5,29.433333333333337,5.025,0.9270000000000005,5.025
2017,7/13-7/23,N16-17,15,230,31.4,STR14,55.98,1,5.598,4.0,0.0,0.0,0.0,0.0,8.0,0.0,0.0,0.0,0.0,12.0,0.0,0.0,40.0,20.0,0.0,0.0,0.0,6.0,2.799999999999997,30.03333333333333,4.581,-0.44399999999999995,5.025
2017,7/27-8/7,N18,16,250,32.1,STR14,59.5,1,5.95,4.0,0.0,0.0,0.0,0.0,8.0,0.0,0.0,0.0,0.0,12.0,0.0,0.0,40.0,20.0,0.0,0.0,0.0,20.0,0.7000000000000028,30.7,5.598,1.0169999999999995,5.598
2017,8/10-8/21,N19,17,268,28.6,STR14,57.89,1,5.789,4.0,0.0,0.0,0.0,0.0,8.0,0.0,0.0,0.0,0.0,12.0,0.0,0.0,40.0,20.0,0.0,0.0,0.0,18.0,-3.5,30.7,5.95,0.3520000000000003,5.95
2017,8/25-9/4,N20,18,286,26.3,STR14,58.53,1,5.853,4.0,0.0,0.0,0.0,0.0,8.0,0.0,0.0,0.0,0.0,12.0,0.0,0.0,40.0,20.0,0.0,0.0,0.0,18.0,-2.3000000000000007,29.0,5.789,-0.16100000000000048,5.95
2017,9/8-9/18,N21,19,305,28.2,STR14,66.05,1,6.6049999999999995,4.0,0.0,0.0,0.0,0.0,8.0,0.0,0.0,0.0,0.0,12.0,0.0,0.0,40.0,20.0,0.0,0.0,0.0,19.0,1.8999999999999986,27.7,5.853,0.06400000000000006,5.95
2017,9/21-10/9,N22,20,323,22.9,STR14,60.52,1,6.0520000000000005,4.0,0.0,0.0,0.0,0.0,8.0,0.0,0.0,0.0,0.0,12.0,0.0,0.0,40.0,20.0,0.0,0.0,0.0,18.0,-5.300000000000001,25.8,6.6049999999999995,0.7519999999999998,6.6049999999999995
2017,10/13-10/25,N23,21,346,14.9,STR14,58.1,1,5.8100000000000005,4.0,0.0,0.0,0.0,0.0,8.0,0.0,0.0,0.0,0.0,12.0,0.0,0.0,40.0,20.0,0.0,0.0,0.0,23.0,-7.999999999999998,22.0,6.0520000000000005,-0.552999999999999,6.6049999999999995
2017,11/1-11/12,N24-25,22,352,11.1,STR14,69.86,1,6.986,4.0,0.0,0.0,0.0,0.0,8.0,0.0,0.0,0.0,0.0,12.0,0.0,0.0,40.0,20.0,0.0,0.0,0.0,6.0,-3.8000000000000007,16.3,5.8100000000000005,-0.242,6.6049999999999995
2017,11/15-11/26,N26,23,371,3.8,STR14,67.33,1,6.733,4.0,0.0,0.0,0.0,0.0,8.0,0.0,0.0,0.0,0.0,12.0,0.0,0.0,40.0,20.0,0.0,0.0,0.0,19.0,-7.3,9.933333333333334,6.986,1.1759999999999993,6.986
2017,12/9-12/21,N27,24,391,0.0,STR14,55.58,1,5.558,4.0,0.0,0.0,0.0,0.0,8.0,0.0,0.0,0.0,0.0,12.0,0.0,0.0,40.0,20.0,0.0,0.0,0.0,20.0,-3.8,4.966666666666666,6.733,-0.2530000000000001,6.986
2017,12/23-1/3,N28,25,410,0.2,STR14,52.6,1,5.26,4.0,0.0,0.0,0.0,0.0,8.0,0.0,0.0,0.0,0.0,12.0,0.0,0.0,40.0,20.0,0.0,0.0,0.0,19.0,0.2,1.3333333333333333,5.558,-1.1749999999999998,6.986
2018,1/7-1/18,N29-30,26,415,-1.0,STR14,55.68,1,5.568,4.0,0.0,0.0,0.0,0.0,8.0,0.0,0.0,0.0,0.0,12.0,0.0,0.0,40.0,20.0,0.0,0.0,0.0,5.0,-1.2,-0.26666666666666666,5.26,-0.29800000000000004,6.986
2018,1/20-1/30,N31,27,434,-2.2,STR14,58.65,1,5.865,4.0,0.0,0.0,0.0,0.0,8.0,0.0,0.0,0.0,0.0,12.0,0.0,0.0,40.0,20.0,0.0,0.0,0.0,19.0,-1.2000000000000002,-1.0,5.568,0.30799999999999983,6.986
2018,3/9-3/21,N32,28,454,8.3,STR14,64.38,1,6.438,4.0,0.0,0.0,0.0,0.0,8.0,0.0,0.0,0.0,0.0,12.0,0.0,0.0,40.0,20.0,0.0,0.0,0.0,20.0,10.5,1.7000000000000002,5.865,0.2970000000000006,6.986
2018,3/25-4/7,N33,29,473,15.7,STR14,55.37,1,5.537,4.0,0.0,0.0,0.0,0.0,8.0,0.0,0.0,0.0,0.0,12.0,0.0,0.0,40.0,20.0,0.0,0.0,0.0,19.0,7.399999999999999,7.266666666666667,6.438,0.5729999999999995,6.986
2018,4/10-4/21,N34,30,492,19.4,STR14,65.45,1,6.545,4.0,0.0,0.0,0.0,0.0,8.0,0.0,0.0,0.0,0.0,12.0,0.0,0.0,40.0,20.0,0.0,0.0,0.0,19.0,3.6999999999999993,14.466666666666667,5.537,-0.9009999999999998,6.986
2018,4/26-5/7,N35-36,31,498,23.7,STR14,60.42,1,6.042,4.0,0.0,0.0,0.0,0.0,8.0,0.0,0.0,0.0,0.0,12.0,0.0,0.0,40.0,20.0,0.0,0.0,0.0,6.0,4.300000000000001,19.599999999999998,6.545,1.008,6.986
2018,5/10-5/21,N37,32,517,24.1,STR14,54.88,1,5.488,4.0,0.0,0.0,0.0,0.0,8.0,0.0,0.0,0.0,0.0,12.0,0.0,0.0,40.0,20.0,0.0,0.0,0.0,19.0,0.40000000000000213,22.400000000000002,6.042,-0.5030000000000001,6.986
2018,5/24-6/4,N38,33,536,29.7,STR14,,0,,4.0,0.0,0.0,0.0,0.0,8.0,0.0,0.0,0.0,0.0,12.0,0.0,0.0,40.0,20.0,0.0,0.0,0.0,19.0,5.599999999999998,25.833333333333332,5.488,-0.5539999999999994,6.986
2018,6/7-6/19,N39,34,556,26.6,STR14,62.97,1,6.297,4.0,0.0,0.0,0.0,0.0,8.0,0.0,0.0,0.0,0.0,12.0,0.0,0.0,40.0,20.0,0.0,0.0,0.0,20.0,-3.099999999999998,26.8,5.488,-0.5539999999999994,6.986
2018,6/22-7/2,N40,35,574,32.8,STR14,58.5,1,5.85,4.0,0.0,0.0,0.0,0.0,8.0,0.0,0.0,0.0,0.0,12.0,0.0,0.0,40.0,20.0,0.0,0.0,0.0,18.0,6.199999999999996,29.7,6.297,0.8089999999999993,6.986
2018,7/5-7/17,N41,36,593,28.3,STR14,69.25,1,6.925,4.0,0.0,0.0,0.0,0.0,8.0,0.0,0.0,0.0,0.0,12.0,0.0,0.0,40.0,20.0,0.0,0.0,0.0,19.0,-4.4999999999999964,29.233333333333334,5.85,-0.44700000000000006,6.986
2018,7/22-7/31,N42,37,612,32.7,STR14,70.2,1,7.0200000000000005,4.0,0.0,0.0,0.0,0.0,8.0,0.0,0.0,0.0,0.0,12.0,0.0,0.0,40.0,20.0,0.0,0.0,0.0,19.0,4.400000000000002,31.26666666666667,6.925,1.0750000000000002,6.986
2018,8/3-8/14,N43-44,38,618,30.5,STR14,72.0,1,7.2,4.0,0.0,0.0,0.0,0.0,8.0,0.0,0.0,0.0,0.0,12.0,0.0,0.0,40.0,20.0,0.0,0.0,0.0,6.0,-2.200000000000003,30.5,7.0200000000000005,0.09500000000000064,7.0200000000000005
2018,8/17-8/30,N45,39,636,29.6,STR14,73.57,1,7.356999999999999,4.0,0.0,0.0,0.0,0.0,8.0,0.0,0.0,0.0,0.0,12.0,0.0,0.0,40.0,20.0,0.0,0.0,0.0,18.0,-0.8999999999999986,30.933333333333337,7.2,0.17999999999999972,7.2
2018,9/2-9/12,N46,40,655,26.9,STR14,72.43,1,7.243,4.0,0.0,0.0,0.0,0.0,8.0,0.0,0.0,0.0,0.0,12.0,0.0,0.0,40.0,20.0,0.0,0.0,0.0,19.0,-2.700000000000003,29.0,7.356999999999999,0.15699999999999914,7.356999999999999
2018,9/15-9/25,N47,41,675,22.8,STR14,71.3,1,7.13,4.0,0.0,0.0,0.0,0.0,8.0,0.0,0.0,0.0,0.0,12.0,0.0,0.0,40.0,20.0,0.0,0.0,0.0,20.0,-4.099999999999998,26.433333333333337,7.243,-0.11399999999999899,7.356999999999999
2018,10/4-10/15,N48,42,694,17.4,STR14,70.12,1,7.0120000000000005,4.0,0.0,0.0,0.0,0.0,8.0,0.0,0.0,0.0,0.0,12.0,0.0,0.0,40.0,20.0,0.0,0.0,0.0,19.0,-5.400000000000002,22.36666666666667,7.13,-0.11300000000000043,7.356999999999999
2018,10/17-10/28,N49,43,714,14.8,STR14,71.1,1,7.109999999999999,4.0,0.0,0.0,0.0,0.0,8.0,0.0,0.0,0.0,0.0,12.0,0.0,0.0,40.0,20.0,0.0,0.0,0.0,20.0,-2.599999999999998,18.333333333333336,7.0120000000000005,-0.11799999999999944,7.356999999999999
2018,11/2-11/16,N50-51,44,719,9.8,STR14,70.98,1,7.098000000000001,4.0,0.0,0.0,0.0,0.0,8.0,0.0,0.0,0.0,0.0,12.0,0.0,0.0,40.0,20.0,0.0,0.0,0.0,5.0,-5.0,14.0,7.109999999999999,0.09799999999999898,7.356999999999999
2018,11/20-12/1,N52,45,738,6.5,STR14,62.75,1,6.275,4.0,0.0,0.0,0.0,0.0,8.0,0.0,0.0,0.0,0.0,12.0,0.0,0.0,40.0,20.0,0.0,0.0,0.0,19.0,-3.3000000000000007,10.366666666666669,7.098000000000001,-0.011999999999998678,7.356999999999999
2018,12/4-12/17,N53,46,757,-1.1,STR14,66.5,1,6.65,4.0,0.0,0.0,0.0,0.0,8.0,0.0,0.0,0.0,0.0,12.0,0.0,0.0,40.0,20.0,0.0,0.0,0.0,19.0,-7.6,5.066666666666669,6.275,-0.8230000000000004,7.356999999999999
2018,12/30-2019/1/14,N54,47,834,-0.2,STR14,68.72,1,6.872,4.0,0.0,0.0,0.0,0.0,8.0,0.0,0.0,0.0,0.0,12.0,0.0,0.0,40.0,20.0,0.0,0.0,0.0,77.0,0.9000000000000001,1.7333333333333358,6.65,0.375,7.356999999999999
2019,1/18-1/28,N55,48,912,4.0,STR14,65.81,1,6.581,4.0,0.0,0.0,0.0,0.0,8.0,0.0,0.0,0.0,0.0,12.0,0.0,0.0,40.0,20.0,0.0,0.0,0.0,78.0,4.2,0.9000000000000022,6.872,0.22199999999999953,7.356999999999999
2019,3/1-3/20,N56,49,1013,14.2,STR14,51.62,1,5.162,4.0,0.0,0.0,0.0,0.0,8.0,0.0,0.0,0.0,0.0,12.0,0.0,0.0,40.0,20.0,0.0,0.0,0.0,101.0,10.2,6.000000000000003,6.581,-0.2909999999999995,7.356999999999999
2019,3/24-4/4,N57,50,1114,14.5,STR14,58.99,1,5.899,4.0,0.0,0.0,0.0,0.0,8.0,0.0,0.0,0.0,0.0,12.0,0.0,0.0,40.0,20.0,0.0,0.0,0.0,101.0,0.3000000000000007,10.9,5.162,-1.4190000000000005,7.356999999999999
2019,4/10-4/20,N58,51,1215,18.9,STR14,63.81,1,6.381,4.0,0.0,0.0,0.0,0.0,8.0,0.0,0.0,0.0,0.0,12.0,0.0,0.0,40.0,20.0,0.0,0.0,0.0,101.0,4.399999999999999,15.866666666666669,5.899,0.7370000000000001,7.356999999999999
2019,4/25-5/5,N59,52,1317,20.3,STR14,70.89,1,7.089,4.0,0.0,0.0,0.0,0.0,8.0,0.0,0.0,0.0,0.0,12.0,0.0,0.0,40.0,20.0,0.0,0.0,0.0,102.0,1.4000000000000021,17.900000000000002,6.381,0.4820000000000002,7.356999999999999
2019,5/9-5/21,N60,53,1376,25.0,STR14,57.63,1,5.763,4.0,0.0,0.0,0.0,0.0,8.0,0.0,0.0,0.0,0.0,12.0,0.0,0.0,40.0,20.0,0.0,0.0,0.0,59.0,4.699999999999999,21.400000000000002,7.089,0.7080000000000002,7.356999999999999
2019,5/27-6/5,N61,54,1441,27.8,STR14,69.71,1,6.970999999999999,4.0,0.0,0.0,0.0,0.0,8.0,0.0,0.0,0.0,0.0,12.0,0.0,0.0,40.0,20.0,0.0,0.0,0.0,65.0,2.8000000000000007,24.36666666666667,5.763,-1.3260000000000005,7.356999999999999
2019,6/12-6/22,N62,55,1508,29.3,STR14,73.31,1,7.331,4.0,0.0,0.0,0.0,0.0,8.0,0.0,0.0,0.0,0.0,12.0,0.0,0.0,40.0,20.0,0.0,0.0,0.0,67.0,1.5,27.36666666666667,6.970999999999999,1.2079999999999993,7.356999999999999
2019,6/27-7/7,N63,56,1566,29.8,STR14,76.33,1,7.633,4.0,0.0,0.0,0.0,0.0,8.0,0.0,0.0,0.0,0.0,12.0,0.0,0.0,40.0,20.0,0.0,0.0,0.0,58.0,0.5,28.96666666666667,7.331,0.3600000000000012,7.356999999999999
2019,7/11-7/21,N64,57,1637,30.7,STR14,80.1,1,8.01,4.0,0.0,0.0,0.0,0.0,8.0,0.0,0.0,0.0,0.0,12.0,0.0,0.0,40.0,20.0,0.0,0.0,0.0,71.0,0.8999999999999986,29.933333333333337,7.633,0.3019999999999996,7.633
2019,7/25-8/4,N65,58,1706,31.2,STR14,82.71,1,8.270999999999999,4.0,0.0,0.0,0.0,0.0,8.0,0.0,0.0,0.0,0.0,12.0,0.0,0.0,40.0,20.0,0.0,0.0,0.0,69.0,0.5,30.566666666666666,8.01,0.3769999999999998,8.01
2019,8/9-8/19,N66,59,1777,29.1,STR14,83.32,1,8.331999999999999,4.0,0.0,0.0,0.0,0.0,8.0,0.0,0.0,0.0,0.0,12.0,0.0,0.0,40.0,20.0,0.0,0.0,0.0,71.0,-2.099999999999998,30.33333333333334,8.270999999999999,0.26099999999999923,8.270999999999999
2019,8/24-9/5,N67,60,1847,29.4,STR14,82.55,1,8.254999999999999,4.0,0.0,0.0,0.0,0.0,8.0,0.0,0.0,0.0,0.0,12.0,0.0,0.0,40.0,20.0,0.0,0.0,0.0,70.0,0.29999999999999716,29.900000000000002,8.331999999999999,0.06099999999999994,8.331999999999999
2019,9/10-9/20,N68,61,1915,24.1,STR14,81.96,1,8.196,4.0,0.0,0.0,0.0,0.0,8.0,0.0,0.0,0.0,0.0,12.0,0.0,0.0,40.0,20.0,0.0,0.0,0.0,68.0,-5.299999999999997,27.533333333333335,8.254999999999999,-0.07699999999999996,8.331999999999999
2019,9/25-10/13,N69,62,1981,21.8,STR14,79.57,1,7.956999999999999,4.0,0.0,0.0,0.0,0.0,8.0,0.0,0.0,0.0,0.0,12.0,0.0,0.0,40.0,20.0,0.0,0.0,0.0,66.0,-2.3000000000000007,25.100000000000005,8.196,-0.058999999999999275,8.331999999999999
2019,10/18-10/28,N70,63,2048,15.4,STR14,78.58,1,7.858,4.0,0.0,0.0,0.0,0.0,8.0,0.0,0.0,0.0,0.0,12.0,0.0,0.0,40.0,20.0,0.0,0.0,0.0,67.0,-6.4,20.433333333333334,7.956999999999999,-0.23900000000000077,8.331999999999999
2019,11/3-11/14,N71,64,2116,12.1,STR14,70.72,1,7.072,4.0,0.0,0.0,0.0,0.0,8.0,0.0,0.0,0.0,0.0,12.0,0.0,0.0,40.0,20.0,0.0,0.0,0.0,68.0,-3.3000000000000007,16.433333333333334,7.858,-0.09899999999999931,8.331999999999999
2019,11/20-12/1,N72,65,2184,3.8,STR14,69.36,1,6.936,4.0,0.0,0.0,0.0,0.0,8.0,0.0,0.0,0.0,0.0,12.0,0.0,0.0,40.0,20.0,0.0,0.0,0.0,68.0,-8.3,10.433333333333335,7.072,-0.7859999999999996,8.331999999999999
2019,12/5-12/21,N73,66,2290,0.8,STR14,75.14,1,7.514,4.0,0.0,0.0,0.0,0.0,8.0,0.0,0.0,0.0,0.0,12.0,0.0,0.0,40.0,20.0,0.0,0.0,0.0,106.0,-3.0,5.566666666666669,6.936,-0.13600000000000012,8.331999999999999
2019,12/26-1/5,N74,67,2396,0.1,STR14,75.17,1,7.517,4.0,0.0,0.0,0.0,0.0,8.0,0.0,0.0,0.0,0.0,12.0,0.0,0.0,40.0,20.0,0.0,0.0,0.0,106.0,-0.7000000000000001,1.566666666666669,7.514,0.5780000000000003,8.331999999999999
2020,3/19-3/31,N75,68,2501,14.9,STR14,75.65,1,7.565,4.0,0.0,0.0,0.0,0.0,8.0,0.0,0.0,0.0,0.0,12.0,0.0,0.0,40.0,20.0,0.0,0.0,0.0,105.0,14.8,5.266666666666669,7.517,0.0030000000000001137,8.331999999999999
2020,4/4-4/15,N76,69,2605,18.0,STR14,71.21,1,7.1209999999999996,4.0,0.0,0.0,0.0,0.0,8.0,0.0,0.0,0.0,0.0,12.0,0.0,0.0,40.0,20.0,0.0,0.0,0.0,104.0,3.0999999999999996,11.000000000000002,7.565,0.04800000000000004,8.331999999999999
2020,4/19-4/28,N77,70,2708,18.3,STR14,75.33,1,7.5329999999999995,4.0,0.0,0.0,0.0,0.0,8.0,0.0,0.0,0.0,0.0,12.0,0.0,0.0,40.0,20.0,0.0,0.0,0.0,103.0,0.3000000000000007,17.066666666666666,7.1209999999999996,-0.44400000000000084,8.331999999999999
2020,5/7,N78-中,71,2757,23.2,STR14,76.97,1,7.697,4.0,0.0,0.0,0.0,0.0,8.0,0.0,0.0,0.0,0.0,12.0,0.0,0.0,40.0,20.0,0.0,0.0,0.0,49.0,4.899999999999999,19.833333333333336,7.5329999999999995,0.4119999999999999,8.331999999999999
2020,5/1-5/10,N78,72,2783,18.6,STR14,77.78,1,7.7780000000000005,4.0,0.0,0.0,0.0,0.0,8.0,0.0,0.0,0.0,0.0,12.0,0.0,0.0,40.0,20.0,0.0,0.0,0.0,26.0,-4.599999999999998,20.033333333333335,7.697,0.1640000000000006,8.331999999999999
2020,5/19,N79-中,73,2824,22.1,STR14,78.98,1,7.898000000000001,4.0,0.0,0.0,0.0,0.0,8.0,0.0,0.0,0.0,0.0,12.0,0.0,0.0,40.0,20.0,0.0,0.0,0.0,41.0,3.5,21.300000000000004,7.7780000000000005,0.0810000000000004,8.331999999999999
2020,5/14-5/23,N79,74,2857,24.5,STR14,78.53,1,7.853,4.0,0.0,0.0,0.0,0.0,8.0,0.0,0.0,0.0,0.0,12.0,0.0,0.0,40.0,20.0,0.0,0.0,0.0,33.0,2.3999999999999986,21.733333333333338,7.898000000000001,0.1200000000000001,8.331999999999999
2020,6/2,N80-中,75,2900,27.0,STR14,83.68,1,8.368,4.0,0.0,0.0,0.0,0.0,8.0,0.0,0.0,0.0,0.0,12.0,0.0,0.0,40.0,20.0,0.0,0.0,0.0,43.0,2.5,24.533333333333335,7.853,-0.04500000000000082,8.331999999999999
2020,5/27-6/6,N80,76,2931,29.7,STR14,84.65,1,8.465,4.0,0.0,0.0,0.0,0.0,8.0,0.0,0.0,0.0,0.0,12.0,0.0,0.0,40.0,20.0,0.0,0.0,0.0,31.0,2.6999999999999993,27.066666666666666,8.368,0.5150000000000006,8.368
2020,6/17,N81-中,77,2987,31.7,STR14,81.77,1,8.177,4.0,0.0,0.0,0.0,0.0,8.0,0.0,0.0,0.0,0.0,12.0,0.0,0.0,40.0,20.0,0.0,0.0,0.0,56.0,2.0,29.46666666666667,8.465,0.09699999999999953,8.465
2020,6/10-6/19,N81,78,3006,29.0,STR14,85.1,1,8.51,4.0,0.0,0.0,0.0,0.0,8.0,0.0,0.0,0.0,0.0,12.0,0.0,0.0,40.0,20.0,0.0,0.0,0.0,19.0,-2.6999999999999993,30.133333333333336,8.177,-0.28800000000000026,8.465
2020,6/29,N82-中,79,3040,28.5,STR14,79.91,1,7.991,4.0,0.0,0.0,0.0,0.0,8.0,0.0,0.0,0.0,0.0,12.0,0.0,0.0,40.0,20.0,0.0,0.0,0.0,34.0,-0.5,29.733333333333334,8.51,0.3330000000000002,8.51
2020,6/25-7/5,N82,80,3081,28.9,STR14,78.8,1,7.88,4.0,0.0,0.0,0.0,0.0,8.0,0.0,0.0,0.0,0.0,12.0,0.0,0.0,40.0,20.0,0.0,0.0,0.0,41.0,0.3999999999999986,28.8,7.991,-0.5190000000000001,8.51
2020,7/15,N83-中,81,3128,26.7,STR14,81.94,1,8.193999999999999,4.0,0.0,0.0,0.0,0.0,8.0,0.0,0.0,0.0,0.0,12.0,0.0,0.0,40.0,20.0,0.0,0.0,0.0,47.0,-2.1999999999999993,28.033333333333335,7.88,-0.11099999999999977,8.51
2020,7/9-7/19,N83,82,3157,30.0,STR14,79.08,1,7.9079999999999995,4.0,0.0,0.0,0.0,0.0,8.0,0.0,0.0,0.0,0.0,12.0,0.0,0.0,40.0,20.0,0.0,0.0,0.0,29.0,3.3000000000000007,28.533333333333335,8.193999999999999,0.31399999999999917,8.51
2020,8/8,N84-中,83,3212,30.6,STR14,80.33,1,8.033,4.0,0.0,0.0,0.0,0.0,8.0,0.0,0.0,0.0,0.0,12.0,0.0,0.0,40.0,20.0,0.0,0.0,0.0,55.0,0.6000000000000014,29.100000000000005,7.9079999999999995,-0.2859999999999996,8.51
2020,7/24-8/11,N84,84,3233,30.8,STR14,83.45,1,8.345,4.0,0.0,0.0,0.0,0.0,8.0,0.0,0.0,0.0,0.0,12.0,0.0,0.0,40.0,20.0,0.0,0.0,0.0,21.0,0.1999999999999993,30.46666666666667,8.033,0.125,8.51
2020,8/21,N85-中,85,3275,25.8,STR14,80.56,1,8.056000000000001,4.0,0.0,0.0,0.0,0.0,8.0,0.0,0.0,0.0,0.0,12.0,0.0,0.0,40.0,20.0,0.0,0.0,0.0,42.0,-5.0,29.066666666666666,8.345,0.31200000000000117,8.51
2020,8/15-8/25,N85,86,3308,26.9,STR14,80.69,1,8.068999999999999,4.0,0.0,0.0,0.0,0.0,8.0,0.0,0.0,0.0,0.0,12.0,0.0,0.0,40.0,20.0,0.0,0.0,0.0,33.0,1.0999999999999979,27.83333333333334,8.056000000000001,-0.2889999999999997,8.51
2020,9/2,N86-中,87,3344,27.3,STR14,80.26,1,8.026,4.0,0.0,0.0,0.0,0.0,8.0,0.0,0.0,0.0,0.0,12.0,0.0,0.0,40.0,20.0,0.0,0.0,0.0,36.0,0.40000000000000213,26.666666666666668,8.068999999999999,0.012999999999998124,8.51
2020,8/29-9/7,N86,88,3383,27.5,STR14,82.28,1,8.228,4.0,0.0,0.0,0.0,0.0,8.0,0.0,0.0,0.0,0.0,12.0,0.0,0.0,40.0,20.0,0.0,0.0,0.0,39.0,0.1999999999999993,27.233333333333338,8.026,-0.04299999999999926,8.51
2020,9/20,N87-中,89,3432,23.8,STR14,80.48,1,8.048,4.0,0.0,0.0,0.0,0.0,8.0,0.0,0.0,0.0,0.0,12.0,0.0,0.0,40.0,20.0,0.0,0.0,0.0,49.0,-3.6999999999999993,26.200000000000003,8.228,0.20199999999999996,8.51
2020,9/14-9/23,N87,90,3458,23.7,STR14,79.33,1,7.933,4.0,0.0,0.0,0.0,0.0,8.0,0.0,0.0,0.0,0.0,12.0,0.0,0.0,40.0,20.0,0.0,0.0,0.0,26.0,-0.10000000000000142,25.0,8.048,-0.17999999999999972,8.51
2020,10/12,N88-中,91,3495,18.4,STR14,79.39,1,7.939,4.0,0.0,0.0,0.0,0.0,8.0,0.0,0.0,0.0,0.0,12.0,0.0,0.0,40.0,20.0,0.0,0.0,0.0,37.0,-5.300000000000001,21.96666666666667,7.933,-0.11500000000000021,8.51
2020,9/28-10/17,N88,92,3533,17.7,STR14,79.54,1,7.954000000000001,4.0,0.0,0.0,0.0,0.0,8.0,0.0,0.0,0.0,0.0,12.0,0.0,0.0,40.0,20.0,0.0,0.0,0.0,38.0,-0.6999999999999993,19.933333333333337,7.939,0.006000000000000227,8.51
2020,10/26,N89-中,93,3577,15.1,STR14,77.69,1,7.769,4.0,0.0,0.0,0.0,0.0,8.0,0.0,0.0,0.0,0.0,12.0,0.0,0.0,40.0,20.0,0.0,0.0,0.0,44.0,-2.5999999999999996,17.066666666666666,7.954000000000001,0.015000000000000568,8.51
2020,10/21-10/30,N89,94,3607,15.3,STR14,78.92,1,7.892,4.0,0.0,0.0,0.0,0.0,8.0,0.0,0.0,0.0,0.0,12.0,0.0,0.0,40.0,20.0,0.0,0.0,0.0,30.0,0.20000000000000107,16.033333333333335,7.769,-0.1850000000000005,8.51
2020,11/13,N90-中,95,3658,13.4,STR14,81.97,1,8.197,4.0,0.0,0.0,0.0,0.0,8.0,0.0,0.0,0.0,0.0,12.0,0.0,0.0,40.0,20.0,0.0,0.0,0.0,51.0,-1.9000000000000004,14.600000000000003,7.892,0.12300000000000022,8.51
2020,11/8-11/19,N90,96,3714,12.2,STR14,82.14,1,8.214,4.0,0.0,0.0,0.0,0.0,8.0,0.0,0.0,0.0,0.0,12.0,0.0,0.0,40.0,20.0,0.0,0.0,0.0,56.0,-1.200000000000001,13.633333333333335,8.197,0.3049999999999988,8.51
2020,11/29,N91-中,97,3768,3.5,STR14,76.75,1,7.675,4.0,0.0,0.0,0.0,0.0,8.0,0.0,0.0,0.0,0.0,12.0,0.0,0.0,40.0,20.0,0.0,0.0,0.0,54.0,-8.7,9.700000000000003,8.214,0.017000000000001236,8.51
2020,11/24-12/5,N91,98,3822,2.3,STR14,81.46,1,8.145999999999999,4.0,0.0,0.0,0.0,0.0,8.0,0.0,0.0,0.0,0.0,12.0,0.0,0.0,40.0,20.0,0.0,0.0,0.0,54.0,-1.2000000000000002,6.000000000000003,7.675,-0.5390000000000006,8.51
2020,12/25,N92-中,99,3875,-0.4,STR14,79.53,1,7.953,4.0,0.0,0.0,0.0,0.0,8.0,0.0,0.0,0.0,0.0,12.0,0.0,0.0,40.0,20.0,0.0,0.0,0.0,53.0,-2.6999999999999997,1.8000000000000023,8.145999999999999,0.4709999999999992,8.51
2020,12/10-12/22,N92,100,3929,-0.2,STR14,81.85,1,8.184999999999999,4.0,0.0,0.0,0.0,0.0,8.0,0.0,0.0,0.0,0.0,12.0,0.0,0.0,40.0,20.0,0.0,0.0,0.0,54.0,0.2,0.566666666666669,7.953,-0.19299999999999873,8.51
2020,12/31,N93-中,101,3980,-3.0,STR14,,0,,4.0,0.0,0.0,0.0,0.0,8.0,0.0,0.0,0.0,0.0,12.0,0.0,0.0,40.0,20.0,0.0,0.0,0.0,51.0,-2.8,-1.1999999999999977,8.184999999999999,0.23199999999999843,8.51
2020,12/26-1/6,N93,102,4037,-3.8,STR14,77.6,1,7.76,4.0,0.0,0.0,0.0,0.0,8.0,0.0,0.0,0.0,0.0,12.0,0.0,0.0,40.0,20.0,0.0,0.0,0.0,57.0,-0.7999999999999998,-2.333333333333331,8.184999999999999,0.23199999999999843,8.51
2021,1/15,N94-中,103,4090,1.4,STR14,79.49,1,7.949,4.0,0.0,0.0,0.0,0.0,8.0,0.0,0.0,0.0,0.0,12.0,0.0,0.0,40.0,20.0,0.0,0.0,0.0,53.0,5.199999999999999,-1.7999999999999978,7.76,-0.42499999999999893,8.51
2021,1/10-1/21,N94,104,4144,0.2,STR14,82.27,1,8.227,4.0,0.0,0.0,0.0,0.0,8.0,0.0,0.0,0.0,0.0,12.0,0.0,0.0,40.0,20.0,0.0,0.0,0.0,54.0,-1.2,-0.7333333333333308,7.949,0.18900000000000006,8.51
2021,3/24,N95-中,105,4204,11.9,STR14,80.17,1,8.017,4.0,0.0,0.0,0.0,0.0,8.0,0.0,0.0,0.0,0.0,12.0,0.0,0.0,40.0,20.0,0.0,0.0,0.0,60.0,11.700000000000001,4.500000000000003,8.227,0.27800000000000047,8.51
2021,3/18-3/29,N95,106,4252,14.2,STR14,84.86,1,8.486,4.0,0.0,0.0,0.0,0.0,8.0,0.0,0.0,0.0,0.0,12.0,0.0,0.0,40.0,20.0,0.0,0.0,0.0,48.0,2.299999999999999,8.766666666666667,8.017,-0.21000000000000085,8.51
2021,4/7,N96-中,107,4307,16.9,STR14,84.01,1,8.401,4.0,0.0,0.0,0.0,0.0,8.0,0.0,0.0,0.0,0.0,12.0,0.0,0.0,40.0,20.0,0.0,0.0,0.0,55.0,2.6999999999999993,14.333333333333334,8.486,0.4690000000000012,8.51
2021,4/2-4/12,N96,108,4358,16.8,STR14,86.83,1,8.683,4.0,0.0,0.0,0.0,0.0,8.0,0.0,0.0,0.0,0.0,12.0,0.0,0.0,40.0,20.0,0.0,0.0,0.0,51.0,-0.09999999999999787,15.966666666666669,8.401,-0.08500000000000085,8.51
2021,4/21,N97-中,109,4415,20.2,STR14,87.25,1,8.725,4.0,0.0,0.0,0.0,0.0,8.0,0.0,0.0,0.0,0.0,12.0,0.0,0.0,40.0,20.0,0.0,0.0,0.0,57.0,3.3999999999999986,17.96666666666667,8.683,0.28200000000000003,8.683
2021,4/16-4/26,N97,110,4466,19.2,STR14,87.61,1,8.761,4.0,0.0,0.0,0.0,0.0,8.0,0.0,0.0,0.0,0.0,12.0,0.0,0.0,40.0,20.0,0.0,0.0,0.0,51.0,-1.0,18.733333333333334,8.725,0.041999999999999815,8.725
2021,5/4,N98-中,111,4524,17.7,STR14,89.14,1,8.914,4.0,0.0,0.0,0.0,0.0,8.0,0.0,0.0,0.0,0.0,12.0,0.0,0.0,40.0,20.0,0.0,0.0,0.0,58.0,-1.5,19.033333333333335,8.761,0.03599999999999959,8.761
2021,4/29-5/9,N98,112,4573,20.8,STR14,86.26,1,8.626000000000001,4.0,0.0,0.0,0.0,0.0,8.0,0.0,0.0,0.0,0.0,12.0,0.0,0.0,40.0,20.0,0.0,0.0,0.0,49.0,3.1000000000000014,19.233333333333334,8.914,0.15300000000000047,8.914
2021,5/19,N99-中,113,4612,23.8,STR14,89.04,1,8.904,4.0,0.0,0.0,0.0,0.0,8.0,0.0,0.0,0.0,0.0,12.0,0.0,0.0,40.0,20.0,0.0,0.0,0.0,39.0,3.0,20.766666666666666,8.626000000000001,-0.2879999999999985,8.914
2021,5/14-5/24,N99,114,4650,25.1,STR14,87.37,1,8.737,4.0,0.0,0.0,0.0,0.0,8.0,0.0,0.0,0.0,0.0,12.0,0.0,0.0,40.0,20.0,0.0,0.0,0.0,38.0,1.3000000000000007,23.233333333333334,8.904,0.2779999999999987,8.914
2021,6/2,N100-中,115,4692,23.6,STR14,90.04,1,9.004000000000001,4.0,0.0,0.0,0.0,0.0,8.0,0.0,0.0,0.0,0.0,12.0,0.0,0.0,40.0,20.0,0.0,0.0,0.0,42.0,-1.5,24.16666666666667,8.737,-0.16699999999999982,8.914
2021,5/28-6/7,N100,116,4727,25.8,STR14,91.58,1,9.158,4.0,0.0,0.0,0.0,0.0,8.0,0.0,0.0,0.0,0.0,12.0,0.0,0.0,40.0,20.0,0.0,0.0,0.0,35.0,2.1999999999999993,24.833333333333332,9.004000000000001,0.26700000000000124,9.004000000000001
2021,6/16,N101-中,117,4768,30.1,STR14,89.82,1,8.982,4.0,0.0,0.0,0.0,0.0,8.0,0.0,0.0,0.0,0.0,12.0,0.0,0.0,40.0,20.0,0.0,0.0,0.0,41.0,4.300000000000001,26.5,9.158,0.15399999999999814,9.158
2021,6/11-6/20,N101,118,4805,30.2,STR14,93.63,1,9.363,4.0,0.0,0.0,0.0,0.0,8.0,0.0,0.0,0.0,0.0,12.0,0.0,0.0,40.0,20.0,0.0,0.0,0.0,37.0,0.09999999999999787,28.700000000000003,8.982,-0.17600000000000016,9.158
2021,6/30,N102-中,119,4843,27.2,STR14,93.89,1,9.389,4.0,0.0,0.0,0.0,0.0,8.0,0.0,0.0,0.0,0.0,12.0,0.0,0.0,40.0,20.0,0.0,0.0,0.0,38.0,-3.0,29.166666666666668,9.363,0.3810000000000002,9.363
2021,6/25-7/6,N102,120,4882,27.5,STR14,96.35,1,9.635,4.0,0.0,0.0,0.0,0.0,8.0,0.0,0.0,0.0,0.0,12.0,0.0,0.0,40.0,20.0,0.0,0.0,0.0,39.0,0.3000000000000007,28.3,9.389,0.0259999999999998,9.389
2021,7/14,N103-中,121,4922,29.1,STR14,95.1,1,9.51,4.0,0.0,0.0,0.0,0.0,8.0,0.0,0.0,0.0,0.0,12.0,0.0,0.0,40.0,20.0,0.0,0.0,0.0,40.0,1.6000000000000014,27.933333333333337,9.635,0.24600000000000044,9.635
2021,7/9-7/19,N103,122,4960,29.0,STR14,93.74,1,9.373999999999999,4.0,0.0,0.0,0.0,0.0,8.0,0.0,0.0,0.0,0.0,12.0,0.0,0.0,40.0,20.0,0.0,0.0,0.0,38.0,-0.10000000000000142,28.53333333333333,9.51,-0.125,9.635
2021,7/28,N104-中,123,4999,31.2,STR14,94.42,1,9.442,4.0,0.0,0.0,0.0,0.0,8.0,0.0,0.0,0.0,0.0,12.0,0.0,0.0,40.0,20.0,0.0,0.0,0.0,39.0,2.1999999999999993,29.766666666666666,9.373999999999999,-0.136000000000001,9.635
2021,7/23-8/1,N104,124,5037,29.9,STR14,94.99,1,9.498999999999999,4.0,0.0,0.0,0.0,0.0,8.0,0.0,0.0,0.0,0.0,12.0,0.0,0.0,40.0,20.0,0.0,0.0,0.0,38.0,-1.3000000000000007,30.033333333333335,9.442,0.06800000000000139,9.635
2021,8/10,N105-中,125,5077,30.5,STR14,97.49,1,9.748999999999999,4.0,0.0,0.0,0.0,0.0,8.0,0.0,0.0,0.0,0.0,12.0,0.0,0.0,40.0,20.0,0.0,0.0,0.0,40.0,0.6000000000000014,30.533333333333335,9.498999999999999,0.05699999999999861,9.635
2021,8/6-8/15,N105,126,5115,29.2,STR14,97.71,1,9.770999999999999,4.0,0.0,0.0,0.0,0.0,8.0,0.0,0.0,0.0,0.0,12.0,0.0,0.0,40.0,20.0,0.0,0.0,0.0,38.0,-1.3000000000000007,29.866666666666664,9.748999999999999,0.25,9.748999999999999
2021,8/25,N106-中,127,5151,28.1,STR14,98.79,1,9.879000000000001,4.0,0.0,0.0,0.0,0.0,8.0,0.0,0.0,0.0,0.0,12.0,0.0,0.0,40.0,20.0,0.0,0.0,0.0,36.0,-1.0999999999999979,29.26666666666667,9.770999999999999,0.02200000000000024,9.770999999999999
2021,8/20-8/29,N106,128,5193,27.5,STR14,96.97,1,9.697,4.0,0.0,0.0,0.0,0.0,8.0,0.0,0.0,0.0,0.0,12.0,0.0,0.0,40.0,20.0,0.0,0.0,0.0,42.0,-0.6000000000000014,28.26666666666667,9.879000000000001,0.10800000000000232,9.879000000000001
2021,9/8,N107-中,129,5237,24.1,STR14,98.76,1,9.876000000000001,4.0,0.0,0.0,0.0,0.0,8.0,0.0,0.0,0.0,0.0,12.0,0.0,0.0,40.0,20.0,0.0,0.0,0.0,44.0,-3.3999999999999986,26.566666666666666,9.697,-0.18200000000000216,9.879000000000001
2021,9/03-9/13,N107,130,5271,25.2,STR14,93.6,1,9.36,4.0,0.0,0.0,0.0,0.0,8.0,0.0,0.0,0.0,0.0,12.0,0.0,0.0,40.0,20.0,0.0,0.0,0.0,34.0,1.0999999999999979,25.600000000000005,9.876000000000001,0.17900000000000205,9.879000000000001
2021,9/22,N108-中,131,5314,22.2,STR14,101.88,1,10.187999999999999,4.0,0.0,0.0,0.0,0.0,8.0,0.0,0.0,0.0,0.0,12.0,0.0,0.0,40.0,20.0,0.0,0.0,0.0,43.0,-3.0,23.833333333333332,9.36,-0.5160000000000018,9.879000000000001
2021,9/17-9/26,N108,132,5349,22.5,STR14,95.06,1,9.506,4.0,0.0,0.0,0.0,0.0,8.0,0.0,0.0,0.0,0.0,12.0,0.0,0.0,40.0,20.0,0.0,0.0,0.0,35.0,0.3000000000000007,23.3,10.187999999999999,0.8279999999999994,10.187999999999999
2021,10/13,N109-中,133,5387,16.3,STR14,97.65,1,9.765,4.0,0.0,0.0,0.0,0.0,8.0,0.0,0.0,0.0,0.0,12.0,0.0,0.0,40.0,20.0,0.0,0.0,0.0,38.0,-6.199999999999999,20.333333333333332,9.506,-0.6819999999999986,10.187999999999999
2021,10/8-10/18,N109,134,5427,15.6,STR14,91.83,1,9.183,4.0,0.0,0.0,0.0,0.0,8.0,0.0,0.0,0.0,0.0,12.0,0.0,0.0,40.0,20.0,0.0,0.0,0.0,40.0,-0.7000000000000011,18.133333333333333,9.765,0.25900000000000034,10.187999999999999
2021,10/27,N110-中,135,5469,15.5,STR14,94.03,1,9.403,4.0,0.0,0.0,0.0,0.0,8.0,0.0,0.0,0.0,0.0,12.0,0.0,0.0,40.0,20.0,0.0,0.0,0.0,42.0,-0.09999999999999964,15.800000000000002,9.183,-0.5820000000000007,10.187999999999999
2021,10/22-11/1,N110,136,5504,15.5,STR14,90.95,1,9.095,4.0,0.0,0.0,0.0,0.0,8.0,0.0,0.0,0.0,0.0,12.0,0.0,0.0,40.0,20.0,0.0,0.0,0.0,35.0,0.0,15.533333333333333,9.403,0.22000000000000064,10.187999999999999
2021,11/11,N111-中,137,5556,7.7,STR14,88.35,1,8.834999999999999,4.0,0.0,0.0,0.0,0.0,8.0,0.0,0.0,0.0,0.0,12.0,0.0,0.0,40.0,20.0,0.0,0.0,0.0,52.0,-7.8,12.9,9.095,-0.30799999999999983,10.187999999999999
2021,11/05-11/17,N111,138,5612,9.3,STR14,90.83,1,9.083,4.0,0.0,0.0,0.0,0.0,8.0,0.0,0.0,0.0,0.0,12.0,0.0,0.0,40.0,20.0,0.0,0.0,0.0,56.0,1.6000000000000005,10.833333333333334,8.834999999999999,-0.26000000000000156,10.187999999999999
2021,11/25,N112-中,139,5669,5.5,STR14,91.13,1,9.113,4.0,0.0,0.0,0.0,0.0,8.0,0.0,0.0,0.0,0.0,12.0,0.0,0.0,40.0,20.0,0.0,0.0,0.0,57.0,-3.8000000000000007,7.500000000000001,9.083,0.2480000000000011,10.187999999999999
2021,11/20-11/30,N112,140,5720,6.4,STR14,89.36,1,8.936,4.0,0.0,0.0,0.0,0.0,8.0,0.0,0.0,0.0,0.0,12.0,0.0,0.0,40.0,20.0,0.0,0.0,0.0,51.0,0.9000000000000004,7.066666666666667,9.113,0.02999999999999936,10.187999999999999
2021,12/9,N113-中,141,5778,7.2,STR14,87.71,1,8.770999999999999,4.0,0.0,0.0,0.0,0.0,8.0,0.0,0.0,0.0,0.0,12.0,0.0,0.0,40.0,20.0,0.0,0.0,0.0,58.0,0.7999999999999998,6.366666666666668,8.936,-0.1769999999999996,10.187999999999999
2021,12/4-12/14,N113,142,5828,5.4,STR14,89.08,1,8.908,4.0,0.0,0.0,0.0,0.0,8.0,0.0,0.0,0.0,0.0,12.0,0.0,0.0,40.0,20.0,0.0,0.0,0.0,50.0,-1.7999999999999998,6.333333333333335,8.770999999999999,-0.16500000000000092,10.187999999999999
2021,12/23,N114-中,143,5889,3.1,STR14,89.99,1,8.998999999999999,4.0,0.0,0.0,0.0,0.0,8.0,0.0,0.0,0.0,0.0,12.0,0.0,0.0,40.0,20.0,0.0,0.0,0.0,61.0,-2.3000000000000003,5.233333333333335,8.908,0.13700000000000045,10.187999999999999
2021,12/17-12/28,N114,144,5936,0.2,STR14,87.76,1,8.776,4.0,0.0,0.0,0.0,0.0,8.0,0.0,0.0,0.0,0.0,12.0,0.0,0.0,40.0,20.0,0.0,0.0,0.0,47.0,-2.9,2.900000000000001,8.998999999999999,0.0909999999999993,10.187999999999999
2021,1/8,N115-中,145,5992,1.1,STR14,89.18,1,8.918000000000001,4.0,0.0,0.0,0.0,0.0,8.0,0.0,0.0,0.0,0.0,12.0,0.0,0.0,40.0,20.0,0.0,0.0,0.0,56.0,0.9000000000000001,1.466666666666668,8.776,-0.22299999999999898,10.187999999999999
2021,1/3-1/13,N115,146,6044,0.8,STR14,91.22,1,9.122,4.0,0.0,0.0,0.0,0.0,8.0,0.0,0.0,0.0,0.0,12.0,0.0,0.0,40.0,20.0,0.0,0.0,0.0,52.0,-0.30000000000000004,0.7000000000000012,8.918000000000001,0.14200000000000124,10.187999999999999
2016,11/30-12/10,N1,0,3,3.8,STR15,18.79,1,1.879,4.0,0.0,0.0,0.0,0.0,0.0,8.0,0.0,24.0,0.0,0.0,0.0,20.0,0.0,0.0,0.0,0.0,44.0,0.0,0.0,3.8,,,
2016,12/13-12/24,N2,1,10,1.2,STR15,17.84,1,1.784,4.0,0.0,0.0,0.0,0.0,0.0,8.0,0.0,24.0,0.0,0.0,0.0,20.0,0.0,0.0,0.0,0.0,44.0,7.0,-2.5999999999999996,2.5,1.879,,1.879
2016,12/27-1/9,N3,2,30,0.9,STR15,17.91,1,1.791,4.0,0.0,0.0,0.0,0.0,0.0,8.0,0.0,24.0,0.0,0.0,0.0,20.0,0.0,0.0,0.0,0.0,44.0,20.0,-0.29999999999999993,1.9666666666666666,1.784,-0.09499999999999997,1.879
2017,1/12-2/23,N4,3,48,3.6,STR15,18.6,1,1.86,4.0,0.0,0.0,0.0,0.0,0.0,8.0,0.0,24.0,0.0,0.0,0.0,20.0,0.0,0.0,0.0,0.0,44.0,18.0,2.7,1.9000000000000001,1.791,0.006999999999999895,1.879
2017,2/26-3/10,N5,4,67,11.4,STR15,,0,,4.0,0.0,0.0,0.0,0.0,0.0,8.0,0.0,24.0,0.0,0.0,0.0,20.0,0.0,0.0,0.0,0.0,44.0,19.0,7.800000000000001,5.3,1.86,0.06900000000000017,1.879
2017,3/13-3/23,N6,5,85,13.9,STR15,22.57,1,2.257,4.0,0.0,0.0,0.0,0.0,0.0,8.0,0.0,24.0,0.0,0.0,0.0,20.0,0.0,0.0,0.0,0.0,44.0,18.0,2.5,9.633333333333333,1.86,0.06900000000000017,1.879
2017,3/26-4/6,N7,6,104,19.1,STR15,21.04,1,2.104,4.0,0.0,0.0,0.0,0.0,0.0,8.0,0.0,24.0,0.0,0.0,0.0,20.0,0.0,0.0,0.0,0.0,44.0,19.0,5.200000000000001,14.799999999999999,2.257,0.397,2.257
2017,4/9-4/13,N8,7,108,21.1,STR15,21.66,1,2.166,4.0,0.0,0.0,0.0,0.0,0.0,8.0,0.0,24.0,0.0,0.0,0.0,20.0,0.0,0.0,0.0,0.0,44.0,4.0,2.0,18.033333333333335,2.104,-0.15300000000000002,2.257
2017,4/17-4-21,N9,8,109,21.7,STR15,20.32,1,2.032,4.0,0.0,0.0,0.0,0.0,0.0,8.0,0.0,24.0,0.0,0.0,0.0,20.0,0.0,0.0,0.0,0.0,44.0,1.0,0.5999999999999979,20.633333333333336,2.166,0.06199999999999983,2.257
2017,4/24-5/4,N10,9,129,27.0,STR15,22.98,1,2.298,4.0,0.0,0.0,0.0,0.0,0.0,8.0,0.0,24.0,0.0,0.0,0.0,20.0,0.0,0.0,0.0,0.0,44.0,20.0,5.300000000000001,23.266666666666666,2.032,-0.1339999999999999,2.257
2017,5/7-5-17,N11,10,149,30.1,STR15,28.74,1,2.8739999999999997,4.0,0.0,0.0,0.0,0.0,0.0,8.0,0.0,24.0,0.0,0.0,0.0,20.0,0.0,0.0,0.0,0.0,44.0,20.0,3.1000000000000014,26.266666666666666,2.298,0.266,2.298
2017,5/20-5/30,N12,11,168,30.2,STR15,33.55,1,3.3549999999999995,4.0,0.0,0.0,0.0,0.0,0.0,8.0,0.0,24.0,0.0,0.0,0.0,20.0,0.0,0.0,0.0,0.0,44.0,19.0,0.09999999999999787,29.099999999999998,2.8739999999999997,0.5759999999999996,2.8739999999999997
2017,6/2-6/12,N13,12,188,29.6,STR15,36.33,1,3.633,4.0,0.0,0.0,0.0,0.0,0.0,8.0,0.0,24.0,0.0,0.0,0.0,20.0,0.0,0.0,0.0,0.0,44.0,20.0,-0.5999999999999979,29.96666666666667,3.3549999999999995,0.48099999999999987,3.3549999999999995
2017,6/16-6/26,N14,13,206,30.1,STR15,39.43,1,3.943,4.0,0.0,0.0,0.0,0.0,0.0,8.0,0.0,24.0,0.0,0.0,0.0,20.0,0.0,0.0,0.0,0.0,44.0,18.0,0.5,29.96666666666667,3.633,0.27800000000000047,3.633
2017,6/29-7/10,N15,14,224,28.6,STR15,41.64,1,4.164,4.0,0.0,0.0,0.0,0.0,0.0,8.0,0.0,24.0,0.0,0.0,0.0,20.0,0.0,0.0,0.0,0.0,44.0,18.0,-1.5,29.433333333333337,3.943,0.31000000000000005,3.943
2017,7/13-7/23,N16-17,15,230,31.4,STR15,43.79,1,4.379,4.0,0.0,0.0,0.0,0.0,0.0,8.0,0.0,24.0,0.0,0.0,0.0,20.0,0.0,0.0,0.0,0.0,44.0,6.0,2.799999999999997,30.03333333333333,4.164,0.22099999999999964,4.164
2017,7/27-8/7,N18,16,250,32.1,STR15,46.91,1,4.691,4.0,0.0,0.0,0.0,0.0,0.0,8.0,0.0,24.0,0.0,0.0,0.0,20.0,0.0,0.0,0.0,0.0,44.0,20.0,0.7000000000000028,30.7,4.379,0.21499999999999986,4.379
2017,8/10-8/21,N19,17,268,28.6,STR15,46.61,1,4.661,4.0,0.0,0.0,0.0,0.0,0.0,8.0,0.0,24.0,0.0,0.0,0.0,20.0,0.0,0.0,0.0,0.0,44.0,18.0,-3.5,30.7,4.691,0.3120000000000003,4.691
2017,8/25-9/4,N20,18,286,26.3,STR15,40.41,1,4.0409999999999995,4.0,0.0,0.0,0.0,0.0,0.0,8.0,0.0,24.0,0.0,0.0,0.0,20.0,0.0,0.0,0.0,0.0,44.0,18.0,-2.3000000000000007,29.0,4.661,-0.03000000000000025,4.691
2017,9/8-9/18,N21,19,305,28.2,STR15,50.74,1,5.074,4.0,0.0,0.0,0.0,0.0,0.0,8.0,0.0,24.0,0.0,0.0,0.0,20.0,0.0,0.0,0.0,0.0,44.0,19.0,1.8999999999999986,27.7,4.0409999999999995,-0.6200000000000001,4.691
2017,9/21-10/9,N22,20,323,22.9,STR15,43.38,1,4.338,4.0,0.0,0.0,0.0,0.0,0.0,8.0,0.0,24.0,0.0,0.0,0.0,20.0,0.0,0.0,0.0,0.0,44.0,18.0,-5.300000000000001,25.8,5.074,1.0330000000000004,5.074
2017,10/13-10/25,N23,21,346,14.9,STR15,48.57,1,4.857,4.0,0.0,0.0,0.0,0.0,0.0,8.0,0.0,24.0,0.0,0.0,0.0,20.0,0.0,0.0,0.0,0.0,44.0,23.0,-7.999999999999998,22.0,4.338,-0.7359999999999998,5.074
2017,11/1-11/12,N24-25,22,352,11.1,STR15,53.1,1,5.3100000000000005,4.0,0.0,0.0,0.0,0.0,0.0,8.0,0.0,24.0,0.0,0.0,0.0,20.0,0.0,0.0,0.0,0.0,44.0,6.0,-3.8000000000000007,16.3,4.857,0.5190000000000001,5.074
2017,11/15-11/26,N26,23,371,3.8,STR15,54.88,1,5.488,4.0,0.0,0.0,0.0,0.0,0.0,8.0,0.0,24.0,0.0,0.0,0.0,20.0,0.0,0.0,0.0,0.0,44.0,19.0,-7.3,9.933333333333334,5.3100000000000005,0.4530000000000003,5.3100000000000005
2017,12/9-12/21,N27,24,391,0.0,STR15,61.93,1,6.193,4.0,0.0,0.0,0.0,0.0,0.0,8.0,0.0,24.0,0.0,0.0,0.0,20.0,0.0,0.0,0.0,0.0,44.0,20.0,-3.8,4.966666666666666,5.488,0.17799999999999994,5.488
2017,12/23-1/3,N28,25,410,0.2,STR15,51.6,1,5.16,4.0,0.0,0.0,0.0,0.0,0.0,8.0,0.0,24.0,0.0,0.0,0.0,20.0,0.0,0.0,0.0,0.0,44.0,19.0,0.2,1.3333333333333333,6.193,0.7049999999999992,6.193
2018,1/7-1/18,N29-30,26,415,-1.0,STR15,46.56,1,4.656000000000001,4.0,0.0,0.0,0.0,0.0,0.0,8.0,0.0,24.0,0.0,0.0,0.0,20.0,0.0,0.0,0.0,0.0,44.0,5.0,-1.2,-0.26666666666666666,5.16,-1.0329999999999995,6.193
2018,1/20-1/30,N31,27,434,-2.2,STR15,54.93,1,5.493,4.0,0.0,0.0,0.0,0.0,0.0,8.0,0.0,24.0,0.0,0.0,0.0,20.0,0.0,0.0,0.0,0.0,44.0,19.0,-1.2000000000000002,-1.0,4.656000000000001,-0.5039999999999996,6.193
2018,3/9-3/21,N32,28,454,8.3,STR15,58.03,1,5.803,4.0,0.0,0.0,0.0,0.0,0.0,8.0,0.0,24.0,0.0,0.0,0.0,20.0,0.0,0.0,0.0,0.0,44.0,20.0,10.5,1.7000000000000002,5.493,0.8369999999999997,6.193
2018,3/25-4/7,N33,29,473,15.7,STR15,51.63,1,5.163,4.0,0.0,0.0,0.0,0.0,0.0,8.0,0.0,24.0,0.0,0.0,0.0,20.0,0.0,0.0,0.0,0.0,44.0,19.0,7.399999999999999,7.266666666666667,5.803,0.3099999999999996,6.193
2018,4/10-4/21,N34,30,492,19.4,STR15,64.59,1,6.4590000000000005,4.0,0.0,0.0,0.0,0.0,0.0,8.0,0.0,24.0,0.0,0.0,0.0,20.0,0.0,0.0,0.0,0.0,44.0,19.0,3.6999999999999993,14.466666666666667,5.163,-0.6399999999999997,6.193
2018,4/26-5/7,N35-36,31,498,23.7,STR15,60.09,1,6.009,4.0,0.0,0.0,0.0,0.0,0.0,8.0,0.0,24.0,0.0,0.0,0.0,20.0,0.0,0.0,0.0,0.0,44.0,6.0,4.300000000000001,19.599999999999998,6.4590000000000005,1.2960000000000003,6.4590000000000005
2018,5/10-5/21,N37,32,517,24.1,STR15,63.01,1,6.301,4.0,0.0,0.0,0.0,0.0,0.0,8.0,0.0,24.0,0.0,0.0,0.0,20.0,0.0,0.0,0.0,0.0,44.0,19.0,0.40000000000000213,22.400000000000002,6.009,-0.4500000000000002,6.4590000000000005
2018,5/24-6/4,N38,33,536,29.7,STR15,47.43,1,4.743,4.0,0.0,0.0,0.0,0.0,0.0,8.0,0.0,24.0,0.0,0.0,0.0,20.0,0.0,0.0,0.0,0.0,44.0,19.0,5.599999999999998,25.833333333333332,6.301,0.2919999999999998,6.4590000000000005
2018,6/7-6/19,N39,34,556,26.6,STR15,56.91,1,5.691,4.0,0.0,0.0,0.0,0.0,0.0,8.0,0.0,24.0,0.0,0.0,0.0,20.0,0.0,0.0,0.0,0.0,44.0,20.0,-3.099999999999998,26.8,4.743,-1.5579999999999998,6.4590000000000005
2018,6/22-7/2,N40,35,574,32.8,STR15,49.64,1,4.964,4.0,0.0,0.0,0.0,0.0,0.0,8.0,0.0,24.0,0.0,0.0,0.0,20.0,0.0,0.0,0.0,0.0,44.0,18.0,6.199999999999996,29.7,5.691,0.9479999999999995,6.4590000000000005
2018,7/5-7/17,N41,36,593,28.3,STR15,59.26,1,5.926,4.0,0.0,0.0,0.0,0.0,0.0,8.0,0.0,24.0,0.0,0.0,0.0,20.0,0.0,0.0,0.0,0.0,44.0,19.0,-4.4999999999999964,29.233333333333334,4.964,-0.7269999999999994,6.4590000000000005
2018,7/22-7/31,N42,37,612,32.7,STR15,62.16,1,6.215999999999999,4.0,0.0,0.0,0.0,0.0,0.0,8.0,0.0,24.0,0.0,0.0,0.0,20.0,0.0,0.0,0.0,0.0,44.0,19.0,4.400000000000002,31.26666666666667,5.926,0.9619999999999997,6.4590000000000005
2018,8/3-8/14,N43-44,38,618,30.5,STR15,62.7,1,6.2700000000000005,4.0,0.0,0.0,0.0,0.0,0.0,8.0,0.0,24.0,0.0,0.0,0.0,20.0,0.0,0.0,0.0,0.0,44.0,6.0,-2.200000000000003,30.5,6.215999999999999,0.28999999999999915,6.4590000000000005
2018,8/17-8/30,N45,39,636,29.6,STR15,65.63,1,6.563,4.0,0.0,0.0,0.0,0.0,0.0,8.0,0.0,24.0,0.0,0.0,0.0,20.0,0.0,0.0,0.0,0.0,44.0,18.0,-0.8999999999999986,30.933333333333337,6.2700000000000005,0.05400000000000116,6.4590000000000005
2018,9/2-9/12,N46,40,655,26.9,STR15,63.94,1,6.394,4.0,0.0,0.0,0.0,0.0,0.0,8.0,0.0,24.0,0.0,0.0,0.0,20.0,0.0,0.0,0.0,0.0,44.0,19.0,-2.700000000000003,29.0,6.563,0.29299999999999926,6.563
2018,9/15-9/25,N47,41,675,22.8,STR15,64.43,1,6.4430000000000005,4.0,0.0,0.0,0.0,0.0,0.0,8.0,0.0,24.0,0.0,0.0,0.0,20.0,0.0,0.0,0.0,0.0,44.0,20.0,-4.099999999999998,26.433333333333337,6.394,-0.1689999999999996,6.563
2018,10/4-10/15,N48,42,694,17.4,STR15,62.39,1,6.239,4.0,0.0,0.0,0.0,0.0,0.0,8.0,0.0,24.0,0.0,0.0,0.0,20.0,0.0,0.0,0.0,0.0,44.0,19.0,-5.400000000000002,22.36666666666667,6.4430000000000005,0.04900000000000038,6.563
2018,10/17-10/28,N49,43,714,14.8,STR15,63.1,1,6.3100000000000005,4.0,0.0,0.0,0.0,0.0,0.0,8.0,0.0,24.0,0.0,0.0,0.0,20.0,0.0,0.0,0.0,0.0,44.0,20.0,-2.599999999999998,18.333333333333336,6.239,-0.20400000000000063,6.563
2018,11/2-11/16,N50-51,44,719,9.8,STR15,63.3,1,6.33,4.0,0.0,0.0,0.0,0.0,0.0,8.0,0.0,24.0,0.0,0.0,0.0,20.0,0.0,0.0,0.0,0.0,44.0,5.0,-5.0,14.0,6.3100000000000005,0.07100000000000062,6.563
2018,11/20-12/1,N52,45,738,6.5,STR15,55.33,1,5.5329999999999995,4.0,0.0,0.0,0.0,0.0,0.0,8.0,0.0,24.0,0.0,0.0,0.0,20.0,0.0,0.0,0.0,0.0,44.0,19.0,-3.3000000000000007,10.366666666666669,6.33,0.019999999999999574,6.563
2018,12/4-12/17,N53,46,757,-1.1,STR15,60.13,1,6.013,4.0,0.0,0.0,0.0,0.0,0.0,8.0,0.0,24.0,0.0,0.0,0.0,20.0,0.0,0.0,0.0,0.0,44.0,19.0,-7.6,5.066666666666669,5.5329999999999995,-0.7970000000000006,6.563
2018,12/30-2019/1/14,N54,47,834,-0.2,STR15,59.96,1,5.996,4.0,0.0,0.0,0.0,0.0,0.0,8.0,0.0,24.0,0.0,0.0,0.0,20.0,0.0,0.0,0.0,0.0,44.0,77.0,0.9000000000000001,1.7333333333333358,6.013,0.4800000000000004,6.563
2019,1/18-1/28,N55,48,912,4.0,STR15,56.34,1,5.634,4.0,0.0,0.0,0.0,0.0,0.0,8.0,0.0,24.0,0.0,0.0,0.0,20.0,0.0,0.0,0.0,0.0,44.0,78.0,4.2,0.9000000000000022,5.996,-0.01699999999999946,6.563
2019,3/1-3/20,N56,49,1013,14.2,STR15,59.68,1,5.968,4.0,0.0,0.0,0.0,0.0,0.0,8.0,0.0,24.0,0.0,0.0,0.0,20.0,0.0,0.0,0.0,0.0,44.0,101.0,10.2,6.000000000000003,5.634,-0.3620000000000001,6.563
2019,3/24-4/4,N57,50,1114,14.5,STR15,62.08,1,6.208,4.0,0.0,0.0,0.0,0.0,0.0,8.0,0.0,24.0,0.0,0.0,0.0,20.0,0.0,0.0,0.0,0.0,44.0,101.0,0.3000000000000007,10.9,5.968,0.33399999999999963,6.563
2019,4/10-4/20,N58,51,1215,18.9,STR15,60.56,1,6.056,4.0,0.0,0.0,0.0,0.0,0.0,8.0,0.0,24.0,0.0,0.0,0.0,20.0,0.0,0.0,0.0,0.0,44.0,101.0,4.399999999999999,15.866666666666669,6.208,0.2400000000000002,6.563
2019,4/25-5/5,N59,52,1317,20.3,STR15,61.68,1,6.168,4.0,0.0,0.0,0.0,0.0,0.0,8.0,0.0,24.0,0.0,0.0,0.0,20.0,0.0,0.0,0.0,0.0,44.0,102.0,1.4000000000000021,17.900000000000002,6.056,-0.15200000000000014,6.563
2019,5/9-5/21,N60,53,1376,25.0,STR15,64.18,1,6.418000000000001,4.0,0.0,0.0,0.0,0.0,0.0,8.0,0.0,24.0,0.0,0.0,0.0,20.0,0.0,0.0,0.0,0.0,44.0,59.0,4.699999999999999,21.400000000000002,6.168,0.1120000000000001,6.563
2019,5/27-6/5,N61,54,1441,27.8,STR15,61.33,1,6.133,4.0,0.0,0.0,0.0,0.0,0.0,8.0,0.0,24.0,0.0,0.0,0.0,20.0,0.0,0.0,0.0,0.0,44.0,65.0,2.8000000000000007,24.36666666666667,6.418000000000001,0.2500000000000009,6.563
2019,6/12-6/22,N62,55,1508,29.3,STR15,66.9,1,6.69,4.0,0.0,0.0,0.0,0.0,0.0,8.0,0.0,24.0,0.0,0.0,0.0,20.0,0.0,0.0,0.0,0.0,44.0,67.0,1.5,27.36666666666667,6.133,-0.28500000000000103,6.563
2019,6/27-7/7,N63,56,1566,29.8,STR15,71.48,1,7.148000000000001,4.0,0.0,0.0,0.0,0.0,0.0,8.0,0.0,24.0,0.0,0.0,0.0,20.0,0.0,0.0,0.0,0.0,44.0,58.0,0.5,28.96666666666667,6.69,0.5570000000000004,6.69
2019,7/11-7/21,N64,57,1637,30.7,STR15,75.65,1,7.565,4.0,0.0,0.0,0.0,0.0,0.0,8.0,0.0,24.0,0.0,0.0,0.0,20.0,0.0,0.0,0.0,0.0,44.0,71.0,0.8999999999999986,29.933333333333337,7.148000000000001,0.4580000000000002,7.148000000000001
2019,7/25-8/4,N65,58,1706,31.2,STR15,80.16,1,8.016,4.0,0.0,0.0,0.0,0.0,0.0,8.0,0.0,24.0,0.0,0.0,0.0,20.0,0.0,0.0,0.0,0.0,44.0,69.0,0.5,30.566666666666666,7.565,0.4169999999999998,7.565
2019,8/9-8/19,N66,59,1777,29.1,STR15,82.19,1,8.219,4.0,0.0,0.0,0.0,0.0,0.0,8.0,0.0,24.0,0.0,0.0,0.0,20.0,0.0,0.0,0.0,0.0,44.0,71.0,-2.099999999999998,30.33333333333334,8.016,0.4509999999999996,8.016
2019,8/24-9/5,N67,60,1847,29.4,STR15,80.1,1,8.01,4.0,0.0,0.0,0.0,0.0,0.0,8.0,0.0,24.0,0.0,0.0,0.0,20.0,0.0,0.0,0.0,0.0,44.0,70.0,0.29999999999999716,29.900000000000002,8.219,0.2029999999999994,8.219
2019,9/10-9/20,N68,61,1915,24.1,STR15,79.87,1,7.987,4.0,0.0,0.0,0.0,0.0,0.0,8.0,0.0,24.0,0.0,0.0,0.0,20.0,0.0,0.0,0.0,0.0,44.0,68.0,-5.299999999999997,27.533333333333335,8.01,-0.20899999999999963,8.219
2019,9/25-10/13,N69,62,1981,21.8,STR15,72.27,1,7.226999999999999,4.0,0.0,0.0,0.0,0.0,0.0,8.0,0.0,24.0,0.0,0.0,0.0,20.0,0.0,0.0,0.0,0.0,44.0,66.0,-2.3000000000000007,25.100000000000005,7.987,-0.022999999999999687,8.219
2019,10/18-10/28,N70,63,2048,15.4,STR15,75.38,1,7.537999999999999,4.0,0.0,0.0,0.0,0.0,0.0,8.0,0.0,24.0,0.0,0.0,0.0,20.0,0.0,0.0,0.0,0.0,44.0,67.0,-6.4,20.433333333333334,7.226999999999999,-0.7600000000000007,8.219
2019,11/3-11/14,N71,64,2116,12.1,STR15,73.99,1,7.398999999999999,4.0,0.0,0.0,0.0,0.0,0.0,8.0,0.0,24.0,0.0,0.0,0.0,20.0,0.0,0.0,0.0,0.0,44.0,68.0,-3.3000000000000007,16.433333333333334,7.537999999999999,0.31099999999999994,8.219
2019,11/20-12/1,N72,65,2184,3.8,STR15,73.8,1,7.38,4.0,0.0,0.0,0.0,0.0,0.0,8.0,0.0,24.0,0.0,0.0,0.0,20.0,0.0,0.0,0.0,0.0,44.0,68.0,-8.3,10.433333333333335,7.398999999999999,-0.13900000000000023,8.219
2019,12/5-12/21,N73,66,2290,0.8,STR15,75.81,1,7.581,4.0,0.0,0.0,0.0,0.0,0.0,8.0,0.0,24.0,0.0,0.0,0.0,20.0,0.0,0.0,0.0,0.0,44.0,106.0,-3.0,5.566666666666669,7.38,-0.01899999999999924,8.219
2019,12/26-1/5,N74,67,2396,0.1,STR15,76.76,1,7.676,4.0,0.0,0.0,0.0,0.0,0.0,8.0,0.0,24.0,0.0,0.0,0.0,20.0,0.0,0.0,0.0,0.0,44.0,106.0,-0.7000000000000001,1.566666666666669,7.581,0.2010000000000005,8.219
2020,3/19-3/31,N75,68,2501,14.9,STR15,76.51,1,7.651000000000001,4.0,0.0,0.0,0.0,0.0,0.0,8.0,0.0,24.0,0.0,0.0,0.0,20.0,0.0,0.0,0.0,0.0,44.0,105.0,14.8,5.266666666666669,7.676,0.09499999999999975,8.219
2020,4/4-4/15,N76,69,2605,18.0,STR15,76.88,1,7.688,4.0,0.0,0.0,0.0,0.0,0.0,8.0,0.0,24.0,0.0,0.0,0.0,20.0,0.0,0.0,0.0,0.0,44.0,104.0,3.0999999999999996,11.000000000000002,7.651000000000001,-0.024999999999999467,8.219
2020,4/19-4/28,N77,70,2708,18.3,STR15,78.81,1,7.881,4.0,0.0,0.0,0.0,0.0,0.0,8.0,0.0,24.0,0.0,0.0,0.0,20.0,0.0,0.0,0.0,0.0,44.0,103.0,0.3000000000000007,17.066666666666666,7.688,0.036999999999999034,8.219
2020,5/7,N78-中,71,2757,23.2,STR15,77.15,1,7.715000000000001,4.0,0.0,0.0,0.0,0.0,0.0,8.0,0.0,24.0,0.0,0.0,0.0,20.0,0.0,0.0,0.0,0.0,44.0,49.0,4.899999999999999,19.833333333333336,7.881,0.1930000000000005,8.219
2020,5/1-5/10,N78,72,2783,18.6,STR15,79.64,1,7.964,4.0,0.0,0.0,0.0,0.0,0.0,8.0,0.0,24.0,0.0,0.0,0.0,20.0,0.0,0.0,0.0,0.0,44.0,26.0,-4.599999999999998,20.033333333333335,7.715000000000001,-0.16599999999999948,8.219
2020,5/19,N79-中,73,2824,22.1,STR15,81.23,1,8.123000000000001,4.0,0.0,0.0,0.0,0.0,0.0,8.0,0.0,24.0,0.0,0.0,0.0,20.0,0.0,0.0,0.0,0.0,44.0,41.0,3.5,21.300000000000004,7.964,0.24899999999999967,8.219
2020,5/14-5/23,N79,74,2857,24.5,STR15,80.27,1,8.027,4.0,0.0,0.0,0.0,0.0,0.0,8.0,0.0,24.0,0.0,0.0,0.0,20.0,0.0,0.0,0.0,0.0,44.0,33.0,2.3999999999999986,21.733333333333338,8.123000000000001,0.1590000000000007,8.219
2020,6/2,N80-中,75,2900,27.0,STR15,82.79,1,8.279,4.0,0.0,0.0,0.0,0.0,0.0,8.0,0.0,24.0,0.0,0.0,0.0,20.0,0.0,0.0,0.0,0.0,44.0,43.0,2.5,24.533333333333335,8.027,-0.09600000000000186,8.219
2020,5/27-6/6,N80,76,2931,29.7,STR15,84.41,1,8.440999999999999,4.0,0.0,0.0,0.0,0.0,0.0,8.0,0.0,24.0,0.0,0.0,0.0,20.0,0.0,0.0,0.0,0.0,44.0,31.0,2.6999999999999993,27.066666666666666,8.279,0.25200000000000067,8.279
2020,6/17,N81-中,77,2987,31.7,STR15,84.42,1,8.442,4.0,0.0,0.0,0.0,0.0,0.0,8.0,0.0,24.0,0.0,0.0,0.0,20.0,0.0,0.0,0.0,0.0,44.0,56.0,2.0,29.46666666666667,8.440999999999999,0.16199999999999903,8.440999999999999
2020,6/10-6/19,N81,78,3006,29.0,STR15,81.13,1,8.113,4.0,0.0,0.0,0.0,0.0,0.0,8.0,0.0,24.0,0.0,0.0,0.0,20.0,0.0,0.0,0.0,0.0,44.0,19.0,-2.6999999999999993,30.133333333333336,8.442,0.0010000000000012221,8.442
2020,6/29,N82-中,79,3040,28.5,STR15,86.87,1,8.687000000000001,4.0,0.0,0.0,0.0,0.0,0.0,8.0,0.0,24.0,0.0,0.0,0.0,20.0,0.0,0.0,0.0,0.0,44.0,34.0,-0.5,29.733333333333334,8.113,-0.3290000000000006,8.442
2020,6/25-7/5,N82,80,3081,28.9,STR15,81.72,1,8.172,4.0,0.0,0.0,0.0,0.0,0.0,8.0,0.0,24.0,0.0,0.0,0.0,20.0,0.0,0.0,0.0,0.0,44.0,41.0,0.3999999999999986,28.8,8.687000000000001,0.5740000000000016,8.687000000000001
2020,7/15,N83-中,81,3128,26.7,STR15,82.26,1,8.226,4.0,0.0,0.0,0.0,0.0,0.0,8.0,0.0,24.0,0.0,0.0,0.0,20.0,0.0,0.0,0.0,0.0,44.0,47.0,-2.1999999999999993,28.033333333333335,8.172,-0.5150000000000006,8.687000000000001
2020,7/9-7/19,N83,82,3157,30.0,STR15,85.43,1,8.543000000000001,4.0,0.0,0.0,0.0,0.0,0.0,8.0,0.0,24.0,0.0,0.0,0.0,20.0,0.0,0.0,0.0,0.0,44.0,29.0,3.3000000000000007,28.533333333333335,8.226,0.05400000000000027,8.687000000000001
2020,8/8,N84-中,83,3212,30.6,STR15,85.99,1,8.599,4.0,0.0,0.0,0.0,0.0,0.0,8.0,0.0,24.0,0.0,0.0,0.0,20.0,0.0,0.0,0.0,0.0,44.0,55.0,0.6000000000000014,29.100000000000005,8.543000000000001,0.31700000000000017,8.687000000000001
2020,7/24-8/11,N84,84,3233,30.8,STR15,91.21,1,9.120999999999999,4.0,0.0,0.0,0.0,0.0,0.0,8.0,0.0,24.0,0.0,0.0,0.0,20.0,0.0,0.0,0.0,0.0,44.0,21.0,0.1999999999999993,30.46666666666667,8.599,0.05599999999999916,8.687000000000001
2020,8/21,N85-中,85,3275,25.8,STR15,88.7,1,8.870000000000001,4.0,0.0,0.0,0.0,0.0,0.0,8.0,0.0,24.0,0.0,0.0,0.0,20.0,0.0,0.0,0.0,0.0,44.0,42.0,-5.0,29.066666666666666,9.120999999999999,0.5219999999999985,9.120999999999999
2020,8/15-8/25,N85,86,3308,26.9,STR15,87.8,1,8.78,4.0,0.0,0.0,0.0,0.0,0.0,8.0,0.0,24.0,0.0,0.0,0.0,20.0,0.0,0.0,0.0,0.0,44.0,33.0,1.0999999999999979,27.83333333333334,8.870000000000001,-0.25099999999999767,9.120999999999999
2020,9/2,N86-中,87,3344,27.3,STR15,88.09,1,8.809000000000001,4.0,0.0,0.0,0.0,0.0,0.0,8.0,0.0,24.0,0.0,0.0,0.0,20.0,0.0,0.0,0.0,0.0,44.0,36.0,0.40000000000000213,26.666666666666668,8.78,-0.09000000000000163,9.120999999999999
2020,8/29-9/7,N86,88,3383,27.5,STR15,88.32,1,8.831999999999999,4.0,0.0,0.0,0.0,0.0,0.0,8.0,0.0,24.0,0.0,0.0,0.0,20.0,0.0,0.0,0.0,0.0,44.0,39.0,0.1999999999999993,27.233333333333338,8.809000000000001,0.02900000000000169,9.120999999999999
2020,9/20,N87-中,89,3432,23.8,STR15,86.98,1,8.698,4.0,0.0,0.0,0.0,0.0,0.0,8.0,0.0,24.0,0.0,0.0,0.0,20.0,0.0,0.0,0.0,0.0,44.0,49.0,-3.6999999999999993,26.200000000000003,8.831999999999999,0.02299999999999791,9.120999999999999
2020,9/14-9/23,N87,90,3458,23.7,STR15,88.01,1,8.801,4.0,0.0,0.0,0.0,0.0,0.0,8.0,0.0,24.0,0.0,0.0,0.0,20.0,0.0,0.0,0.0,0.0,44.0,26.0,-0.10000000000000142,25.0,8.698,-0.13399999999999856,9.120999999999999
2020,10/12,N88-中,91,3495,18.4,STR15,85.41,1,8.541,4.0,0.0,0.0,0.0,0.0,0.0,8.0,0.0,24.0,0.0,0.0,0.0,20.0,0.0,0.0,0.0,0.0,44.0,37.0,-5.300000000000001,21.96666666666667,8.801,0.10299999999999976,9.120999999999999
2020,9/28-10/17,N88,92,3533,17.7,STR15,85.85,1,8.584999999999999,4.0,0.0,0.0,0.0,0.0,0.0,8.0,0.0,24.0,0.0,0.0,0.0,20.0,0.0,0.0,0.0,0.0,44.0,38.0,-0.6999999999999993,19.933333333333337,8.541,-0.2599999999999998,9.120999999999999
2020,10/26,N89-中,93,3577,15.1,STR15,82.04,1,8.204,4.0,0.0,0.0,0.0,0.0,0.0,8.0,0.0,24.0,0.0,0.0,0.0,20.0,0.0,0.0,0.0,0.0,44.0,44.0,-2.5999999999999996,17.066666666666666,8.584999999999999,0.04399999999999871,9.120999999999999
2020,10/21-10/30,N89,94,3607,15.3,STR15,84.24,1,8.424,4.0,0.0,0.0,0.0,0.0,0.0,8.0,0.0,24.0,0.0,0.0,0.0,20.0,0.0,0.0,0.0,0.0,44.0,30.0,0.20000000000000107,16.033333333333335,8.204,-0.38099999999999845,9.120999999999999
2020,11/13,N90-中,95,3658,13.4,STR15,88.11,1,8.811,4.0,0.0,0.0,0.0,0.0,0.0,8.0,0.0,24.0,0.0,0.0,0.0,20.0,0.0,0.0,0.0,0.0,44.0,51.0,-1.9000000000000004,14.600000000000003,8.424,0.21999999999999886,9.120999999999999
2020,11/8-11/19,N90,96,3714,12.2,STR15,85.18,1,8.518,4.0,0.0,0.0,0.0,0.0,0.0,8.0,0.0,24.0,0.0,0.0,0.0,20.0,0.0,0.0,0.0,0.0,44.0,56.0,-1.200000000000001,13.633333333333335,8.811,0.38700000000000045,9.120999999999999
2020,11/29,N91-中,97,3768,3.5,STR15,86.95,1,8.695,4.0,0.0,0.0,0.0,0.0,0.0,8.0,0.0,24.0,0.0,0.0,0.0,20.0,0.0,0.0,0.0,0.0,44.0,54.0,-8.7,9.700000000000003,8.518,-0.29299999999999926,9.120999999999999
2020,11/24-12/5,N91,98,3822,2.3,STR15,85.39,1,8.539,4.0,0.0,0.0,0.0,0.0,0.0,8.0,0.0,24.0,0.0,0.0,0.0,20.0,0.0,0.0,0.0,0.0,44.0,54.0,-1.2000000000000002,6.000000000000003,8.695,0.1769999999999996,9.120999999999999
2020,12/25,N92-中,99,3875,-0.4,STR15,84.87,1,8.487,4.0,0.0,0.0,0.0,0.0,0.0,8.0,0.0,24.0,0.0,0.0,0.0,20.0,0.0,0.0,0.0,0.0,44.0,53.0,-2.6999999999999997,1.8000000000000023,8.539,-0.15600000000000058,9.120999999999999
2020,12/10-12/22,N92,100,3929,-0.2,STR15,86.77,1,8.677,4.0,0.0,0.0,0.0,0.0,0.0,8.0,0.0,24.0,0.0,0.0,0.0,20.0,0.0,0.0,0.0,0.0,44.0,54.0,0.2,0.566666666666669,8.487,-0.0519999999999996,9.120999999999999
2020,12/31,N93-中,101,3980,-3.0,STR15,82.51,1,8.251000000000001,4.0,0.0,0.0,0.0,0.0,0.0,8.0,0.0,24.0,0.0,0.0,0.0,20.0,0.0,0.0,0.0,0.0,44.0,51.0,-2.8,-1.1999999999999977,8.677,0.1899999999999995,9.120999999999999
2020,12/26-1/6,N93,102,4037,-3.8,STR15,85.98,1,8.598,4.0,0.0,0.0,0.0,0.0,0.0,8.0,0.0,24.0,0.0,0.0,0.0,20.0,0.0,0.0,0.0,0.0,44.0,57.0,-0.7999999999999998,-2.333333333333331,8.251000000000001,-0.4259999999999984,9.120999999999999
2021,1/15,N94-中,103,4090,1.4,STR15,84.73,1,8.473,4.0,0.0,0.0,0.0,0.0,0.0,8.0,0.0,24.0,0.0,0.0,0.0,20.0,0.0,0.0,0.0,0.0,44.0,53.0,5.199999999999999,-1.7999999999999978,8.598,0.34699999999999953,9.120999999999999
2021,1/10-1/21,N94,104,4144,0.2,STR15,,0,,4.0,0.0,0.0,0.0,0.0,0.0,8.0,0.0,24.0,0.0,0.0,0.0,20.0,0.0,0.0,0.0,0.0,44.0,54.0,-1.2,-0.7333333333333308,8.473,-0.125,9.120999999999999
2021,3/24,N95-中,105,4204,11.9,STR15,85.45,1,8.545,4.0,0.0,0.0,0.0,0.0,0.0,8.0,0.0,24.0,0.0,0.0,0.0,20.0,0.0,0.0,0.0,0.0,44.0,60.0,11.700000000000001,4.500000000000003,8.473,-0.125,9.120999999999999
2021,3/18-3/29,N95,106,4252,14.2,STR15,82.7,1,8.27,4.0,0.0,0.0,0.0,0.0,0.0,8.0,0.0,24.0,0.0,0.0,0.0,20.0,0.0,0.0,0.0,0.0,44.0,48.0,2.299999999999999,8.766666666666667,8.545,0.07199999999999918,9.120999999999999
2021,4/7,N96-中,107,4307,16.9,STR15,89.06,1,8.906,4.0,0.0,0.0,0.0,0.0,0.0,8.0,0.0,24.0,0.0,0.0,0.0,20.0,0.0,0.0,0.0,0.0,44.0,55.0,2.6999999999999993,14.333333333333334,8.27,-0.27500000000000036,9.120999999999999
2021,4/2-4/12,N96,108,4358,16.8,STR15,89.06,1,8.906,4.0,0.0,0.0,0.0,0.0,0.0,8.0,0.0,24.0,0.0,0.0,0.0,20.0,0.0,0.0,0.0,0.0,44.0,51.0,-0.09999999999999787,15.966666666666669,8.906,0.636000000000001,9.120999999999999
2021,4/21,N97-中,109,4415,20.2,STR15,83.57,1,8.357,4.0,0.0,0.0,0.0,0.0,0.0,8.0,0.0,24.0,0.0,0.0,0.0,20.0,0.0,0.0,0.0,0.0,44.0,57.0,3.3999999999999986,17.96666666666667,8.906,0.0,9.120999999999999
2021,4/16-4/26,N97,110,4466,19.2,STR15,87.01,1,8.701,4.0,0.0,0.0,0.0,0.0,0.0,8.0,0.0,24.0,0.0,0.0,0.0,20.0,0.0,0.0,0.0,0.0,44.0,51.0,-1.0,18.733333333333334,8.357,-0.5490000000000013,9.120999999999999
2021,5/4,N98-中,111,4524,17.7,STR15,90.7,1,9.07,4.0,0.0,0.0,0.0,0.0,0.0,8.0,0.0,24.0,0.0,0.0,0.0,20.0,0.0,0.0,0.0,0.0,44.0,58.0,-1.5,19.033333333333335,8.701,0.3440000000000012,9.120999999999999
2021,4/29-5/9,N98,112,4573,20.8,STR15,90.26,1,9.026,4.0,0.0,0.0,0.0,0.0,0.0,8.0,0.0,24.0,0.0,0.0,0.0,20.0,0.0,0.0,0.0,0.0,44.0,49.0,3.1000000000000014,19.233333333333334,9.07,0.3689999999999998,9.120999999999999
2021,5/19,N99-中,113,4612,23.8,STR15,91.21,1,9.120999999999999,4.0,0.0,0.0,0.0,0.0,0.0,8.0,0.0,24.0,0.0,0.0,0.0,20.0,0.0,0.0,0.0,0.0,44.0,39.0,3.0,20.766666666666666,9.026,-0.04400000000000048,9.120999999999999
2021,5/14-5/24,N99,114,4650,25.1,STR15,86.9,1,8.690000000000001,4.0,0.0,0.0,0.0,0.0,0.0,8.0,0.0,24.0,0.0,0.0,0.0,20.0,0.0,0.0,0.0,0.0,44.0,38.0,1.3000000000000007,23.233333333333334,9.120999999999999,0.09499999999999886,9.120999999999999
2021,6/2,N100-中,115,4692,23.6,STR15,92.57,1,9.257,4.0,0.0,0.0,0.0,0.0,0.0,8.0,0.0,24.0,0.0,0.0,0.0,20.0,0.0,0.0,0.0,0.0,44.0,42.0,-1.5,24.16666666666667,8.690000000000001,-0.4309999999999974,9.120999999999999
2021,5/28-6/7,N100,116,4727,25.8,STR15,93.3,1,9.33,4.0,0.0,0.0,0.0,0.0,0.0,8.0,0.0,24.0,0.0,0.0,0.0,20.0,0.0,0.0,0.0,0.0,44.0,35.0,2.1999999999999993,24.833333333333332,9.257,0.5669999999999984,9.257
2021,6/16,N101-中,117,4768,30.1,STR15,92.32,1,9.232,4.0,0.0,0.0,0.0,0.0,0.0,8.0,0.0,24.0,0.0,0.0,0.0,20.0,0.0,0.0,0.0,0.0,44.0,41.0,4.300000000000001,26.5,9.33,0.0730000000000004,9.33
2021,6/11-6/20,N101,118,4805,30.2,STR15,95.51,1,9.551,4.0,0.0,0.0,0.0,0.0,0.0,8.0,0.0,24.0,0.0,0.0,0.0,20.0,0.0,0.0,0.0,0.0,44.0,37.0,0.09999999999999787,28.700000000000003,9.232,-0.09800000000000075,9.33
2021,6/30,N102-中,119,4843,27.2,STR15,95.57,1,9.556999999999999,4.0,0.0,0.0,0.0,0.0,0.0,8.0,0.0,24.0,0.0,0.0,0.0,20.0,0.0,0.0,0.0,0.0,44.0,38.0,-3.0,29.166666666666668,9.551,0.31900000000000084,9.551
2021,6/25-7/6,N102,120,4882,27.5,STR15,95.1,1,9.51,4.0,0.0,0.0,0.0,0.0,0.0,8.0,0.0,24.0,0.0,0.0,0.0,20.0,0.0,0.0,0.0,0.0,44.0,39.0,0.3000000000000007,28.3,9.556999999999999,0.005999999999998451,9.556999999999999
2021,7/14,N103-中,121,4922,29.1,STR15,95.64,1,9.564,4.0,0.0,0.0,0.0,0.0,0.0,8.0,0.0,24.0,0.0,0.0,0.0,20.0,0.0,0.0,0.0,0.0,44.0,40.0,1.6000000000000014,27.933333333333337,9.51,-0.04699999999999882,9.556999999999999
2021,7/9-7/19,N103,122,4960,29.0,STR15,94.4,1,9.440000000000001,4.0,0.0,0.0,0.0,0.0,0.0,8.0,0.0,24.0,0.0,0.0,0.0,20.0,0.0,0.0,0.0,0.0,44.0,38.0,-0.10000000000000142,28.53333333333333,9.564,0.05400000000000027,9.564
2021,7/28,N104-中,123,4999,31.2,STR15,96.04,1,9.604000000000001,4.0,0.0,0.0,0.0,0.0,0.0,8.0,0.0,24.0,0.0,0.0,0.0,20.0,0.0,0.0,0.0,0.0,44.0,39.0,2.1999999999999993,29.766666666666666,9.440000000000001,-0.12399999999999878,9.564
2021,7/23-8/1,N104,124,5037,29.9,STR15,94.74,1,9.474,4.0,0.0,0.0,0.0,0.0,0.0,8.0,0.0,24.0,0.0,0.0,0.0,20.0,0.0,0.0,0.0,0.0,44.0,38.0,-1.3000000000000007,30.033333333333335,9.604000000000001,0.1639999999999997,9.604000000000001
2021,8/10,N105-中,125,5077,30.5,STR15,96.8,1,9.68,4.0,0.0,0.0,0.0,0.0,0.0,8.0,0.0,24.0,0.0,0.0,0.0,20.0,0.0,0.0,0.0,0.0,44.0,40.0,0.6000000000000014,30.533333333333335,9.474,-0.13000000000000078,9.604000000000001
2021,8/6-8/15,N105,126,5115,29.2,STR15,95.73,1,9.573,4.0,0.0,0.0,0.0,0.0,0.0,8.0,0.0,24.0,0.0,0.0,0.0,20.0,0.0,0.0,0.0,0.0,44.0,38.0,-1.3000000000000007,29.866666666666664,9.68,0.20599999999999952,9.68
2021,8/25,N106-中,127,5151,28.1,STR15,98.74,1,9.873999999999999,4.0,0.0,0.0,0.0,0.0,0.0,8.0,0.0,24.0,0.0,0.0,0.0,20.0,0.0,0.0,0.0,0.0,44.0,36.0,-1.0999999999999979,29.26666666666667,9.573,-0.10699999999999932,9.68
2021,8/20-8/29,N106,128,5193,27.5,STR15,98.38,1,9.838,4.0,0.0,0.0,0.0,0.0,0.0,8.0,0.0,24.0,0.0,0.0,0.0,20.0,0.0,0.0,0.0,0.0,44.0,42.0,-0.6000000000000014,28.26666666666667,9.873999999999999,0.3009999999999984,9.873999999999999
2021,9/8,N107-中,129,5237,24.1,STR15,96.83,1,9.683,4.0,0.0,0.0,0.0,0.0,0.0,8.0,0.0,24.0,0.0,0.0,0.0,20.0,0.0,0.0,0.0,0.0,44.0,44.0,-3.3999999999999986,26.566666666666666,9.838,-0.03599999999999959,9.873999999999999
2021,9/03-9/13,N107,130,5271,25.2,STR15,94.44,1,9.443999999999999,4.0,0.0,0.0,0.0,0.0,0.0,8.0,0.0,24.0,0.0,0.0,0.0,20.0,0.0,0.0,0.0,0.0,44.0,34.0,1.0999999999999979,25.600000000000005,9.683,-0.15499999999999936,9.873999999999999
2021,9/22,N108-中,131,5314,22.2,STR15,96.9,1,9.690000000000001,4.0,0.0,0.0,0.0,0.0,0.0,8.0,0.0,24.0,0.0,0.0,0.0,20.0,0.0,0.0,0.0,0.0,44.0,43.0,-3.0,23.833333333333332,9.443999999999999,-0.23900000000000077,9.873999999999999
2021,9/17-9/26,N108,132,5349,22.5,STR15,96.39,1,9.639,4.0,0.0,0.0,0.0,0.0,0.0,8.0,0.0,24.0,0.0,0.0,0.0,20.0,0.0,0.0,0.0,0.0,44.0,35.0,0.3000000000000007,23.3,9.690000000000001,0.24600000000000222,9.873999999999999
2021,10/13,N109-中,133,5387,16.3,STR15,94.35,1,9.434999999999999,4.0,0.0,0.0,0.0,0.0,0.0,8.0,0.0,24.0,0.0,0.0,0.0,20.0,0.0,0.0,0.0,0.0,44.0,38.0,-6.199999999999999,20.333333333333332,9.639,-0.05100000000000193,9.873999999999999
2021,10/8-10/18,N109,134,5427,15.6,STR15,94.21,1,9.421,4.0,0.0,0.0,0.0,0.0,0.0,8.0,0.0,24.0,0.0,0.0,0.0,20.0,0.0,0.0,0.0,0.0,44.0,40.0,-0.7000000000000011,18.133333333333333,9.434999999999999,-0.20400000000000063,9.873999999999999
2021,10/27,N110-中,135,5469,15.5,STR15,92.42,1,9.242,4.0,0.0,0.0,0.0,0.0,0.0,8.0,0.0,24.0,0.0,0.0,0.0,20.0,0.0,0.0,0.0,0.0,44.0,42.0,-0.09999999999999964,15.800000000000002,9.421,-0.013999999999999346,9.873999999999999
2021,10/22-11/1,N110,136,5504,15.5,STR15,94.06,1,9.406,4.0,0.0,0.0,0.0,0.0,0.0,8.0,0.0,24.0,0.0,0.0,0.0,20.0,0.0,0.0,0.0,0.0,44.0,35.0,0.0,15.533333333333333,9.242,-0.1789999999999985,9.873999999999999
2021,11/11,N111-中,137,5556,7.7,STR15,90.36,1,9.036,4.0,0.0,0.0,0.0,0.0,0.0,8.0,0.0,24.0,0.0,0.0,0.0,20.0,0.0,0.0,0.0,0.0,44.0,52.0,-7.8,12.9,9.406,0.1639999999999997,9.873999999999999
2021,11/05-11/17,N111,138,5612,9.3,STR15,93.13,1,9.312999999999999,4.0,0.0,0.0,0.0,0.0,0.0,8.0,0.0,24.0,0.0,0.0,0.0,20.0,0.0,0.0,0.0,0.0,44.0,56.0,1.6000000000000005,10.833333333333334,9.036,-0.370000000000001,9.873999999999999
2021,11/25,N112-中,139,5669,5.5,STR15,88.7,1,8.870000000000001,4.0,0.0,0.0,0.0,0.0,0.0,8.0,0.0,24.0,0.0,0.0,0.0,20.0,0.0,0.0,0.0,0.0,44.0,57.0,-3.8000000000000007,7.500000000000001,9.312999999999999,0.27699999999999925,9.873999999999999
2021,11/20-11/30,N112,140,5720,6.4,STR15,88.52,1,8.852,4.0,0.0,0.0,0.0,0.0,0.0,8.0,0.0,24.0,0.0,0.0,0.0,20.0,0.0,0.0,0.0,0.0,44.0,51.0,0.9000000000000004,7.066666666666667,8.870000000000001,-0.44299999999999784,9.873999999999999
2021,12/9,N113-中,141,5778,7.2,STR15,93.87,1,9.387,4.0,0.0,0.0,0.0,0.0,0.0,8.0,0.0,24.0,0.0,0.0,0.0,20.0,0.0,0.0,0.0,0.0,44.0,58.0,0.7999999999999998,6.366666666666668,8.852,-0.018000000000000682,9.873999999999999
2021,12/4-12/14,N113,142,5828,5.4,STR15,93.05,1,9.305,4.0,0.0,0.0,0.0,0.0,0.0,8.0,0.0,24.0,0.0,0.0,0.0,20.0,0.0,0.0,0.0,0.0,44.0,50.0,-1.7999999999999998,6.333333333333335,9.387,0.5350000000000001,9.873999999999999
2021,12/23,N114-中,143,5889,3.1,STR15,90.77,1,9.077,4.0,0.0,0.0,0.0,0.0,0.0,8.0,0.0,24.0,0.0,0.0,0.0,20.0,0.0,0.0,0.0,0.0,44.0,61.0,-2.3000000000000003,5.233333333333335,9.305,-0.08200000000000074,9.873999999999999
2021,12/17-12/28,N114,144,5936,0.2,STR15,87.11,1,8.711,4.0,0.0,0.0,0.0,0.0,0.0,8.0,0.0,24.0,0.0,0.0,0.0,20.0,0.0,0.0,0.0,0.0,44.0,47.0,-2.9,2.900000000000001,9.077,-0.22799999999999976,9.873999999999999
2021,1/8,N115-中,145,5992,1.1,STR15,88.86,1,8.886,4.0,0.0,0.0,0.0,0.0,0.0,8.0,0.0,24.0,0.0,0.0,0.0,20.0,0.0,0.0,0.0,0.0,44.0,56.0,0.9000000000000001,1.466666666666668,8.711,-0.36599999999999966,9.873999999999999
2021,1/3-1/13,N115,146,6044,0.8,STR15,93.37,1,9.337,4.0,0.0,0.0,0.0,0.0,0.0,8.0,0.0,24.0,0.0,0.0,0.0,20.0,0.0,0.0,0.0,0.0,44.0,52.0,-0.30000000000000004,0.7000000000000012,8.886,0.17499999999999893,9.873999999999999
2016,11/30-12/10,N1,0,3,3.8,STR16,14.62,1,1.462,0.0,0.0,4.0,0.0,0.0,8.0,0.0,0.0,0.0,24.0,0.0,0.0,20.0,0.0,20.0,0.0,0.0,0.0,0.0,0.0,3.8,,,
2016,12/13-12/24,N2,1,10,1.2,STR16,15.18,1,1.518,0.0,0.0,4.0,0.0,0.0,8.0,0.0,0.0,0.0,24.0,0.0,0.0,20.0,0.0,20.0,0.0,0.0,0.0,7.0,-2.5999999999999996,2.5,1.462,,1.462
2016,12/27-1/9,N3,2,30,0.9,STR16,14.58,1,1.458,0.0,0.0,4.0,0.0,0.0,8.0,0.0,0.0,0.0,24.0,0.0,0.0,20.0,0.0,20.0,0.0,0.0,0.0,20.0,-0.29999999999999993,1.9666666666666666,1.518,0.05600000000000005,1.518
2017,1/12-2/23,N4,3,48,3.6,STR16,15.29,1,1.529,0.0,0.0,4.0,0.0,0.0,8.0,0.0,0.0,0.0,24.0,0.0,0.0,20.0,0.0,20.0,0.0,0.0,0.0,18.0,2.7,1.9000000000000001,1.458,-0.06000000000000005,1.518
2017,2/26-3/10,N5,4,67,11.4,STR16,,0,,0.0,0.0,4.0,0.0,0.0,8.0,0.0,0.0,0.0,24.0,0.0,0.0,20.0,0.0,20.0,0.0,0.0,0.0,19.0,7.800000000000001,5.3,1.529,0.07099999999999995,1.529
2017,3/13-3/23,N6,5,85,13.9,STR16,15.55,1,1.5550000000000002,0.0,0.0,4.0,0.0,0.0,8.0,0.0,0.0,0.0,24.0,0.0,0.0,20.0,0.0,20.0,0.0,0.0,0.0,18.0,2.5,9.633333333333333,1.529,0.07099999999999995,1.529
2017,3/26-4/6,N7,6,104,19.1,STR16,16.91,1,1.691,0.0,0.0,4.0,0.0,0.0,8.0,0.0,0.0,0.0,24.0,0.0,0.0,20.0,0.0,20.0,0.0,0.0,0.0,19.0,5.200000000000001,14.799999999999999,1.5550000000000002,0.026000000000000245,1.5550000000000002
2017,4/9-4/13,N8,7,108,21.1,STR16,16.77,1,1.677,0.0,0.0,4.0,0.0,0.0,8.0,0.0,0.0,0.0,24.0,0.0,0.0,20.0,0.0,20.0,0.0,0.0,0.0,4.0,2.0,18.033333333333335,1.691,0.1359999999999999,1.691
2017,4/17-4-21,N9,8,109,21.7,STR16,16.17,1,1.6170000000000002,0.0,0.0,4.0,0.0,0.0,8.0,0.0,0.0,0.0,24.0,0.0,0.0,20.0,0.0,20.0,0.0,0.0,0.0,1.0,0.5999999999999979,20.633333333333336,1.677,-0.014000000000000012,1.691
2017,4/24-5/4,N10,9,129,27.0,STR16,19.76,1,1.9760000000000002,0.0,0.0,4.0,0.0,0.0,8.0,0.0,0.0,0.0,24.0,0.0,0.0,20.0,0.0,20.0,0.0,0.0,0.0,20.0,5.300000000000001,23.266666666666666,1.6170000000000002,-0.05999999999999983,1.691
2017,5/7-5-17,N11,10,149,30.1,STR16,26.0,1,2.6,0.0,0.0,4.0,0.0,0.0,8.0,0.0,0.0,0.0,24.0,0.0,0.0,20.0,0.0,20.0,0.0,0.0,0.0,20.0,3.1000000000000014,26.266666666666666,1.9760000000000002,0.359,1.9760000000000002
2017,5/20-5/30,N12,11,168,30.2,STR16,34.56,1,3.4560000000000004,0.0,0.0,4.0,0.0,0.0,8.0,0.0,0.0,0.0,24.0,0.0,0.0,20.0,0.0,20.0,0.0,0.0,0.0,19.0,0.09999999999999787,29.099999999999998,2.6,0.6239999999999999,2.6
2017,6/2-6/12,N13,12,188,29.6,STR16,35.91,1,3.5909999999999997,0.0,0.0,4.0,0.0,0.0,8.0,0.0,0.0,0.0,24.0,0.0,0.0,20.0,0.0,20.0,0.0,0.0,0.0,20.0,-0.5999999999999979,29.96666666666667,3.4560000000000004,0.8560000000000003,3.4560000000000004
2017,6/16-6/26,N14,13,206,30.1,STR16,42.24,1,4.224,0.0,0.0,4.0,0.0,0.0,8.0,0.0,0.0,0.0,24.0,0.0,0.0,20.0,0.0,20.0,0.0,0.0,0.0,18.0,0.5,29.96666666666667,3.5909999999999997,0.13499999999999934,3.5909999999999997
2017,6/29-7/10,N15,14,224,28.6,STR16,44.63,1,4.463,0.0,0.0,4.0,0.0,0.0,8.0,0.0,0.0,0.0,24.0,0.0,0.0,20.0,0.0,20.0,0.0,0.0,0.0,18.0,-1.5,29.433333333333337,4.224,0.6330000000000005,4.224
2017,7/13-7/23,N16-17,15,230,31.4,STR16,46.77,1,4.6770000000000005,0.0,0.0,4.0,0.0,0.0,8.0,0.0,0.0,0.0,24.0,0.0,0.0,20.0,0.0,20.0,0.0,0.0,0.0,6.0,2.799999999999997,30.03333333333333,4.463,0.23899999999999988,4.463
2017,7/27-8/7,N18,16,250,32.1,STR16,52.4,1,5.24,0.0,0.0,4.0,0.0,0.0,8.0,0.0,0.0,0.0,24.0,0.0,0.0,20.0,0.0,20.0,0.0,0.0,0.0,20.0,0.7000000000000028,30.7,4.6770000000000005,0.2140000000000004,4.6770000000000005
2017,8/10-8/21,N19,17,268,28.6,STR16,52.55,1,5.255,0.0,0.0,4.0,0.0,0.0,8.0,0.0,0.0,0.0,24.0,0.0,0.0,20.0,0.0,20.0,0.0,0.0,0.0,18.0,-3.5,30.7,5.24,0.5629999999999997,5.24
2017,8/25-9/4,N20,18,286,26.3,STR16,49.64,1,4.964,0.0,0.0,4.0,0.0,0.0,8.0,0.0,0.0,0.0,24.0,0.0,0.0,20.0,0.0,20.0,0.0,0.0,0.0,18.0,-2.3000000000000007,29.0,5.255,0.01499999999999968,5.255
2017,9/8-9/18,N21,19,305,28.2,STR16,58.61,1,5.861,0.0,0.0,4.0,0.0,0.0,8.0,0.0,0.0,0.0,24.0,0.0,0.0,20.0,0.0,20.0,0.0,0.0,0.0,19.0,1.8999999999999986,27.7,4.964,-0.2909999999999995,5.255
2017,9/21-10/9,N22,20,323,22.9,STR16,51.52,1,5.152,0.0,0.0,4.0,0.0,0.0,8.0,0.0,0.0,0.0,24.0,0.0,0.0,20.0,0.0,20.0,0.0,0.0,0.0,18.0,-5.300000000000001,25.8,5.861,0.8969999999999994,5.861
2017,10/13-10/25,N23,21,346,14.9,STR16,54.29,1,5.429,0.0,0.0,4.0,0.0,0.0,8.0,0.0,0.0,0.0,24.0,0.0,0.0,20.0,0.0,20.0,0.0,0.0,0.0,23.0,-7.999999999999998,22.0,5.152,-0.7089999999999996,5.861
2017,11/1-11/12,N24-25,22,352,11.1,STR16,61.88,1,6.188000000000001,0.0,0.0,4.0,0.0,0.0,8.0,0.0,0.0,0.0,24.0,0.0,0.0,20.0,0.0,20.0,0.0,0.0,0.0,6.0,-3.8000000000000007,16.3,5.429,0.27700000000000014,5.861
2017,11/15-11/26,N26,23,371,3.8,STR16,56.48,1,5.648,0.0,0.0,4.0,0.0,0.0,8.0,0.0,0.0,0.0,24.0,0.0,0.0,20.0,0.0,20.0,0.0,0.0,0.0,19.0,-7.3,9.933333333333334,6.188000000000001,0.7590000000000003,6.188000000000001
2017,12/9-12/21,N27,24,391,0.0,STR16,50.98,1,5.098,0.0,0.0,4.0,0.0,0.0,8.0,0.0,0.0,0.0,24.0,0.0,0.0,20.0,0.0,20.0,0.0,0.0,0.0,20.0,-3.8,4.966666666666666,5.648,-0.5400000000000009,6.188000000000001
2017,12/23-1/3,N28,25,410,0.2,STR16,57.95,1,5.795,0.0,0.0,4.0,0.0,0.0,8.0,0.0,0.0,0.0,24.0,0.0,0.0,20.0,0.0,20.0,0.0,0.0,0.0,19.0,0.2,1.3333333333333333,5.098,-0.5499999999999998,6.188000000000001
2018,1/7-1/18,N29-30,26,415,-1.0,STR16,44.75,1,4.475,0.0,0.0,4.0,0.0,0.0,8.0,0.0,0.0,0.0,24.0,0.0,0.0,20.0,0.0,20.0,0.0,0.0,0.0,5.0,-1.2,-0.26666666666666666,5.795,0.6970000000000001,6.188000000000001
2018,1/20-1/30,N31,27,434,-2.2,STR16,50.6,1,5.0600000000000005,0.0,0.0,4.0,0.0,0.0,8.0,0.0,0.0,0.0,24.0,0.0,0.0,20.0,0.0,20.0,0.0,0.0,0.0,19.0,-1.2000000000000002,-1.0,4.475,-1.3200000000000003,6.188000000000001
2018,3/9-3/21,N32,28,454,8.3,STR16,51.48,1,5.148,0.0,0.0,4.0,0.0,0.0,8.0,0.0,0.0,0.0,24.0,0.0,0.0,20.0,0.0,20.0,0.0,0.0,0.0,20.0,10.5,1.7000000000000002,5.0600000000000005,0.5850000000000009,6.188000000000001
2018,3/25-4/7,N33,29,473,15.7,STR16,49.37,1,4.936999999999999,0.0,0.0,4.0,0.0,0.0,8.0,0.0,0.0,0.0,24.0,0.0,0.0,20.0,0.0,20.0,0.0,0.0,0.0,19.0,7.399999999999999,7.266666666666667,5.148,0.08799999999999919,6.188000000000001
2018,4/10-4/21,N34,30,492,19.4,STR16,41.8,1,4.18,0.0,0.0,4.0,0.0,0.0,8.0,0.0,0.0,0.0,24.0,0.0,0.0,20.0,0.0,20.0,0.0,0.0,0.0,19.0,3.6999999999999993,14.466666666666667,4.936999999999999,-0.2110000000000003,6.188000000000001
2018,4/26-5/7,N35-36,31,498,23.7,STR16,54.15,1,5.415,0.0,0.0,4.0,0.0,0.0,8.0,0.0,0.0,0.0,24.0,0.0,0.0,20.0,0.0,20.0,0.0,0.0,0.0,6.0,4.300000000000001,19.599999999999998,4.18,-0.7569999999999997,6.188000000000001
2018,5/10-5/21,N37,32,517,24.1,STR16,48.88,1,4.888,0.0,0.0,4.0,0.0,0.0,8.0,0.0,0.0,0.0,24.0,0.0,0.0,20.0,0.0,20.0,0.0,0.0,0.0,19.0,0.40000000000000213,22.400000000000002,5.415,1.2350000000000003,6.188000000000001
2018,5/24-6/4,N38,33,536,29.7,STR16,42.6,1,4.26,0.0,0.0,4.0,0.0,0.0,8.0,0.0,0.0,0.0,24.0,0.0,0.0,20.0,0.0,20.0,0.0,0.0,0.0,19.0,5.599999999999998,25.833333333333332,4.888,-0.5270000000000001,6.188000000000001
2018,6/7-6/19,N39,34,556,26.6,STR16,54.55,1,5.455,0.0,0.0,4.0,0.0,0.0,8.0,0.0,0.0,0.0,24.0,0.0,0.0,20.0,0.0,20.0,0.0,0.0,0.0,20.0,-3.099999999999998,26.8,4.26,-0.6280000000000001,6.188000000000001
2018,6/22-7/2,N40,35,574,32.8,STR16,41.12,1,4.112,0.0,0.0,4.0,0.0,0.0,8.0,0.0,0.0,0.0,24.0,0.0,0.0,20.0,0.0,20.0,0.0,0.0,0.0,18.0,6.199999999999996,29.7,5.455,1.1950000000000003,6.188000000000001
2018,7/5-7/17,N41,36,593,28.3,STR16,53.27,1,5.327,0.0,0.0,4.0,0.0,0.0,8.0,0.0,0.0,0.0,24.0,0.0,0.0,20.0,0.0,20.0,0.0,0.0,0.0,19.0,-4.4999999999999964,29.233333333333334,4.112,-1.343,6.188000000000001
2018,7/22-7/31,N42,37,612,32.7,STR16,53.4,1,5.34,0.0,0.0,4.0,0.0,0.0,8.0,0.0,0.0,0.0,24.0,0.0,0.0,20.0,0.0,20.0,0.0,0.0,0.0,19.0,4.400000000000002,31.26666666666667,5.327,1.2149999999999999,6.188000000000001
2018,8/3-8/14,N43-44,38,618,30.5,STR16,55.13,1,5.513,0.0,0.0,4.0,0.0,0.0,8.0,0.0,0.0,0.0,24.0,0.0,0.0,20.0,0.0,20.0,0.0,0.0,0.0,6.0,-2.200000000000003,30.5,5.34,0.0129999999999999,6.188000000000001
2018,8/17-8/30,N45,39,636,29.6,STR16,56.53,1,5.6530000000000005,0.0,0.0,4.0,0.0,0.0,8.0,0.0,0.0,0.0,24.0,0.0,0.0,20.0,0.0,20.0,0.0,0.0,0.0,18.0,-0.8999999999999986,30.933333333333337,5.513,0.17300000000000004,6.188000000000001
2018,9/2-9/12,N46,40,655,26.9,STR16,55.93,1,5.593,0.0,0.0,4.0,0.0,0.0,8.0,0.0,0.0,0.0,24.0,0.0,0.0,20.0,0.0,20.0,0.0,0.0,0.0,19.0,-2.700000000000003,29.0,5.6530000000000005,0.14000000000000057,6.188000000000001
2018,9/15-9/25,N47,41,675,22.8,STR16,55.65,1,5.5649999999999995,0.0,0.0,4.0,0.0,0.0,8.0,0.0,0.0,0.0,24.0,0.0,0.0,20.0,0.0,20.0,0.0,0.0,0.0,20.0,-4.099999999999998,26.433333333333337,5.593,-0.0600000000000005,6.188000000000001
2018,10/4-10/15,N48,42,694,17.4,STR16,54.12,1,5.412,0.0,0.0,4.0,0.0,0.0,8.0,0.0,0.0,0.0,24.0,0.0,0.0,20.0,0.0,20.0,0.0,0.0,0.0,19.0,-5.400000000000002,22.36666666666667,5.5649999999999995,-0.02800000000000047,6.188000000000001
2018,10/17-10/28,N49,43,714,14.8,STR16,54.48,1,5.4479999999999995,0.0,0.0,4.0,0.0,0.0,8.0,0.0,0.0,0.0,24.0,0.0,0.0,20.0,0.0,20.0,0.0,0.0,0.0,20.0,-2.599999999999998,18.333333333333336,5.412,-0.15299999999999958,6.188000000000001
2018,11/2-11/16,N50-51,44,719,9.8,STR16,55.5,1,5.55,0.0,0.0,4.0,0.0,0.0,8.0,0.0,0.0,0.0,24.0,0.0,0.0,20.0,0.0,20.0,0.0,0.0,0.0,5.0,-5.0,14.0,5.4479999999999995,0.03599999999999959,6.188000000000001
2018,11/20-12/1,N52,45,738,6.5,STR16,45.85,1,4.585,0.0,0.0,4.0,0.0,0.0,8.0,0.0,0.0,0.0,24.0,0.0,0.0,20.0,0.0,20.0,0.0,0.0,0.0,19.0,-3.3000000000000007,10.366666666666669,5.55,0.10200000000000031,6.188000000000001
2018,12/4-12/17,N53,46,757,-1.1,STR16,50.58,1,5.058,0.0,0.0,4.0,0.0,0.0,8.0,0.0,0.0,0.0,24.0,0.0,0.0,20.0,0.0,20.0,0.0,0.0,0.0,19.0,-7.6,5.066666666666669,4.585,-0.9649999999999999,6.188000000000001
2018,12/30-2019/1/14,N54,47,834,-0.2,STR16,50.33,1,5.0329999999999995,0.0,0.0,4.0,0.0,0.0,8.0,0.0,0.0,0.0,24.0,0.0,0.0,20.0,0.0,20.0,0.0,0.0,0.0,77.0,0.9000000000000001,1.7333333333333358,5.058,0.47299999999999986,6.188000000000001
2019,1/18-1/28,N55,48,912,4.0,STR16,52.45,1,5.245,0.0,0.0,4.0,0.0,0.0,8.0,0.0,0.0,0.0,24.0,0.0,0.0,20.0,0.0,20.0,0.0,0.0,0.0,78.0,4.2,0.9000000000000022,5.0329999999999995,-0.025000000000000355,6.188000000000001
2019,3/1-3/20,N56,49,1013,14.2,STR16,51.79,1,5.179,0.0,0.0,4.0,0.0,0.0,8.0,0.0,0.0,0.0,24.0,0.0,0.0,20.0,0.0,20.0,0.0,0.0,0.0,101.0,10.2,6.000000000000003,5.245,0.21200000000000063,6.188000000000001
2019,3/24-4/4,N57,50,1114,14.5,STR16,52.88,1,5.288,0.0,0.0,4.0,0.0,0.0,8.0,0.0,0.0,0.0,24.0,0.0,0.0,20.0,0.0,20.0,0.0,0.0,0.0,101.0,0.3000000000000007,10.9,5.179,-0.06599999999999984,6.188000000000001
2019,4/10-4/20,N58,51,1215,18.9,STR16,55.49,1,5.549,0.0,0.0,4.0,0.0,0.0,8.0,0.0,0.0,0.0,24.0,0.0,0.0,20.0,0.0,20.0,0.0,0.0,0.0,101.0,4.399999999999999,15.866666666666669,5.288,0.10899999999999999,6.188000000000001
2019,4/25-5/5,N59,52,1317,20.3,STR16,53.13,1,5.313000000000001,0.0,0.0,4.0,0.0,0.0,8.0,0.0,0.0,0.0,24.0,0.0,0.0,20.0,0.0,20.0,0.0,0.0,0.0,102.0,1.4000000000000021,17.900000000000002,5.549,0.2610000000000001,6.188000000000001
2019,5/9-5/21,N60,53,1376,25.0,STR16,58.47,1,5.8469999999999995,0.0,0.0,4.0,0.0,0.0,8.0,0.0,0.0,0.0,24.0,0.0,0.0,20.0,0.0,20.0,0.0,0.0,0.0,59.0,4.699999999999999,21.400000000000002,5.313000000000001,-0.23599999999999977,6.188000000000001
2019,5/27-6/5,N61,54,1441,27.8,STR16,56.67,1,5.667,0.0,0.0,4.0,0.0,0.0,8.0,0.0,0.0,0.0,24.0,0.0,0.0,20.0,0.0,20.0,0.0,0.0,0.0,65.0,2.8000000000000007,24.36666666666667,5.8469999999999995,0.5339999999999989,6.188000000000001
2019,6/12-6/22,N62,55,1508,29.3,STR16,61.35,1,6.135,0.0,0.0,4.0,0.0,0.0,8.0,0.0,0.0,0.0,24.0,0.0,0.0,20.0,0.0,20.0,0.0,0.0,0.0,67.0,1.5,27.36666666666667,5.667,-0.17999999999999972,6.188000000000001
2019,6/27-7/7,N63,56,1566,29.8,STR16,64.69,1,6.468999999999999,0.0,0.0,4.0,0.0,0.0,8.0,0.0,0.0,0.0,24.0,0.0,0.0,20.0,0.0,20.0,0.0,0.0,0.0,58.0,0.5,28.96666666666667,6.135,0.46799999999999997,6.188000000000001
2019,7/11-7/21,N64,57,1637,30.7,STR16,65.61,1,6.561,0.0,0.0,4.0,0.0,0.0,8.0,0.0,0.0,0.0,24.0,0.0,0.0,20.0,0.0,20.0,0.0,0.0,0.0,71.0,0.8999999999999986,29.933333333333337,6.468999999999999,0.33399999999999963,6.468999999999999
2019,7/25-8/4,N65,58,1706,31.2,STR16,71.45,1,7.1450000000000005,0.0,0.0,4.0,0.0,0.0,8.0,0.0,0.0,0.0,24.0,0.0,0.0,20.0,0.0,20.0,0.0,0.0,0.0,69.0,0.5,30.566666666666666,6.561,0.09200000000000053,6.561
2019,8/9-8/19,N66,59,1777,29.1,STR16,71.64,1,7.164,0.0,0.0,4.0,0.0,0.0,8.0,0.0,0.0,0.0,24.0,0.0,0.0,20.0,0.0,20.0,0.0,0.0,0.0,71.0,-2.099999999999998,30.33333333333334,7.1450000000000005,0.5840000000000005,7.1450000000000005
2019,8/24-9/5,N67,60,1847,29.4,STR16,71.53,1,7.1530000000000005,0.0,0.0,4.0,0.0,0.0,8.0,0.0,0.0,0.0,24.0,0.0,0.0,20.0,0.0,20.0,0.0,0.0,0.0,70.0,0.29999999999999716,29.900000000000002,7.164,0.01899999999999924,7.164
2019,9/10-9/20,N68,61,1915,24.1,STR16,70.73,1,7.073,0.0,0.0,4.0,0.0,0.0,8.0,0.0,0.0,0.0,24.0,0.0,0.0,20.0,0.0,20.0,0.0,0.0,0.0,68.0,-5.299999999999997,27.533333333333335,7.1530000000000005,-0.010999999999999233,7.164
2019,9/25-10/13,N69,62,1981,21.8,STR16,68.17,1,6.817,0.0,0.0,4.0,0.0,0.0,8.0,0.0,0.0,0.0,24.0,0.0,0.0,20.0,0.0,20.0,0.0,0.0,0.0,66.0,-2.3000000000000007,25.100000000000005,7.073,-0.08000000000000007,7.164
2019,10/18-10/28,N70,63,2048,15.4,STR16,67.86,1,6.786,0.0,0.0,4.0,0.0,0.0,8.0,0.0,0.0,0.0,24.0,0.0,0.0,20.0,0.0,20.0,0.0,0.0,0.0,67.0,-6.4,20.433333333333334,6.817,-0.2560000000000002,7.164
2019,11/3-11/14,N71,64,2116,12.1,STR16,59.74,1,5.974,0.0,0.0,4.0,0.0,0.0,8.0,0.0,0.0,0.0,24.0,0.0,0.0,20.0,0.0,20.0,0.0,0.0,0.0,68.0,-3.3000000000000007,16.433333333333334,6.786,-0.031000000000000583,7.164
2019,11/20-12/1,N72,65,2184,3.8,STR16,63.19,1,6.319,0.0,0.0,4.0,0.0,0.0,8.0,0.0,0.0,0.0,24.0,0.0,0.0,20.0,0.0,20.0,0.0,0.0,0.0,68.0,-8.3,10.433333333333335,5.974,-0.8119999999999994,7.164
2019,12/5-12/21,N73,66,2290,0.8,STR16,66.38,1,6.638,0.0,0.0,4.0,0.0,0.0,8.0,0.0,0.0,0.0,24.0,0.0,0.0,20.0,0.0,20.0,0.0,0.0,0.0,106.0,-3.0,5.566666666666669,6.319,0.34499999999999975,7.164
2019,12/26-1/5,N74,67,2396,0.1,STR16,62.21,1,6.221,0.0,0.0,4.0,0.0,0.0,8.0,0.0,0.0,0.0,24.0,0.0,0.0,20.0,0.0,20.0,0.0,0.0,0.0,106.0,-0.7000000000000001,1.566666666666669,6.638,0.31899999999999995,7.164
2020,3/19-3/31,N75,68,2501,14.9,STR16,64.25,1,6.425,0.0,0.0,4.0,0.0,0.0,8.0,0.0,0.0,0.0,24.0,0.0,0.0,20.0,0.0,20.0,0.0,0.0,0.0,105.0,14.8,5.266666666666669,6.221,-0.4169999999999998,7.164
2020,4/4-4/15,N76,69,2605,18.0,STR16,65.55,1,6.555,0.0,0.0,4.0,0.0,0.0,8.0,0.0,0.0,0.0,24.0,0.0,0.0,20.0,0.0,20.0,0.0,0.0,0.0,104.0,3.0999999999999996,11.000000000000002,6.425,0.20399999999999974,7.164
2020,4/19-4/28,N77,70,2708,18.3,STR16,65.06,1,6.506,0.0,0.0,4.0,0.0,0.0,8.0,0.0,0.0,0.0,24.0,0.0,0.0,20.0,0.0,20.0,0.0,0.0,0.0,103.0,0.3000000000000007,17.066666666666666,6.555,0.1299999999999999,7.164
2020,5/7,N78-中,71,2757,23.2,STR16,66.79,1,6.679,0.0,0.0,4.0,0.0,0.0,8.0,0.0,0.0,0.0,24.0,0.0,0.0,20.0,0.0,20.0,0.0,0.0,0.0,49.0,4.899999999999999,19.833333333333336,6.506,-0.04899999999999949,7.164
2020,5/1-5/10,N78,72,2783,18.6,STR16,66.32,1,6.632,0.0,0.0,4.0,0.0,0.0,8.0,0.0,0.0,0.0,24.0,0.0,0.0,20.0,0.0,20.0,0.0,0.0,0.0,26.0,-4.599999999999998,20.033333333333335,6.679,0.17300000000000004,7.164
2020,5/19,N79-中,73,2824,22.1,STR16,69.04,1,6.904000000000001,0.0,0.0,4.0,0.0,0.0,8.0,0.0,0.0,0.0,24.0,0.0,0.0,20.0,0.0,20.0,0.0,0.0,0.0,41.0,3.5,21.300000000000004,6.632,-0.0470000000000006,7.164
2020,5/14-5/23,N79,74,2857,24.5,STR16,71.62,1,7.162000000000001,0.0,0.0,4.0,0.0,0.0,8.0,0.0,0.0,0.0,24.0,0.0,0.0,20.0,0.0,20.0,0.0,0.0,0.0,33.0,2.3999999999999986,21.733333333333338,6.904000000000001,0.27200000000000113,7.164
2020,6/2,N80-中,75,2900,27.0,STR16,69.16,1,6.9159999999999995,0.0,0.0,4.0,0.0,0.0,8.0,0.0,0.0,0.0,24.0,0.0,0.0,20.0,0.0,20.0,0.0,0.0,0.0,43.0,2.5,24.533333333333335,7.162000000000001,0.258,7.164
2020,5/27-6/6,N80,76,2931,29.7,STR16,74.71,1,7.470999999999999,0.0,0.0,4.0,0.0,0.0,8.0,0.0,0.0,0.0,24.0,0.0,0.0,20.0,0.0,20.0,0.0,0.0,0.0,31.0,2.6999999999999993,27.066666666666666,6.9159999999999995,-0.24600000000000133,7.164
2020,6/17,N81-中,77,2987,31.7,STR16,75.53,1,7.553,0.0,0.0,4.0,0.0,0.0,8.0,0.0,0.0,0.0,24.0,0.0,0.0,20.0,0.0,20.0,0.0,0.0,0.0,56.0,2.0,29.46666666666667,7.470999999999999,0.5549999999999997,7.470999999999999
2020,6/10-6/19,N81,78,3006,29.0,STR16,75.92,1,7.5920000000000005,0.0,0.0,4.0,0.0,0.0,8.0,0.0,0.0,0.0,24.0,0.0,0.0,20.0,0.0,20.0,0.0,0.0,0.0,19.0,-2.6999999999999993,30.133333333333336,7.553,0.08200000000000074,7.553
2020,6/29,N82-中,79,3040,28.5,STR16,77.23,1,7.723000000000001,0.0,0.0,4.0,0.0,0.0,8.0,0.0,0.0,0.0,24.0,0.0,0.0,20.0,0.0,20.0,0.0,0.0,0.0,34.0,-0.5,29.733333333333334,7.5920000000000005,0.03900000000000059,7.5920000000000005
2020,6/25-7/5,N82,80,3081,28.9,STR16,64.84,1,6.484,0.0,0.0,4.0,0.0,0.0,8.0,0.0,0.0,0.0,24.0,0.0,0.0,20.0,0.0,20.0,0.0,0.0,0.0,41.0,0.3999999999999986,28.8,7.723000000000001,0.13100000000000023,7.723000000000001
2020,7/15,N83-中,81,3128,26.7,STR16,76.42,1,7.642,0.0,0.0,4.0,0.0,0.0,8.0,0.0,0.0,0.0,24.0,0.0,0.0,20.0,0.0,20.0,0.0,0.0,0.0,47.0,-2.1999999999999993,28.033333333333335,6.484,-1.2390000000000008,7.723000000000001
2020,7/9-7/19,N83,82,3157,30.0,STR16,71.74,1,7.1739999999999995,0.0,0.0,4.0,0.0,0.0,8.0,0.0,0.0,0.0,24.0,0.0,0.0,20.0,0.0,20.0,0.0,0.0,0.0,29.0,3.3000000000000007,28.533333333333335,7.642,1.1580000000000004,7.723000000000001
2020,8/8,N84-中,83,3212,30.6,STR16,72.98,1,7.298,0.0,0.0,4.0,0.0,0.0,8.0,0.0,0.0,0.0,24.0,0.0,0.0,20.0,0.0,20.0,0.0,0.0,0.0,55.0,0.6000000000000014,29.100000000000005,7.1739999999999995,-0.46800000000000086,7.723000000000001
2020,7/24-8/11,N84,84,3233,30.8,STR16,72.0,1,7.2,0.0,0.0,4.0,0.0,0.0,8.0,0.0,0.0,0.0,24.0,0.0,0.0,20.0,0.0,20.0,0.0,0.0,0.0,21.0,0.1999999999999993,30.46666666666667,7.298,0.12400000000000055,7.723000000000001
2020,8/21,N85-中,85,3275,25.8,STR16,72.69,1,7.269,0.0,0.0,4.0,0.0,0.0,8.0,0.0,0.0,0.0,24.0,0.0,0.0,20.0,0.0,20.0,0.0,0.0,0.0,42.0,-5.0,29.066666666666666,7.2,-0.09799999999999986,7.723000000000001
2020,8/15-8/25,N85,86,3308,26.9,STR16,72.86,1,7.286,0.0,0.0,4.0,0.0,0.0,8.0,0.0,0.0,0.0,24.0,0.0,0.0,20.0,0.0,20.0,0.0,0.0,0.0,33.0,1.0999999999999979,27.83333333333334,7.269,0.06899999999999995,7.723000000000001
2020,9/2,N86-中,87,3344,27.3,STR16,69.6,1,6.959999999999999,0.0,0.0,4.0,0.0,0.0,8.0,0.0,0.0,0.0,24.0,0.0,0.0,20.0,0.0,20.0,0.0,0.0,0.0,36.0,0.40000000000000213,26.666666666666668,7.286,0.01699999999999946,7.723000000000001
2020,8/29-9/7,N86,88,3383,27.5,STR16,70.3,1,7.029999999999999,0.0,0.0,4.0,0.0,0.0,8.0,0.0,0.0,0.0,24.0,0.0,0.0,20.0,0.0,20.0,0.0,0.0,0.0,39.0,0.1999999999999993,27.233333333333338,6.959999999999999,-0.3260000000000005,7.723000000000001
2020,9/20,N87-中,89,3432,23.8,STR16,70.71,1,7.071,0.0,0.0,4.0,0.0,0.0,8.0,0.0,0.0,0.0,24.0,0.0,0.0,20.0,0.0,20.0,0.0,0.0,0.0,49.0,-3.6999999999999993,26.200000000000003,7.029999999999999,0.07000000000000028,7.723000000000001
2020,9/14-9/23,N87,90,3458,23.7,STR16,68.64,1,6.864,0.0,0.0,4.0,0.0,0.0,8.0,0.0,0.0,0.0,24.0,0.0,0.0,20.0,0.0,20.0,0.0,0.0,0.0,26.0,-0.10000000000000142,25.0,7.071,0.04100000000000037,7.723000000000001
2020,10/12,N88-中,91,3495,18.4,STR16,72.6,1,7.26,0.0,0.0,4.0,0.0,0.0,8.0,0.0,0.0,0.0,24.0,0.0,0.0,20.0,0.0,20.0,0.0,0.0,0.0,37.0,-5.300000000000001,21.96666666666667,6.864,-0.20699999999999985,7.723000000000001
2020,9/28-10/17,N88,92,3533,17.7,STR16,70.49,1,7.0489999999999995,0.0,0.0,4.0,0.0,0.0,8.0,0.0,0.0,0.0,24.0,0.0,0.0,20.0,0.0,20.0,0.0,0.0,0.0,38.0,-0.6999999999999993,19.933333333333337,7.26,0.3959999999999999,7.723000000000001
2020,10/26,N89-中,93,3577,15.1,STR16,69.93,1,6.993,0.0,0.0,4.0,0.0,0.0,8.0,0.0,0.0,0.0,24.0,0.0,0.0,20.0,0.0,20.0,0.0,0.0,0.0,44.0,-2.5999999999999996,17.066666666666666,7.0489999999999995,-0.2110000000000003,7.723000000000001
2020,10/21-10/30,N89,94,3607,15.3,STR16,74.32,1,7.4319999999999995,0.0,0.0,4.0,0.0,0.0,8.0,0.0,0.0,0.0,24.0,0.0,0.0,20.0,0.0,20.0,0.0,0.0,0.0,30.0,0.20000000000000107,16.033333333333335,6.993,-0.05599999999999916,7.723000000000001
2020,11/13,N90-中,95,3658,13.4,STR16,74.39,1,7.439,0.0,0.0,4.0,0.0,0.0,8.0,0.0,0.0,0.0,24.0,0.0,0.0,20.0,0.0,20.0,0.0,0.0,0.0,51.0,-1.9000000000000004,14.600000000000003,7.4319999999999995,0.43899999999999917,7.723000000000001
2020,11/8-11/19,N90,96,3714,12.2,STR16,74.24,1,7.4239999999999995,0.0,0.0,4.0,0.0,0.0,8.0,0.0,0.0,0.0,24.0,0.0,0.0,20.0,0.0,20.0,0.0,0.0,0.0,56.0,-1.200000000000001,13.633333333333335,7.439,0.007000000000000561,7.723000000000001
2020,11/29,N91-中,97,3768,3.5,STR16,73.36,1,7.336,0.0,0.0,4.0,0.0,0.0,8.0,0.0,0.0,0.0,24.0,0.0,0.0,20.0,0.0,20.0,0.0,0.0,0.0,54.0,-8.7,9.700000000000003,7.4239999999999995,-0.015000000000000568,7.723000000000001
2020,11/24-12/5,N91,98,3822,2.3,STR16,73.72,1,7.372,0.0,0.0,4.0,0.0,0.0,8.0,0.0,0.0,0.0,24.0,0.0,0.0,20.0,0.0,20.0,0.0,0.0,0.0,54.0,-1.2000000000000002,6.000000000000003,7.336,-0.08799999999999919,7.723000000000001
2020,12/25,N92-中,99,3875,-0.4,STR16,73.69,1,7.369,0.0,0.0,4.0,0.0,0.0,8.0,0.0,0.0,0.0,24.0,0.0,0.0,20.0,0.0,20.0,0.0,0.0,0.0,53.0,-2.6999999999999997,1.8000000000000023,7.372,0.03599999999999959,7.723000000000001
2020,12/10-12/22,N92,100,3929,-0.2,STR16,72.92,1,7.292,0.0,0.0,4.0,0.0,0.0,8.0,0.0,0.0,0.0,24.0,0.0,0.0,20.0,0.0,20.0,0.0,0.0,0.0,54.0,0.2,0.566666666666669,7.369,-0.0030000000000001137,7.723000000000001
2020,12/31,N93-中,101,3980,-3.0,STR16,73.19,1,7.319,0.0,0.0,4.0,0.0,0.0,8.0,0.0,0.0,0.0,24.0,0.0,0.0,20.0,0.0,20.0,0.0,0.0,0.0,51.0,-2.8,-1.1999999999999977,7.292,-0.07699999999999996,7.723000000000001
2020,12/26-1/6,N93,102,4037,-3.8,STR16,72.03,1,7.203,0.0,0.0,4.0,0.0,0.0,8.0,0.0,0.0,0.0,24.0,0.0,0.0,20.0,0.0,20.0,0.0,0.0,0.0,57.0,-0.7999999999999998,-2.333333333333331,7.319,0.027000000000000135,7.723000000000001
2021,1/15,N94-中,103,4090,1.4,STR16,73.18,1,7.3180000000000005,0.0,0.0,4.0,0.0,0.0,8.0,0.0,0.0,0.0,24.0,0.0,0.0,20.0,0.0,20.0,0.0,0.0,0.0,53.0,5.199999999999999,-1.7999999999999978,7.203,-0.11599999999999966,7.723000000000001
2021,1/10-1/21,N94,104,4144,0.2,STR16,75.27,1,7.526999999999999,0.0,0.0,4.0,0.0,0.0,8.0,0.0,0.0,0.0,24.0,0.0,0.0,20.0,0.0,20.0,0.0,0.0,0.0,54.0,-1.2,-0.7333333333333308,7.3180000000000005,0.11500000000000021,7.723000000000001
2021,3/24,N95-中,105,4204,11.9,STR16,75.5,1,7.55,0.0,0.0,4.0,0.0,0.0,8.0,0.0,0.0,0.0,24.0,0.0,0.0,20.0,0.0,20.0,0.0,0.0,0.0,60.0,11.700000000000001,4.500000000000003,7.526999999999999,0.20899999999999874,7.723000000000001
2021,3/18-3/29,N95,106,4252,14.2,STR16,74.06,1,7.406000000000001,0.0,0.0,4.0,0.0,0.0,8.0,0.0,0.0,0.0,24.0,0.0,0.0,20.0,0.0,20.0,0.0,0.0,0.0,48.0,2.299999999999999,8.766666666666667,7.55,0.023000000000000576,7.723000000000001
2021,4/7,N96-中,107,4307,16.9,STR16,75.22,1,7.522,0.0,0.0,4.0,0.0,0.0,8.0,0.0,0.0,0.0,24.0,0.0,0.0,20.0,0.0,20.0,0.0,0.0,0.0,55.0,2.6999999999999993,14.333333333333334,7.406000000000001,-0.14399999999999924,7.723000000000001
2021,4/2-4/12,N96,108,4358,16.8,STR16,75.07,1,7.507,0.0,0.0,4.0,0.0,0.0,8.0,0.0,0.0,0.0,24.0,0.0,0.0,20.0,0.0,20.0,0.0,0.0,0.0,51.0,-0.09999999999999787,15.966666666666669,7.522,0.11599999999999966,7.723000000000001
2021,4/21,N97-中,109,4415,20.2,STR16,74.82,1,7.481999999999999,0.0,0.0,4.0,0.0,0.0,8.0,0.0,0.0,0.0,24.0,0.0,0.0,20.0,0.0,20.0,0.0,0.0,0.0,57.0,3.3999999999999986,17.96666666666667,7.507,-0.015000000000000568,7.723000000000001
2021,4/16-4/26,N97,110,4466,19.2,STR16,74.57,1,7.456999999999999,0.0,0.0,4.0,0.0,0.0,8.0,0.0,0.0,0.0,24.0,0.0,0.0,20.0,0.0,20.0,0.0,0.0,0.0,51.0,-1.0,18.733333333333334,7.481999999999999,-0.025000000000000355,7.723000000000001
2021,5/4,N98-中,111,4524,17.7,STR16,75.32,1,7.531999999999999,0.0,0.0,4.0,0.0,0.0,8.0,0.0,0.0,0.0,24.0,0.0,0.0,20.0,0.0,20.0,0.0,0.0,0.0,58.0,-1.5,19.033333333333335,7.456999999999999,-0.025000000000000355,7.723000000000001
2021,4/29-5/9,N98,112,4573,20.8,STR16,75.4,1,7.540000000000001,0.0,0.0,4.0,0.0,0.0,8.0,0.0,0.0,0.0,24.0,0.0,0.0,20.0,0.0,20.0,0.0,0.0,0.0,49.0,3.1000000000000014,19.233333333333334,7.531999999999999,0.07500000000000018,7.723000000000001
2021,5/19,N99-中,113,4612,23.8,STR16,77.19,1,7.718999999999999,0.0,0.0,4.0,0.0,0.0,8.0,0.0,0.0,0.0,24.0,0.0,0.0,20.0,0.0,20.0,0.0,0.0,0.0,39.0,3.0,20.766666666666666,7.540000000000001,0.008000000000001783,7.723000000000001
2021,5/14-5/24,N99,114,4650,25.1,STR16,75.32,1,7.531999999999999,0.0,0.0,4.0,0.0,0.0,8.0,0.0,0.0,0.0,24.0,0.0,0.0,20.0,0.0,20.0,0.0,0.0,0.0,38.0,1.3000000000000007,23.233333333333334,7.718999999999999,0.1789999999999985,7.723000000000001
2021,6/2,N100-中,115,4692,23.6,STR16,76.0,1,7.6,0.0,0.0,4.0,0.0,0.0,8.0,0.0,0.0,0.0,24.0,0.0,0.0,20.0,0.0,20.0,0.0,0.0,0.0,42.0,-1.5,24.16666666666667,7.531999999999999,-0.18700000000000028,7.723000000000001
2021,5/28-6/7,N100,116,4727,25.8,STR16,78.58,1,7.858,0.0,0.0,4.0,0.0,0.0,8.0,0.0,0.0,0.0,24.0,0.0,0.0,20.0,0.0,20.0,0.0,0.0,0.0,35.0,2.1999999999999993,24.833333333333332,7.6,0.0680000000000005,7.723000000000001
2021,6/16,N101-中,117,4768,30.1,STR16,78.72,1,7.872,0.0,0.0,4.0,0.0,0.0,8.0,0.0,0.0,0.0,24.0,0.0,0.0,20.0,0.0,20.0,0.0,0.0,0.0,41.0,4.300000000000001,26.5,7.858,0.258,7.858
2021,6/11-6/20,N101,118,4805,30.2,STR16,79.68,1,7.968000000000001,0.0,0.0,4.0,0.0,0.0,8.0,0.0,0.0,0.0,24.0,0.0,0.0,20.0,0.0,20.0,0.0,0.0,0.0,37.0,0.09999999999999787,28.700000000000003,7.872,0.014000000000000234,7.872
2021,6/30,N102-中,119,4843,27.2,STR16,80.07,1,8.007,0.0,0.0,4.0,0.0,0.0,8.0,0.0,0.0,0.0,24.0,0.0,0.0,20.0,0.0,20.0,0.0,0.0,0.0,38.0,-3.0,29.166666666666668,7.968000000000001,0.09600000000000097,7.968000000000001
2021,6/25-7/6,N102,120,4882,27.5,STR16,79.58,1,7.958,0.0,0.0,4.0,0.0,0.0,8.0,0.0,0.0,0.0,24.0,0.0,0.0,20.0,0.0,20.0,0.0,0.0,0.0,39.0,0.3000000000000007,28.3,8.007,0.03899999999999881,8.007
2021,7/14,N103-中,121,4922,29.1,STR16,79.85,1,7.984999999999999,0.0,0.0,4.0,0.0,0.0,8.0,0.0,0.0,0.0,24.0,0.0,0.0,20.0,0.0,20.0,0.0,0.0,0.0,40.0,1.6000000000000014,27.933333333333337,7.958,-0.04899999999999949,8.007
2021,7/9-7/19,N103,122,4960,29.0,STR16,77.67,1,7.767,0.0,0.0,4.0,0.0,0.0,8.0,0.0,0.0,0.0,24.0,0.0,0.0,20.0,0.0,20.0,0.0,0.0,0.0,38.0,-0.10000000000000142,28.53333333333333,7.984999999999999,0.026999999999999247,8.007
2021,7/28,N104-中,123,4999,31.2,STR16,79.74,1,7.973999999999999,0.0,0.0,4.0,0.0,0.0,8.0,0.0,0.0,0.0,24.0,0.0,0.0,20.0,0.0,20.0,0.0,0.0,0.0,39.0,2.1999999999999993,29.766666666666666,7.767,-0.21799999999999908,8.007
2021,7/23-8/1,N104,124,5037,29.9,STR16,80.21,1,8.020999999999999,0.0,0.0,4.0,0.0,0.0,8.0,0.0,0.0,0.0,24.0,0.0,0.0,20.0,0.0,20.0,0.0,0.0,0.0,38.0,-1.3000000000000007,30.033333333333335,7.973999999999999,0.20699999999999896,8.007
2021,8/10,N105-中,125,5077,30.5,STR16,81.71,1,8.171,0.0,0.0,4.0,0.0,0.0,8.0,0.0,0.0,0.0,24.0,0.0,0.0,20.0,0.0,20.0,0.0,0.0,0.0,40.0,0.6000000000000014,30.533333333333335,8.020999999999999,0.04699999999999971,8.020999999999999
2021,8/6-8/15,N105,126,5115,29.2,STR16,80.49,1,8.049,0.0,0.0,4.0,0.0,0.0,8.0,0.0,0.0,0.0,24.0,0.0,0.0,20.0,0.0,20.0,0.0,0.0,0.0,38.0,-1.3000000000000007,29.866666666666664,8.171,0.15000000000000036,8.171
2021,8/25,N106-中,127,5151,28.1,STR16,81.76,1,8.176,0.0,0.0,4.0,0.0,0.0,8.0,0.0,0.0,0.0,24.0,0.0,0.0,20.0,0.0,20.0,0.0,0.0,0.0,36.0,-1.0999999999999979,29.26666666666667,8.049,-0.12199999999999989,8.171
2021,8/20-8/29,N106,128,5193,27.5,STR16,82.17,1,8.217,0.0,0.0,4.0,0.0,0.0,8.0,0.0,0.0,0.0,24.0,0.0,0.0,20.0,0.0,20.0,0.0,0.0,0.0,42.0,-0.6000000000000014,28.26666666666667,8.176,0.12700000000000067,8.176
2021,9/8,N107-中,129,5237,24.1,STR16,82.01,1,8.201,0.0,0.0,4.0,0.0,0.0,8.0,0.0,0.0,0.0,24.0,0.0,0.0,20.0,0.0,20.0,0.0,0.0,0.0,44.0,-3.3999999999999986,26.566666666666666,8.217,0.04100000000000037,8.217
2021,9/03-9/13,N107,130,5271,25.2,STR16,77.76,1,7.776000000000001,0.0,0.0,4.0,0.0,0.0,8.0,0.0,0.0,0.0,24.0,0.0,0.0,20.0,0.0,20.0,0.0,0.0,0.0,34.0,1.0999999999999979,25.600000000000005,8.201,-0.016000000000000014,8.217
2021,9/22,N108-中,131,5314,22.2,STR16,81.97,1,8.197,0.0,0.0,4.0,0.0,0.0,8.0,0.0,0.0,0.0,24.0,0.0,0.0,20.0,0.0,20.0,0.0,0.0,0.0,43.0,-3.0,23.833333333333332,7.776000000000001,-0.4249999999999998,8.217
2021,9/17-9/26,N108,132,5349,22.5,STR16,80.75,1,8.075,0.0,0.0,4.0,0.0,0.0,8.0,0.0,0.0,0.0,24.0,0.0,0.0,20.0,0.0,20.0,0.0,0.0,0.0,35.0,0.3000000000000007,23.3,8.197,0.4209999999999985,8.217
2021,10/13,N109-中,133,5387,16.3,STR16,79.94,1,7.994,0.0,0.0,4.0,0.0,0.0,8.0,0.0,0.0,0.0,24.0,0.0,0.0,20.0,0.0,20.0,0.0,0.0,0.0,38.0,-6.199999999999999,20.333333333333332,8.075,-0.12199999999999989,8.217
2021,10/8-10/18,N109,134,5427,15.6,STR16,79.01,1,7.901000000000001,0.0,0.0,4.0,0.0,0.0,8.0,0.0,0.0,0.0,24.0,0.0,0.0,20.0,0.0,20.0,0.0,0.0,0.0,40.0,-0.7000000000000011,18.133333333333333,7.994,-0.08099999999999952,8.217
2021,10/27,N110-中,135,5469,15.5,STR16,79.53,1,7.953,0.0,0.0,4.0,0.0,0.0,8.0,0.0,0.0,0.0,24.0,0.0,0.0,20.0,0.0,20.0,0.0,0.0,0.0,42.0,-0.09999999999999964,15.800000000000002,7.901000000000001,-0.09299999999999908,8.217
2021,10/22-11/1,N110,136,5504,15.5,STR16,79.32,1,7.9319999999999995,0.0,0.0,4.0,0.0,0.0,8.0,0.0,0.0,0.0,24.0,0.0,0.0,20.0,0.0,20.0,0.0,0.0,0.0,35.0,0.0,15.533333333333333,7.953,0.0519999999999996,8.217
2021,11/11,N111-中,137,5556,7.7,STR16,77.92,1,7.792,0.0,0.0,4.0,0.0,0.0,8.0,0.0,0.0,0.0,24.0,0.0,0.0,20.0,0.0,20.0,0.0,0.0,0.0,52.0,-7.8,12.9,7.9319999999999995,-0.021000000000000796,8.217
2021,11/05-11/17,N111,138,5612,9.3,STR16,78.85,1,7.885,0.0,0.0,4.0,0.0,0.0,8.0,0.0,0.0,0.0,24.0,0.0,0.0,20.0,0.0,20.0,0.0,0.0,0.0,56.0,1.6000000000000005,10.833333333333334,7.792,-0.13999999999999968,8.217
2021,11/25,N112-中,139,5669,5.5,STR16,78.01,1,7.801,0.0,0.0,4.0,0.0,0.0,8.0,0.0,0.0,0.0,24.0,0.0,0.0,20.0,0.0,20.0,0.0,0.0,0.0,57.0,-3.8000000000000007,7.500000000000001,7.885,0.09299999999999997,8.217
2021,11/20-11/30,N112,140,5720,6.4,STR16,78.57,1,7.856999999999999,0.0,0.0,4.0,0.0,0.0,8.0,0.0,0.0,0.0,24.0,0.0,0.0,20.0,0.0,20.0,0.0,0.0,0.0,51.0,0.9000000000000004,7.066666666666667,7.801,-0.08399999999999963,8.217
2021,12/9,N113-中,141,5778,7.2,STR16,78.64,1,7.864,0.0,0.0,4.0,0.0,0.0,8.0,0.0,0.0,0.0,24.0,0.0,0.0,20.0,0.0,20.0,0.0,0.0,0.0,58.0,0.7999999999999998,6.366666666666668,7.856999999999999,0.05599999999999916,8.217
2021,12/4-12/14,N113,142,5828,5.4,STR16,78.15,1,7.815,0.0,0.0,4.0,0.0,0.0,8.0,0.0,0.0,0.0,24.0,0.0,0.0,20.0,0.0,20.0,0.0,0.0,0.0,50.0,-1.7999999999999998,6.333333333333335,7.864,0.007000000000000561,8.217
2021,12/23,N114-中,143,5889,3.1,STR16,79.44,1,7.944,0.0,0.0,4.0,0.0,0.0,8.0,0.0,0.0,0.0,24.0,0.0,0.0,20.0,0.0,20.0,0.0,0.0,0.0,61.0,-2.3000000000000003,5.233333333333335,7.815,-0.04899999999999949,8.217
2021,12/17-12/28,N114,144,5936,0.2,STR16,77.6,1,7.76,0.0,0.0,4.0,0.0,0.0,8.0,0.0,0.0,0.0,24.0,0.0,0.0,20.0,0.0,20.0,0.0,0.0,0.0,47.0,-2.9,2.900000000000001,7.944,0.12899999999999956,8.217
2021,1/8,N115-中,145,5992,1.1,STR16,78.29,1,7.829000000000001,0.0,0.0,4.0,0.0,0.0,8.0,0.0,0.0,0.0,24.0,0.0,0.0,20.0,0.0,20.0,0.0,0.0,0.0,56.0,0.9000000000000001,1.466666666666668,7.76,-0.18400000000000016,8.217
2021,1/3-1/13,N115,146,6044,0.8,STR16,78.4,1,7.840000000000001,0.0,0.0,4.0,0.0,0.0,8.0,0.0,0.0,0.0,24.0,0.0,0.0,20.0,0.0,20.0,0.0,0.0,0.0,52.0,-0.30000000000000004,0.7000000000000012,7.829000000000001,0.06900000000000084,8.217
2016,11/30-12/10,N1,0,3,3.8,STR17,13.75,1,1.375,0.0,0.0,4.0,0.0,8.0,0.0,0.0,24.0,0.0,0.0,0.0,0.0,20.0,0.0,20.0,0.0,0.0,0.0,0.0,0.0,3.8,,,
2016,12/13-12/24,N2,1,10,1.2,STR17,14.65,1,1.465,0.0,0.0,4.0,0.0,8.0,0.0,0.0,24.0,0.0,0.0,0.0,0.0,20.0,0.0,20.0,0.0,0.0,0.0,7.0,-2.5999999999999996,2.5,1.375,,1.375
2016,12/27-1/9,N3,2,30,0.9,STR17,13.39,1,1.339,0.0,0.0,4.0,0.0,8.0,0.0,0.0,24.0,0.0,0.0,0.0,0.0,20.0,0.0,20.0,0.0,0.0,0.0,20.0,-0.29999999999999993,1.9666666666666666,1.465,0.09000000000000008,1.465
2017,1/12-2/23,N4,3,48,3.6,STR17,13.69,1,1.369,0.0,0.0,4.0,0.0,8.0,0.0,0.0,24.0,0.0,0.0,0.0,0.0,20.0,0.0,20.0,0.0,0.0,0.0,18.0,2.7,1.9000000000000001,1.339,-0.1260000000000001,1.465
2017,2/26-3/10,N5,4,67,11.4,STR17,,0,,0.0,0.0,4.0,0.0,8.0,0.0,0.0,24.0,0.0,0.0,0.0,0.0,20.0,0.0,20.0,0.0,0.0,0.0,19.0,7.800000000000001,5.3,1.369,0.030000000000000027,1.465
2017,3/13-3/23,N6,5,85,13.9,STR17,14.39,1,1.439,0.0,0.0,4.0,0.0,8.0,0.0,0.0,24.0,0.0,0.0,0.0,0.0,20.0,0.0,20.0,0.0,0.0,0.0,18.0,2.5,9.633333333333333,1.369,0.030000000000000027,1.465
2017,3/26-4/6,N7,6,104,19.1,STR17,15.83,1,1.583,0.0,0.0,4.0,0.0,8.0,0.0,0.0,24.0,0.0,0.0,0.0,0.0,20.0,0.0,20.0,0.0,0.0,0.0,19.0,5.200000000000001,14.799999999999999,1.439,0.07000000000000006,1.465
2017,4/9-4/13,N8,7,108,21.1,STR17,16.42,1,1.6420000000000001,0.0,0.0,4.0,0.0,8.0,0.0,0.0,24.0,0.0,0.0,0.0,0.0,20.0,0.0,20.0,0.0,0.0,0.0,4.0,2.0,18.033333333333335,1.583,0.1439999999999999,1.583
2017,4/17-4-21,N9,8,109,21.7,STR17,16.52,1,1.652,0.0,0.0,4.0,0.0,8.0,0.0,0.0,24.0,0.0,0.0,0.0,0.0,20.0,0.0,20.0,0.0,0.0,0.0,1.0,0.5999999999999979,20.633333333333336,1.6420000000000001,0.05900000000000016,1.6420000000000001
2017,4/24-5/4,N10,9,129,27.0,STR17,18.48,1,1.848,0.0,0.0,4.0,0.0,8.0,0.0,0.0,24.0,0.0,0.0,0.0,0.0,20.0,0.0,20.0,0.0,0.0,0.0,20.0,5.300000000000001,23.266666666666666,1.652,0.009999999999999787,1.652
2017,5/7-5-17,N11,10,149,30.1,STR17,20.4,1,2.04,0.0,0.0,4.0,0.0,8.0,0.0,0.0,24.0,0.0,0.0,0.0,0.0,20.0,0.0,20.0,0.0,0.0,0.0,20.0,3.1000000000000014,26.266666666666666,1.848,0.19600000000000017,1.848
2017,5/20-5/30,N12,11,168,30.2,STR17,26.03,1,2.603,0.0,0.0,4.0,0.0,8.0,0.0,0.0,24.0,0.0,0.0,0.0,0.0,20.0,0.0,20.0,0.0,0.0,0.0,19.0,0.09999999999999787,29.099999999999998,2.04,0.19199999999999995,2.04
2017,6/2-6/12,N13,12,188,29.6,STR17,25.39,1,2.539,0.0,0.0,4.0,0.0,8.0,0.0,0.0,24.0,0.0,0.0,0.0,0.0,20.0,0.0,20.0,0.0,0.0,0.0,20.0,-0.5999999999999979,29.96666666666667,2.603,0.5630000000000002,2.603
2017,6/16-6/26,N14,13,206,30.1,STR17,29.78,1,2.978,0.0,0.0,4.0,0.0,8.0,0.0,0.0,24.0,0.0,0.0,0.0,0.0,20.0,0.0,20.0,0.0,0.0,0.0,18.0,0.5,29.96666666666667,2.539,-0.06400000000000006,2.603
2017,6/29-7/10,N15,14,224,28.6,STR17,33.31,1,3.3310000000000004,0.0,0.0,4.0,0.0,8.0,0.0,0.0,24.0,0.0,0.0,0.0,0.0,20.0,0.0,20.0,0.0,0.0,0.0,18.0,-1.5,29.433333333333337,2.978,0.43900000000000006,2.978
2017,7/13-7/23,N16-17,15,230,31.4,STR17,33.73,1,3.3729999999999998,0.0,0.0,4.0,0.0,8.0,0.0,0.0,24.0,0.0,0.0,0.0,0.0,20.0,0.0,20.0,0.0,0.0,0.0,6.0,2.799999999999997,30.03333333333333,3.3310000000000004,0.3530000000000002,3.3310000000000004
2017,7/27-8/7,N18,16,250,32.1,STR17,35.72,1,3.572,0.0,0.0,4.0,0.0,8.0,0.0,0.0,24.0,0.0,0.0,0.0,0.0,20.0,0.0,20.0,0.0,0.0,0.0,20.0,0.7000000000000028,30.7,3.3729999999999998,0.04199999999999937,3.3729999999999998
2017,8/10-8/21,N19,17,268,28.6,STR17,35.98,1,3.598,0.0,0.0,4.0,0.0,8.0,0.0,0.0,24.0,0.0,0.0,0.0,0.0,20.0,0.0,20.0,0.0,0.0,0.0,18.0,-3.5,30.7,3.572,0.1990000000000003,3.572
2017,8/25-9/4,N20,18,286,26.3,STR17,37.08,1,3.7079999999999997,0.0,0.0,4.0,0.0,8.0,0.0,0.0,24.0,0.0,0.0,0.0,0.0,20.0,0.0,20.0,0.0,0.0,0.0,18.0,-2.3000000000000007,29.0,3.598,0.0259999999999998,3.598
2017,9/8-9/18,N21,19,305,28.2,STR17,44.3,1,4.43,0.0,0.0,4.0,0.0,8.0,0.0,0.0,24.0,0.0,0.0,0.0,0.0,20.0,0.0,20.0,0.0,0.0,0.0,19.0,1.8999999999999986,27.7,3.7079999999999997,0.10999999999999988,3.7079999999999997
2017,9/21-10/9,N22,20,323,22.9,STR17,33.33,1,3.3329999999999997,0.0,0.0,4.0,0.0,8.0,0.0,0.0,24.0,0.0,0.0,0.0,0.0,20.0,0.0,20.0,0.0,0.0,0.0,18.0,-5.300000000000001,25.8,4.43,0.722,4.43
2017,10/13-10/25,N23,21,346,14.9,STR17,37.53,1,3.753,0.0,0.0,4.0,0.0,8.0,0.0,0.0,24.0,0.0,0.0,0.0,0.0,20.0,0.0,20.0,0.0,0.0,0.0,23.0,-7.999999999999998,22.0,3.3329999999999997,-1.097,4.43
2017,11/1-11/12,N24-25,22,352,11.1,STR17,45.83,1,4.583,0.0,0.0,4.0,0.0,8.0,0.0,0.0,24.0,0.0,0.0,0.0,0.0,20.0,0.0,20.0,0.0,0.0,0.0,6.0,-3.8000000000000007,16.3,3.753,0.4200000000000004,4.43
2017,11/15-11/26,N26,23,371,3.8,STR17,40.58,1,4.058,0.0,0.0,4.0,0.0,8.0,0.0,0.0,24.0,0.0,0.0,0.0,0.0,20.0,0.0,20.0,0.0,0.0,0.0,19.0,-7.3,9.933333333333334,4.583,0.8300000000000001,4.583
2017,12/9-12/21,N27,24,391,0.0,STR17,44.97,1,4.497,0.0,0.0,4.0,0.0,8.0,0.0,0.0,24.0,0.0,0.0,0.0,0.0,20.0,0.0,20.0,0.0,0.0,0.0,20.0,-3.8,4.966666666666666,4.058,-0.5250000000000004,4.583
2017,12/23-1/3,N28,25,410,0.2,STR17,42.37,1,4.237,0.0,0.0,4.0,0.0,8.0,0.0,0.0,24.0,0.0,0.0,0.0,0.0,20.0,0.0,20.0,0.0,0.0,0.0,19.0,0.2,1.3333333333333333,4.497,0.43900000000000006,4.583
2018,1/7-1/18,N29-30,26,415,-1.0,STR17,35.58,1,3.558,0.0,0.0,4.0,0.0,8.0,0.0,0.0,24.0,0.0,0.0,0.0,0.0,20.0,0.0,20.0,0.0,0.0,0.0,5.0,-1.2,-0.26666666666666666,4.237,-0.2599999999999998,4.583
2018,1/20-1/30,N31,27,434,-2.2,STR17,37.68,1,3.768,0.0,0.0,4.0,0.0,8.0,0.0,0.0,24.0,0.0,0.0,0.0,0.0,20.0,0.0,20.0,0.0,0.0,0.0,19.0,-1.2000000000000002,-1.0,3.558,-0.6790000000000003,4.583
2018,3/9-3/21,N32,28,454,8.3,STR17,45.53,1,4.553,0.0,0.0,4.0,0.0,8.0,0.0,0.0,24.0,0.0,0.0,0.0,0.0,20.0,0.0,20.0,0.0,0.0,0.0,20.0,10.5,1.7000000000000002,3.768,0.20999999999999996,4.583
2018,3/25-4/7,N33,29,473,15.7,STR17,38.25,1,3.825,0.0,0.0,4.0,0.0,8.0,0.0,0.0,24.0,0.0,0.0,0.0,0.0,20.0,0.0,20.0,0.0,0.0,0.0,19.0,7.399999999999999,7.266666666666667,4.553,0.7850000000000001,4.583
2018,4/10-4/21,N34,30,492,19.4,STR17,36.33,1,3.633,0.0,0.0,4.0,0.0,8.0,0.0,0.0,24.0,0.0,0.0,0.0,0.0,20.0,0.0,20.0,0.0,0.0,0.0,19.0,3.6999999999999993,14.466666666666667,3.825,-0.7279999999999998,4.583
2018,4/26-5/7,N35-36,31,498,23.7,STR17,39.1,1,3.91,0.0,0.0,4.0,0.0,8.0,0.0,0.0,24.0,0.0,0.0,0.0,0.0,20.0,0.0,20.0,0.0,0.0,0.0,6.0,4.300000000000001,19.599999999999998,3.633,-0.19200000000000017,4.583
2018,5/10-5/21,N37,32,517,24.1,STR17,41.25,1,4.125,0.0,0.0,4.0,0.0,8.0,0.0,0.0,24.0,0.0,0.0,0.0,0.0,20.0,0.0,20.0,0.0,0.0,0.0,19.0,0.40000000000000213,22.400000000000002,3.91,0.27700000000000014,4.583
2018,5/24-6/4,N38,33,536,29.7,STR17,,0,,0.0,0.0,4.0,0.0,8.0,0.0,0.0,24.0,0.0,0.0,0.0,0.0,20.0,0.0,20.0,0.0,0.0,0.0,19.0,5.599999999999998,25.833333333333332,4.125,0.21499999999999986,4.583
2018,6/7-6/19,N39,34,556,26.6,STR17,42.98,1,4.298,0.0,0.0,4.0,0.0,8.0,0.0,0.0,24.0,0.0,0.0,0.0,0.0,20.0,0.0,20.0,0.0,0.0,0.0,20.0,-3.099999999999998,26.8,4.125,0.21499999999999986,4.583
2018,6/22-7/2,N40,35,574,32.8,STR17,36.63,1,3.6630000000000003,0.0,0.0,4.0,0.0,8.0,0.0,0.0,24.0,0.0,0.0,0.0,0.0,20.0,0.0,20.0,0.0,0.0,0.0,18.0,6.199999999999996,29.7,4.298,0.17300000000000004,4.583
2018,7/5-7/17,N41,36,593,28.3,STR17,45.9,1,4.59,0.0,0.0,4.0,0.0,8.0,0.0,0.0,24.0,0.0,0.0,0.0,0.0,20.0,0.0,20.0,0.0,0.0,0.0,19.0,-4.4999999999999964,29.233333333333334,3.6630000000000003,-0.6349999999999998,4.583
2018,7/22-7/31,N42,37,612,32.7,STR17,50.57,1,5.057,0.0,0.0,4.0,0.0,8.0,0.0,0.0,24.0,0.0,0.0,0.0,0.0,20.0,0.0,20.0,0.0,0.0,0.0,19.0,4.400000000000002,31.26666666666667,4.59,0.9269999999999996,4.59
2018,8/3-8/14,N43-44,38,618,30.5,STR17,48.3,1,4.83,0.0,0.0,4.0,0.0,8.0,0.0,0.0,24.0,0.0,0.0,0.0,0.0,20.0,0.0,20.0,0.0,0.0,0.0,6.0,-2.200000000000003,30.5,5.057,0.4670000000000005,5.057
2018,8/17-8/30,N45,39,636,29.6,STR17,52.0,1,5.2,0.0,0.0,4.0,0.0,8.0,0.0,0.0,24.0,0.0,0.0,0.0,0.0,20.0,0.0,20.0,0.0,0.0,0.0,18.0,-0.8999999999999986,30.933333333333337,4.83,-0.2270000000000003,5.057
2018,9/2-9/12,N46,40,655,26.9,STR17,51.39,1,5.139,0.0,0.0,4.0,0.0,8.0,0.0,0.0,24.0,0.0,0.0,0.0,0.0,20.0,0.0,20.0,0.0,0.0,0.0,19.0,-2.700000000000003,29.0,5.2,0.3700000000000001,5.2
2018,9/15-9/25,N47,41,675,22.8,STR17,49.68,1,4.968,0.0,0.0,4.0,0.0,8.0,0.0,0.0,24.0,0.0,0.0,0.0,0.0,20.0,0.0,20.0,0.0,0.0,0.0,20.0,-4.099999999999998,26.433333333333337,5.139,-0.06099999999999994,5.2
2018,10/4-10/15,N48,42,694,17.4,STR17,47.95,1,4.795,0.0,0.0,4.0,0.0,8.0,0.0,0.0,24.0,0.0,0.0,0.0,0.0,20.0,0.0,20.0,0.0,0.0,0.0,19.0,-5.400000000000002,22.36666666666667,4.968,-0.17100000000000026,5.2
2018,10/17-10/28,N49,43,714,14.8,STR17,48.12,1,4.811999999999999,0.0,0.0,4.0,0.0,8.0,0.0,0.0,24.0,0.0,0.0,0.0,0.0,20.0,0.0,20.0,0.0,0.0,0.0,20.0,-2.599999999999998,18.333333333333336,4.795,-0.17300000000000004,5.2
2018,11/2-11/16,N50-51,44,719,9.8,STR17,48.83,1,4.883,0.0,0.0,4.0,0.0,8.0,0.0,0.0,24.0,0.0,0.0,0.0,0.0,20.0,0.0,20.0,0.0,0.0,0.0,5.0,-5.0,14.0,4.811999999999999,0.01699999999999946,5.2
2018,11/20-12/1,N52,45,738,6.5,STR17,39.45,1,3.9450000000000003,0.0,0.0,4.0,0.0,8.0,0.0,0.0,24.0,0.0,0.0,0.0,0.0,20.0,0.0,20.0,0.0,0.0,0.0,19.0,-3.3000000000000007,10.366666666666669,4.883,0.07100000000000062,5.2
2018,12/4-12/17,N53,46,757,-1.1,STR17,44.02,1,4.402,0.0,0.0,4.0,0.0,8.0,0.0,0.0,24.0,0.0,0.0,0.0,0.0,20.0,0.0,20.0,0.0,0.0,0.0,19.0,-7.6,5.066666666666669,3.9450000000000003,-0.9379999999999997,5.2
2018,12/30-2019/1/14,N54,47,834,-0.2,STR17,43.88,1,4.388,0.0,0.0,4.0,0.0,8.0,0.0,0.0,24.0,0.0,0.0,0.0,0.0,20.0,0.0,20.0,0.0,0.0,0.0,77.0,0.9000000000000001,1.7333333333333358,4.402,0.45699999999999985,5.2
2019,1/18-1/28,N55,48,912,4.0,STR17,45.41,1,4.5409999999999995,0.0,0.0,4.0,0.0,8.0,0.0,0.0,24.0,0.0,0.0,0.0,0.0,20.0,0.0,20.0,0.0,0.0,0.0,78.0,4.2,0.9000000000000022,4.388,-0.014000000000000234,5.2
2019,3/1-3/20,N56,49,1013,14.2,STR17,45.11,1,4.511,0.0,0.0,4.0,0.0,8.0,0.0,0.0,24.0,0.0,0.0,0.0,0.0,20.0,0.0,20.0,0.0,0.0,0.0,101.0,10.2,6.000000000000003,4.5409999999999995,0.15299999999999958,5.2
2019,3/24-4/4,N57,50,1114,14.5,STR17,44.12,1,4.412,0.0,0.0,4.0,0.0,8.0,0.0,0.0,24.0,0.0,0.0,0.0,0.0,20.0,0.0,20.0,0.0,0.0,0.0,101.0,0.3000000000000007,10.9,4.511,-0.02999999999999936,5.2
2019,4/10-4/20,N58,51,1215,18.9,STR17,48.44,1,4.843999999999999,0.0,0.0,4.0,0.0,8.0,0.0,0.0,24.0,0.0,0.0,0.0,0.0,20.0,0.0,20.0,0.0,0.0,0.0,101.0,4.399999999999999,15.866666666666669,4.412,-0.0990000000000002,5.2
2019,4/25-5/5,N59,52,1317,20.3,STR17,47.07,1,4.707,0.0,0.0,4.0,0.0,8.0,0.0,0.0,24.0,0.0,0.0,0.0,0.0,20.0,0.0,20.0,0.0,0.0,0.0,102.0,1.4000000000000021,17.900000000000002,4.843999999999999,0.4319999999999995,5.2
2019,5/9-5/21,N60,53,1376,25.0,STR17,51.51,1,5.151,0.0,0.0,4.0,0.0,8.0,0.0,0.0,24.0,0.0,0.0,0.0,0.0,20.0,0.0,20.0,0.0,0.0,0.0,59.0,4.699999999999999,21.400000000000002,4.707,-0.13699999999999957,5.2
2019,5/27-6/5,N61,54,1441,27.8,STR17,51.15,1,5.115,0.0,0.0,4.0,0.0,8.0,0.0,0.0,24.0,0.0,0.0,0.0,0.0,20.0,0.0,20.0,0.0,0.0,0.0,65.0,2.8000000000000007,24.36666666666667,5.151,0.44399999999999995,5.2
2019,6/12-6/22,N62,55,1508,29.3,STR17,55.94,1,5.593999999999999,0.0,0.0,4.0,0.0,8.0,0.0,0.0,24.0,0.0,0.0,0.0,0.0,20.0,0.0,20.0,0.0,0.0,0.0,67.0,1.5,27.36666666666667,5.115,-0.03599999999999959,5.2
2019,6/27-7/7,N63,56,1566,29.8,STR17,60.81,1,6.081,0.0,0.0,4.0,0.0,8.0,0.0,0.0,24.0,0.0,0.0,0.0,0.0,20.0,0.0,20.0,0.0,0.0,0.0,58.0,0.5,28.96666666666667,5.593999999999999,0.4789999999999992,5.593999999999999
2019,7/11-7/21,N64,57,1637,30.7,STR17,57.94,1,5.794,0.0,0.0,4.0,0.0,8.0,0.0,0.0,24.0,0.0,0.0,0.0,0.0,20.0,0.0,20.0,0.0,0.0,0.0,71.0,0.8999999999999986,29.933333333333337,6.081,0.487000000000001,6.081
2019,7/25-8/4,N65,58,1706,31.2,STR17,63.21,1,6.321,0.0,0.0,4.0,0.0,8.0,0.0,0.0,24.0,0.0,0.0,0.0,0.0,20.0,0.0,20.0,0.0,0.0,0.0,69.0,0.5,30.566666666666666,5.794,-0.2870000000000008,6.081
2019,8/9-8/19,N66,59,1777,29.1,STR17,63.22,1,6.322,0.0,0.0,4.0,0.0,8.0,0.0,0.0,24.0,0.0,0.0,0.0,0.0,20.0,0.0,20.0,0.0,0.0,0.0,71.0,-2.099999999999998,30.33333333333334,6.321,0.5270000000000001,6.321
2019,8/24-9/5,N67,60,1847,29.4,STR17,62.69,1,6.269,0.0,0.0,4.0,0.0,8.0,0.0,0.0,24.0,0.0,0.0,0.0,0.0,20.0,0.0,20.0,0.0,0.0,0.0,70.0,0.29999999999999716,29.900000000000002,6.322,0.001000000000000334,6.322
2019,9/10-9/20,N68,61,1915,24.1,STR17,58.9,1,5.89,0.0,0.0,4.0,0.0,8.0,0.0,0.0,24.0,0.0,0.0,0.0,0.0,20.0,0.0,20.0,0.0,0.0,0.0,68.0,-5.299999999999997,27.533333333333335,6.269,-0.052999999999999936,6.322
2019,9/25-10/13,N69,62,1981,21.8,STR17,64.08,1,6.4079999999999995,0.0,0.0,4.0,0.0,8.0,0.0,0.0,24.0,0.0,0.0,0.0,0.0,20.0,0.0,20.0,0.0,0.0,0.0,66.0,-2.3000000000000007,25.100000000000005,5.89,-0.37900000000000045,6.322
2019,10/18-10/28,N70,63,2048,15.4,STR17,62.28,1,6.228,0.0,0.0,4.0,0.0,8.0,0.0,0.0,24.0,0.0,0.0,0.0,0.0,20.0,0.0,20.0,0.0,0.0,0.0,67.0,-6.4,20.433333333333334,6.4079999999999995,0.5179999999999998,6.4079999999999995
2019,11/3-11/14,N71,64,2116,12.1,STR17,60.63,1,6.063000000000001,0.0,0.0,4.0,0.0,8.0,0.0,0.0,24.0,0.0,0.0,0.0,0.0,20.0,0.0,20.0,0.0,0.0,0.0,68.0,-3.3000000000000007,16.433333333333334,6.228,-0.17999999999999972,6.4079999999999995
2019,11/20-12/1,N72,65,2184,3.8,STR17,59.64,1,5.964,0.0,0.0,4.0,0.0,8.0,0.0,0.0,24.0,0.0,0.0,0.0,0.0,20.0,0.0,20.0,0.0,0.0,0.0,68.0,-8.3,10.433333333333335,6.063000000000001,-0.16499999999999915,6.4079999999999995
2019,12/5-12/21,N73,66,2290,0.8,STR17,62.64,1,6.264,0.0,0.0,4.0,0.0,8.0,0.0,0.0,24.0,0.0,0.0,0.0,0.0,20.0,0.0,20.0,0.0,0.0,0.0,106.0,-3.0,5.566666666666669,5.964,-0.0990000000000002,6.4079999999999995
2019,12/26-1/5,N74,67,2396,0.1,STR17,57.23,1,5.723,0.0,0.0,4.0,0.0,8.0,0.0,0.0,24.0,0.0,0.0,0.0,0.0,20.0,0.0,20.0,0.0,0.0,0.0,106.0,-0.7000000000000001,1.566666666666669,6.264,0.2999999999999998,6.4079999999999995
2020,3/19-3/31,N75,68,2501,14.9,STR17,60.06,1,6.006,0.0,0.0,4.0,0.0,8.0,0.0,0.0,24.0,0.0,0.0,0.0,0.0,20.0,0.0,20.0,0.0,0.0,0.0,105.0,14.8,5.266666666666669,5.723,-0.5410000000000004,6.4079999999999995
2020,4/4-4/15,N76,69,2605,18.0,STR17,64.39,1,6.439,0.0,0.0,4.0,0.0,8.0,0.0,0.0,24.0,0.0,0.0,0.0,0.0,20.0,0.0,20.0,0.0,0.0,0.0,104.0,3.0999999999999996,11.000000000000002,6.006,0.28300000000000036,6.4079999999999995
2020,4/19-4/28,N77,70,2708,18.3,STR17,65.89,1,6.589,0.0,0.0,4.0,0.0,8.0,0.0,0.0,24.0,0.0,0.0,0.0,0.0,20.0,0.0,20.0,0.0,0.0,0.0,103.0,0.3000000000000007,17.066666666666666,6.439,0.43299999999999983,6.439
2020,5/7,N78-中,71,2757,23.2,STR17,61.91,1,6.191,0.0,0.0,4.0,0.0,8.0,0.0,0.0,24.0,0.0,0.0,0.0,0.0,20.0,0.0,20.0,0.0,0.0,0.0,49.0,4.899999999999999,19.833333333333336,6.589,0.15000000000000036,6.589
2020,5/1-5/10,N78,72,2783,18.6,STR17,58.86,1,5.886,0.0,0.0,4.0,0.0,8.0,0.0,0.0,24.0,0.0,0.0,0.0,0.0,20.0,0.0,20.0,0.0,0.0,0.0,26.0,-4.599999999999998,20.033333333333335,6.191,-0.3980000000000006,6.589
2020,5/19,N79-中,73,2824,22.1,STR17,69.28,1,6.928,0.0,0.0,4.0,0.0,8.0,0.0,0.0,24.0,0.0,0.0,0.0,0.0,20.0,0.0,20.0,0.0,0.0,0.0,41.0,3.5,21.300000000000004,5.886,-0.3049999999999997,6.589
2020,5/14-5/23,N79,74,2857,24.5,STR17,68.68,1,6.868,0.0,0.0,4.0,0.0,8.0,0.0,0.0,24.0,0.0,0.0,0.0,0.0,20.0,0.0,20.0,0.0,0.0,0.0,33.0,2.3999999999999986,21.733333333333338,6.928,1.0419999999999998,6.928
2020,6/2,N80-中,75,2900,27.0,STR17,74.66,1,7.465999999999999,0.0,0.0,4.0,0.0,8.0,0.0,0.0,24.0,0.0,0.0,0.0,0.0,20.0,0.0,20.0,0.0,0.0,0.0,43.0,2.5,24.533333333333335,6.868,-0.05999999999999961,6.928
2020,5/27-6/6,N80,76,2931,29.7,STR17,76.31,1,7.631,0.0,0.0,4.0,0.0,8.0,0.0,0.0,24.0,0.0,0.0,0.0,0.0,20.0,0.0,20.0,0.0,0.0,0.0,31.0,2.6999999999999993,27.066666666666666,7.465999999999999,0.597999999999999,7.465999999999999
2020,6/17,N81-中,77,2987,31.7,STR17,72.96,1,7.295999999999999,0.0,0.0,4.0,0.0,8.0,0.0,0.0,24.0,0.0,0.0,0.0,0.0,20.0,0.0,20.0,0.0,0.0,0.0,56.0,2.0,29.46666666666667,7.631,0.16500000000000092,7.631
2020,6/10-6/19,N81,78,3006,29.0,STR17,76.3,1,7.63,0.0,0.0,4.0,0.0,8.0,0.0,0.0,24.0,0.0,0.0,0.0,0.0,20.0,0.0,20.0,0.0,0.0,0.0,19.0,-2.6999999999999993,30.133333333333336,7.295999999999999,-0.33500000000000085,7.631
2020,6/29,N82-中,79,3040,28.5,STR17,74.75,1,7.475,0.0,0.0,4.0,0.0,8.0,0.0,0.0,24.0,0.0,0.0,0.0,0.0,20.0,0.0,20.0,0.0,0.0,0.0,34.0,-0.5,29.733333333333334,7.63,0.3340000000000005,7.631
2020,6/25-7/5,N82,80,3081,28.9,STR17,73.96,1,7.395999999999999,0.0,0.0,4.0,0.0,8.0,0.0,0.0,24.0,0.0,0.0,0.0,0.0,20.0,0.0,20.0,0.0,0.0,0.0,41.0,0.3999999999999986,28.8,7.475,-0.15500000000000025,7.631
2020,7/15,N83-中,81,3128,26.7,STR17,78.77,1,7.877,0.0,0.0,4.0,0.0,8.0,0.0,0.0,24.0,0.0,0.0,0.0,0.0,20.0,0.0,20.0,0.0,0.0,0.0,47.0,-2.1999999999999993,28.033333333333335,7.395999999999999,-0.07900000000000063,7.631
2020,7/9-7/19,N83,82,3157,30.0,STR17,77.05,1,7.705,0.0,0.0,4.0,0.0,8.0,0.0,0.0,24.0,0.0,0.0,0.0,0.0,20.0,0.0,20.0,0.0,0.0,0.0,29.0,3.3000000000000007,28.533333333333335,7.877,0.48100000000000076,7.877
2020,8/8,N84-中,83,3212,30.6,STR17,69.53,1,6.953,0.0,0.0,4.0,0.0,8.0,0.0,0.0,24.0,0.0,0.0,0.0,0.0,20.0,0.0,20.0,0.0,0.0,0.0,55.0,0.6000000000000014,29.100000000000005,7.705,-0.1719999999999997,7.877
2020,7/24-8/11,N84,84,3233,30.8,STR17,71.88,1,7.188,0.0,0.0,4.0,0.0,8.0,0.0,0.0,24.0,0.0,0.0,0.0,0.0,20.0,0.0,20.0,0.0,0.0,0.0,21.0,0.1999999999999993,30.46666666666667,6.953,-0.7519999999999998,7.877
2020,8/21,N85-中,85,3275,25.8,STR17,65.5,1,6.55,0.0,0.0,4.0,0.0,8.0,0.0,0.0,24.0,0.0,0.0,0.0,0.0,20.0,0.0,20.0,0.0,0.0,0.0,42.0,-5.0,29.066666666666666,7.188,0.23499999999999943,7.877
2020,8/15-8/25,N85,86,3308,26.9,STR17,66.37,1,6.6370000000000005,0.0,0.0,4.0,0.0,8.0,0.0,0.0,24.0,0.0,0.0,0.0,0.0,20.0,0.0,20.0,0.0,0.0,0.0,33.0,1.0999999999999979,27.83333333333334,6.55,-0.6379999999999999,7.877
2020,9/2,N86-中,87,3344,27.3,STR17,64.68,1,6.468000000000001,0.0,0.0,4.0,0.0,8.0,0.0,0.0,24.0,0.0,0.0,0.0,0.0,20.0,0.0,20.0,0.0,0.0,0.0,36.0,0.40000000000000213,26.666666666666668,6.6370000000000005,0.08700000000000063,7.877
2020,8/29-9/7,N86,88,3383,27.5,STR17,66.51,1,6.651000000000001,0.0,0.0,4.0,0.0,8.0,0.0,0.0,24.0,0.0,0.0,0.0,0.0,20.0,0.0,20.0,0.0,0.0,0.0,39.0,0.1999999999999993,27.233333333333338,6.468000000000001,-0.1689999999999996,7.877
2020,9/20,N87-中,89,3432,23.8,STR17,63.18,1,6.318,0.0,0.0,4.0,0.0,8.0,0.0,0.0,24.0,0.0,0.0,0.0,0.0,20.0,0.0,20.0,0.0,0.0,0.0,49.0,-3.6999999999999993,26.200000000000003,6.651000000000001,0.18299999999999983,7.877
2020,9/14-9/23,N87,90,3458,23.7,STR17,62.88,1,6.288,0.0,0.0,4.0,0.0,8.0,0.0,0.0,24.0,0.0,0.0,0.0,0.0,20.0,0.0,20.0,0.0,0.0,0.0,26.0,-0.10000000000000142,25.0,6.318,-0.3330000000000011,7.877
2020,10/12,N88-中,91,3495,18.4,STR17,63.48,1,6.348,0.0,0.0,4.0,0.0,8.0,0.0,0.0,24.0,0.0,0.0,0.0,0.0,20.0,0.0,20.0,0.0,0.0,0.0,37.0,-5.300000000000001,21.96666666666667,6.288,-0.02999999999999936,7.877
2020,9/28-10/17,N88,92,3533,17.7,STR17,61.31,1,6.131,0.0,0.0,4.0,0.0,8.0,0.0,0.0,24.0,0.0,0.0,0.0,0.0,20.0,0.0,20.0,0.0,0.0,0.0,38.0,-0.6999999999999993,19.933333333333337,6.348,0.05999999999999961,7.877
2020,10/26,N89-中,93,3577,15.1,STR17,61.31,1,6.131,0.0,0.0,4.0,0.0,8.0,0.0,0.0,24.0,0.0,0.0,0.0,0.0,20.0,0.0,20.0,0.0,0.0,0.0,44.0,-2.5999999999999996,17.066666666666666,6.131,-0.21699999999999964,7.877
2020,10/21-10/30,N89,94,3607,15.3,STR17,61.97,1,6.197,0.0,0.0,4.0,0.0,8.0,0.0,0.0,24.0,0.0,0.0,0.0,0.0,20.0,0.0,20.0,0.0,0.0,0.0,30.0,0.20000000000000107,16.033333333333335,6.131,0.0,7.877
2020,11/13,N90-中,95,3658,13.4,STR17,63.46,1,6.346,0.0,0.0,4.0,0.0,8.0,0.0,0.0,24.0,0.0,0.0,0.0,0.0,20.0,0.0,20.0,0.0,0.0,0.0,51.0,-1.9000000000000004,14.600000000000003,6.197,0.06599999999999984,7.877
2020,11/8-11/19,N90,96,3714,12.2,STR17,61.96,1,6.196,0.0,0.0,4.0,0.0,8.0,0.0,0.0,24.0,0.0,0.0,0.0,0.0,20.0,0.0,20.0,0.0,0.0,0.0,56.0,-1.200000000000001,13.633333333333335,6.346,0.14900000000000002,7.877
2020,11/29,N91-中,97,3768,3.5,STR17,62.14,1,6.214,0.0,0.0,4.0,0.0,8.0,0.0,0.0,24.0,0.0,0.0,0.0,0.0,20.0,0.0,20.0,0.0,0.0,0.0,54.0,-8.7,9.700000000000003,6.196,-0.15000000000000036,7.877
2020,11/24-12/5,N91,98,3822,2.3,STR17,61.72,1,6.172,0.0,0.0,4.0,0.0,8.0,0.0,0.0,24.0,0.0,0.0,0.0,0.0,20.0,0.0,20.0,0.0,0.0,0.0,54.0,-1.2000000000000002,6.000000000000003,6.214,0.018000000000000682,7.877
2020,12/25,N92-中,99,3875,-0.4,STR17,62.65,1,6.265,0.0,0.0,4.0,0.0,8.0,0.0,0.0,24.0,0.0,0.0,0.0,0.0,20.0,0.0,20.0,0.0,0.0,0.0,53.0,-2.6999999999999997,1.8000000000000023,6.172,-0.0420000000000007,7.877
2020,12/10-12/22,N92,100,3929,-0.2,STR17,61.26,1,6.1259999999999994,0.0,0.0,4.0,0.0,8.0,0.0,0.0,24.0,0.0,0.0,0.0,0.0,20.0,0.0,20.0,0.0,0.0,0.0,54.0,0.2,0.566666666666669,6.265,0.09299999999999997,7.877
2020,12/31,N93-中,101,3980,-3.0,STR17,62.0,1,6.2,0.0,0.0,4.0,0.0,8.0,0.0,0.0,24.0,0.0,0.0,0.0,0.0,20.0,0.0,20.0,0.0,0.0,0.0,51.0,-2.8,-1.1999999999999977,6.1259999999999994,-0.13900000000000023,7.877
2020,12/26-1/6,N93,102,4037,-3.8,STR17,61.53,1,6.1530000000000005,0.0,0.0,4.0,0.0,8.0,0.0,0.0,24.0,0.0,0.0,0.0,0.0,20.0,0.0,20.0,0.0,0.0,0.0,57.0,-0.7999999999999998,-2.333333333333331,6.2,0.07400000000000073,7.877
2021,1/15,N94-中,103,4090,1.4,STR17,61.0,1,6.1,0.0,0.0,4.0,0.0,8.0,0.0,0.0,24.0,0.0,0.0,0.0,0.0,20.0,0.0,20.0,0.0,0.0,0.0,53.0,5.199999999999999,-1.7999999999999978,6.1530000000000005,-0.04699999999999971,7.877
2021,1/10-1/21,N94,104,4144,0.2,STR17,61.4,1,6.14,0.0,0.0,4.0,0.0,8.0,0.0,0.0,24.0,0.0,0.0,0.0,0.0,20.0,0.0,20.0,0.0,0.0,0.0,54.0,-1.2,-0.7333333333333308,6.1,-0.053000000000000824,7.877
2021,3/24,N95-中,105,4204,11.9,STR17,64.04,1,6.404000000000001,0.0,0.0,4.0,0.0,8.0,0.0,0.0,24.0,0.0,0.0,0.0,0.0,20.0,0.0,20.0,0.0,0.0,0.0,60.0,11.700000000000001,4.500000000000003,6.14,0.040000000000000036,7.877
2021,3/18-3/29,N95,106,4252,14.2,STR17,64.72,1,6.4719999999999995,0.0,0.0,4.0,0.0,8.0,0.0,0.0,24.0,0.0,0.0,0.0,0.0,20.0,0.0,20.0,0.0,0.0,0.0,48.0,2.299999999999999,8.766666666666667,6.404000000000001,0.2640000000000011,7.877
2021,4/7,N96-中,107,4307,16.9,STR17,63.32,1,6.332,0.0,0.0,4.0,0.0,8.0,0.0,0.0,24.0,0.0,0.0,0.0,0.0,20.0,0.0,20.0,0.0,0.0,0.0,55.0,2.6999999999999993,14.333333333333334,6.4719999999999995,0.06799999999999873,7.877
2021,4/2-4/12,N96,108,4358,16.8,STR17,65.51,1,6.551,0.0,0.0,4.0,0.0,8.0,0.0,0.0,24.0,0.0,0.0,0.0,0.0,20.0,0.0,20.0,0.0,0.0,0.0,51.0,-0.09999999999999787,15.966666666666669,6.332,-0.13999999999999968,7.877
2021,4/21,N97-中,109,4415,20.2,STR17,65.29,1,6.529000000000001,0.0,0.0,4.0,0.0,8.0,0.0,0.0,24.0,0.0,0.0,0.0,0.0,20.0,0.0,20.0,0.0,0.0,0.0,57.0,3.3999999999999986,17.96666666666667,6.551,0.2190000000000003,7.877
2021,4/16-4/26,N97,110,4466,19.2,STR17,67.15,1,6.715000000000001,0.0,0.0,4.0,0.0,8.0,0.0,0.0,24.0,0.0,0.0,0.0,0.0,20.0,0.0,20.0,0.0,0.0,0.0,51.0,-1.0,18.733333333333334,6.529000000000001,-0.021999999999999353,7.877
2021,5/4,N98-中,111,4524,17.7,STR17,66.6,1,6.659999999999999,0.0,0.0,4.0,0.0,8.0,0.0,0.0,24.0,0.0,0.0,0.0,0.0,20.0,0.0,20.0,0.0,0.0,0.0,58.0,-1.5,19.033333333333335,6.715000000000001,0.18599999999999994,7.877
2021,4/29-5/9,N98,112,4573,20.8,STR17,66.44,1,6.644,0.0,0.0,4.0,0.0,8.0,0.0,0.0,24.0,0.0,0.0,0.0,0.0,20.0,0.0,20.0,0.0,0.0,0.0,49.0,3.1000000000000014,19.233333333333334,6.659999999999999,-0.05500000000000149,7.877
2021,5/19,N99-中,113,4612,23.8,STR17,64.4,1,6.44,0.0,0.0,4.0,0.0,8.0,0.0,0.0,24.0,0.0,0.0,0.0,0.0,20.0,0.0,20.0,0.0,0.0,0.0,39.0,3.0,20.766666666666666,6.644,-0.015999999999999126,7.877
2021,5/14-5/24,N99,114,4650,25.1,STR17,64.58,1,6.458,0.0,0.0,4.0,0.0,8.0,0.0,0.0,24.0,0.0,0.0,0.0,0.0,20.0,0.0,20.0,0.0,0.0,0.0,38.0,1.3000000000000007,23.233333333333334,6.44,-0.20399999999999974,7.877
2021,6/2,N100-中,115,4692,23.6,STR17,66.81,1,6.681,0.0,0.0,4.0,0.0,8.0,0.0,0.0,24.0,0.0,0.0,0.0,0.0,20.0,0.0,20.0,0.0,0.0,0.0,42.0,-1.5,24.16666666666667,6.458,0.017999999999999794,7.877
2021,5/28-6/7,N100,116,4727,25.8,STR17,66.54,1,6.654000000000001,0.0,0.0,4.0,0.0,8.0,0.0,0.0,24.0,0.0,0.0,0.0,0.0,20.0,0.0,20.0,0.0,0.0,0.0,35.0,2.1999999999999993,24.833333333333332,6.681,0.22299999999999986,7.877
2021,6/16,N101-中,117,4768,30.1,STR17,66.17,1,6.617,0.0,0.0,4.0,0.0,8.0,0.0,0.0,24.0,0.0,0.0,0.0,0.0,20.0,0.0,20.0,0.0,0.0,0.0,41.0,4.300000000000001,26.5,6.654000000000001,-0.026999999999999247,7.877
2021,6/11-6/20,N101,118,4805,30.2,STR17,69.9,1,6.99,0.0,0.0,4.0,0.0,8.0,0.0,0.0,24.0,0.0,0.0,0.0,0.0,20.0,0.0,20.0,0.0,0.0,0.0,37.0,0.09999999999999787,28.700000000000003,6.617,-0.03700000000000081,7.877
2021,6/30,N102-中,119,4843,27.2,STR17,68.29,1,6.829000000000001,0.0,0.0,4.0,0.0,8.0,0.0,0.0,24.0,0.0,0.0,0.0,0.0,20.0,0.0,20.0,0.0,0.0,0.0,38.0,-3.0,29.166666666666668,6.99,0.3730000000000002,7.877
2021,6/25-7/6,N102,120,4882,27.5,STR17,68.81,1,6.881,0.0,0.0,4.0,0.0,8.0,0.0,0.0,24.0,0.0,0.0,0.0,0.0,20.0,0.0,20.0,0.0,0.0,0.0,39.0,0.3000000000000007,28.3,6.829000000000001,-0.1609999999999996,7.877
2021,7/14,N103-中,121,4922,29.1,STR17,69.21,1,6.920999999999999,0.0,0.0,4.0,0.0,8.0,0.0,0.0,24.0,0.0,0.0,0.0,0.0,20.0,0.0,20.0,0.0,0.0,0.0,40.0,1.6000000000000014,27.933333333333337,6.881,0.0519999999999996,7.877
2021,7/9-7/19,N103,122,4960,29.0,STR17,67.71,1,6.770999999999999,0.0,0.0,4.0,0.0,8.0,0.0,0.0,24.0,0.0,0.0,0.0,0.0,20.0,0.0,20.0,0.0,0.0,0.0,38.0,-0.10000000000000142,28.53333333333333,6.920999999999999,0.03999999999999915,7.877
2021,7/28,N104-中,123,4999,31.2,STR17,68.94,1,6.894,0.0,0.0,4.0,0.0,8.0,0.0,0.0,24.0,0.0,0.0,0.0,0.0,20.0,0.0,20.0,0.0,0.0,0.0,39.0,2.1999999999999993,29.766666666666666,6.770999999999999,-0.15000000000000036,7.877
2021,7/23-8/1,N104,124,5037,29.9,STR17,67.72,1,6.772,0.0,0.0,4.0,0.0,8.0,0.0,0.0,24.0,0.0,0.0,0.0,0.0,20.0,0.0,20.0,0.0,0.0,0.0,38.0,-1.3000000000000007,30.033333333333335,6.894,0.12300000000000111,7.877
2021,8/10,N105-中,125,5077,30.5,STR17,69.03,1,6.9030000000000005,0.0,0.0,4.0,0.0,8.0,0.0,0.0,24.0,0.0,0.0,0.0,0.0,20.0,0.0,20.0,0.0,0.0,0.0,40.0,0.6000000000000014,30.533333333333335,6.772,-0.12199999999999989,7.877
2021,8/6-8/15,N105,126,5115,29.2,STR17,69.38,1,6.938,0.0,0.0,4.0,0.0,8.0,0.0,0.0,24.0,0.0,0.0,0.0,0.0,20.0,0.0,20.0,0.0,0.0,0.0,38.0,-1.3000000000000007,29.866666666666664,6.9030000000000005,0.13100000000000023,7.877
2021,8/25,N106-中,127,5151,28.1,STR17,71.26,1,7.126,0.0,0.0,4.0,0.0,8.0,0.0,0.0,24.0,0.0,0.0,0.0,0.0,20.0,0.0,20.0,0.0,0.0,0.0,36.0,-1.0999999999999979,29.26666666666667,6.938,0.034999999999999254,7.877
2021,8/20-8/29,N106,128,5193,27.5,STR17,70.21,1,7.020999999999999,0.0,0.0,4.0,0.0,8.0,0.0,0.0,24.0,0.0,0.0,0.0,0.0,20.0,0.0,20.0,0.0,0.0,0.0,42.0,-0.6000000000000014,28.26666666666667,7.126,0.1880000000000006,7.877
2021,9/8,N107-中,129,5237,24.1,STR17,72.32,1,7.231999999999999,0.0,0.0,4.0,0.0,8.0,0.0,0.0,24.0,0.0,0.0,0.0,0.0,20.0,0.0,20.0,0.0,0.0,0.0,44.0,-3.3999999999999986,26.566666666666666,7.020999999999999,-0.10500000000000131,7.877
2021,9/03-9/13,N107,130,5271,25.2,STR17,67.99,1,6.7989999999999995,0.0,0.0,4.0,0.0,8.0,0.0,0.0,24.0,0.0,0.0,0.0,0.0,20.0,0.0,20.0,0.0,0.0,0.0,34.0,1.0999999999999979,25.600000000000005,7.231999999999999,0.2110000000000003,7.877
2021,9/22,N108-中,131,5314,22.2,STR17,70.67,1,7.067,0.0,0.0,4.0,0.0,8.0,0.0,0.0,24.0,0.0,0.0,0.0,0.0,20.0,0.0,20.0,0.0,0.0,0.0,43.0,-3.0,23.833333333333332,6.7989999999999995,-0.43299999999999983,7.877
2021,9/17-9/26,N108,132,5349,22.5,STR17,67.17,1,6.7170000000000005,0.0,0.0,4.0,0.0,8.0,0.0,0.0,24.0,0.0,0.0,0.0,0.0,20.0,0.0,20.0,0.0,0.0,0.0,35.0,0.3000000000000007,23.3,7.067,0.2680000000000007,7.877
2021,10/13,N109-中,133,5387,16.3,STR17,66.92,1,6.692,0.0,0.0,4.0,0.0,8.0,0.0,0.0,24.0,0.0,0.0,0.0,0.0,20.0,0.0,20.0,0.0,0.0,0.0,38.0,-6.199999999999999,20.333333333333332,6.7170000000000005,-0.34999999999999964,7.877
2021,10/8-10/18,N109,134,5427,15.6,STR17,65.99,1,6.598999999999999,0.0,0.0,4.0,0.0,8.0,0.0,0.0,24.0,0.0,0.0,0.0,0.0,20.0,0.0,20.0,0.0,0.0,0.0,40.0,-0.7000000000000011,18.133333333333333,6.692,-0.025000000000000355,7.877
2021,10/27,N110-中,135,5469,15.5,STR17,66.33,1,6.633,0.0,0.0,4.0,0.0,8.0,0.0,0.0,24.0,0.0,0.0,0.0,0.0,20.0,0.0,20.0,0.0,0.0,0.0,42.0,-0.09999999999999964,15.800000000000002,6.598999999999999,-0.09300000000000086,7.877
2021,10/22-11/1,N110,136,5504,15.5,STR17,65.68,1,6.5680000000000005,0.0,0.0,4.0,0.0,8.0,0.0,0.0,24.0,0.0,0.0,0.0,0.0,20.0,0.0,20.0,0.0,0.0,0.0,35.0,0.0,15.533333333333333,6.633,0.034000000000000696,7.877
2021,11/11,N111-中,137,5556,7.7,STR17,65.96,1,6.595999999999999,0.0,0.0,4.0,0.0,8.0,0.0,0.0,24.0,0.0,0.0,0.0,0.0,20.0,0.0,20.0,0.0,0.0,0.0,52.0,-7.8,12.9,6.5680000000000005,-0.0649999999999995,7.877
2021,11/05-11/17,N111,138,5612,9.3,STR17,65.36,1,6.536,0.0,0.0,4.0,0.0,8.0,0.0,0.0,24.0,0.0,0.0,0.0,0.0,20.0,0.0,20.0,0.0,0.0,0.0,56.0,1.6000000000000005,10.833333333333334,6.595999999999999,0.027999999999998693,7.877
2021,11/25,N112-中,139,5669,5.5,STR17,64.32,1,6.4319999999999995,0.0,0.0,4.0,0.0,8.0,0.0,0.0,24.0,0.0,0.0,0.0,0.0,20.0,0.0,20.0,0.0,0.0,0.0,57.0,-3.8000000000000007,7.500000000000001,6.536,-0.05999999999999961,7.877
2021,11/20-11/30,N112,140,5720,6.4,STR17,64.74,1,6.473999999999999,0.0,0.0,4.0,0.0,8.0,0.0,0.0,24.0,0.0,0.0,0.0,0.0,20.0,0.0,20.0,0.0,0.0,0.0,51.0,0.9000000000000004,7.066666666666667,6.4319999999999995,-0.10400000000000009,7.877
2021,12/9,N113-中,141,5778,7.2,STR17,65.25,1,6.525,0.0,0.0,4.0,0.0,8.0,0.0,0.0,24.0,0.0,0.0,0.0,0.0,20.0,0.0,20.0,0.0,0.0,0.0,58.0,0.7999999999999998,6.366666666666668,6.473999999999999,0.041999999999999815,7.877
2021,12/4-12/14,N113,142,5828,5.4,STR17,65.31,1,6.531000000000001,0.0,0.0,4.0,0.0,8.0,0.0,0.0,24.0,0.0,0.0,0.0,0.0,20.0,0.0,20.0,0.0,0.0,0.0,50.0,-1.7999999999999998,6.333333333333335,6.525,0.051000000000001044,7.877
2021,12/23,N114-中,143,5889,3.1,STR17,64.35,1,6.435,0.0,0.0,4.0,0.0,8.0,0.0,0.0,24.0,0.0,0.0,0.0,0.0,20.0,0.0,20.0,0.0,0.0,0.0,61.0,-2.3000000000000003,5.233333333333335,6.531000000000001,0.006000000000000227,7.877
2021,12/17-12/28,N114,144,5936,0.2,STR17,64.64,1,6.464,0.0,0.0,4.0,0.0,8.0,0.0,0.0,24.0,0.0,0.0,0.0,0.0,20.0,0.0,20.0,0.0,0.0,0.0,47.0,-2.9,2.900000000000001,6.435,-0.09600000000000097,7.877
2021,1/8,N115-中,145,5992,1.1,STR17,64.74,1,6.473999999999999,0.0,0.0,4.0,0.0,8.0,0.0,0.0,24.0,0.0,0.0,0.0,0.0,20.0,0.0,20.0,0.0,0.0,0.0,56.0,0.9000000000000001,1.466666666666668,6.464,0.029000000000000803,7.877
2021,1/3-1/13,N115,146,6044,0.8,STR17,64.79,1,6.479000000000001,0.0,0.0,4.0,0.0,8.0,0.0,0.0,24.0,0.0,0.0,0.0,0.0,20.0,0.0,20.0,0.0,0.0,0.0,52.0,-0.30000000000000004,0.7000000000000012,6.473999999999999,0.009999999999998899,7.877
2016,11/30-12/10,N1,0,3,3.8,STR18,15.86,1,1.5859999999999999,0.0,0.0,4.0,0.0,0.0,0.0,8.0,0.0,36.0,0.0,0.0,4.0,0.0,0.0,0.0,0.0,0.0,48.0,0.0,0.0,3.8,,,
2016,12/13-12/24,N2,1,10,1.2,STR18,16.21,1,1.621,0.0,0.0,4.0,0.0,0.0,0.0,8.0,0.0,36.0,0.0,0.0,4.0,0.0,0.0,0.0,0.0,0.0,48.0,7.0,-2.5999999999999996,2.5,1.5859999999999999,,1.5859999999999999
2016,12/27-1/9,N3,2,30,0.9,STR18,14.19,1,1.419,0.0,0.0,4.0,0.0,0.0,0.0,8.0,0.0,36.0,0.0,0.0,4.0,0.0,0.0,0.0,0.0,0.0,48.0,20.0,-0.29999999999999993,1.9666666666666666,1.621,0.03500000000000014,1.621
2017,1/12-2/23,N4,3,48,3.6,STR18,14.28,1,1.428,0.0,0.0,4.0,0.0,0.0,0.0,8.0,0.0,36.0,0.0,0.0,4.0,0.0,0.0,0.0,0.0,0.0,48.0,18.0,2.7,1.9000000000000001,1.419,-0.20199999999999996,1.621
2017,2/26-3/10,N5,4,67,11.4,STR18,,0,,0.0,0.0,4.0,0.0,0.0,0.0,8.0,0.0,36.0,0.0,0.0,4.0,0.0,0.0,0.0,0.0,0.0,48.0,19.0,7.800000000000001,5.3,1.428,0.008999999999999897,1.621
2017,3/13-3/23,N6,5,85,13.9,STR18,16.56,1,1.656,0.0,0.0,4.0,0.0,0.0,0.0,8.0,0.0,36.0,0.0,0.0,4.0,0.0,0.0,0.0,0.0,0.0,48.0,18.0,2.5,9.633333333333333,1.428,0.008999999999999897,1.621
2017,3/26-4/6,N7,6,104,19.1,STR18,16.47,1,1.6469999999999998,0.0,0.0,4.0,0.0,0.0,0.0,8.0,0.0,36.0,0.0,0.0,4.0,0.0,0.0,0.0,0.0,0.0,48.0,19.0,5.200000000000001,14.799999999999999,1.656,0.22799999999999998,1.656
2017,4/9-4/13,N8,7,108,21.1,STR18,18.33,1,1.8329999999999997,0.0,0.0,4.0,0.0,0.0,0.0,8.0,0.0,36.0,0.0,0.0,4.0,0.0,0.0,0.0,0.0,0.0,48.0,4.0,2.0,18.033333333333335,1.6469999999999998,-0.009000000000000119,1.656
2017,4/17-4-21,N9,8,109,21.7,STR18,16.58,1,1.658,0.0,0.0,4.0,0.0,0.0,0.0,8.0,0.0,36.0,0.0,0.0,4.0,0.0,0.0,0.0,0.0,0.0,48.0,1.0,0.5999999999999979,20.633333333333336,1.8329999999999997,0.18599999999999994,1.8329999999999997
2017,4/24-5/4,N10,9,129,27.0,STR18,21.38,1,2.138,0.0,0.0,4.0,0.0,0.0,0.0,8.0,0.0,36.0,0.0,0.0,4.0,0.0,0.0,0.0,0.0,0.0,48.0,20.0,5.300000000000001,23.266666666666666,1.658,-0.17499999999999982,1.8329999999999997
2017,5/7-5-17,N11,10,149,30.1,STR18,28.0,1,2.8,0.0,0.0,4.0,0.0,0.0,0.0,8.0,0.0,36.0,0.0,0.0,4.0,0.0,0.0,0.0,0.0,0.0,48.0,20.0,3.1000000000000014,26.266666666666666,2.138,0.48,2.138
2017,5/20-5/30,N12,11,168,30.2,STR18,37.86,1,3.786,0.0,0.0,4.0,0.0,0.0,0.0,8.0,0.0,36.0,0.0,0.0,4.0,0.0,0.0,0.0,0.0,0.0,48.0,19.0,0.09999999999999787,29.099999999999998,2.8,0.6619999999999999,2.8
2017,6/2-6/12,N13,12,188,29.6,STR18,40.68,1,4.068,0.0,0.0,4.0,0.0,0.0,0.0,8.0,0.0,36.0,0.0,0.0,4.0,0.0,0.0,0.0,0.0,0.0,48.0,20.0,-0.5999999999999979,29.96666666666667,3.786,0.9860000000000002,3.786
2017,6/16-6/26,N14,13,206,30.1,STR18,44.52,1,4.452,0.0,0.0,4.0,0.0,0.0,0.0,8.0,0.0,36.0,0.0,0.0,4.0,0.0,0.0,0.0,0.0,0.0,48.0,18.0,0.5,29.96666666666667,4.068,0.2819999999999996,4.068
2017,6/29-7/10,N15,14,224,28.6,STR18,56.53,1,5.6530000000000005,0.0,0.0,4.0,0.0,0.0,0.0,8.0,0.0,36.0,0.0,0.0,4.0,0.0,0.0,0.0,0.0,0.0,48.0,18.0,-1.5,29.433333333333337,4.452,0.38400000000000034,4.452
2017,7/13-7/23,N16-17,15,230,31.4,STR18,49.33,1,4.933,0.0,0.0,4.0,0.0,0.0,0.0,8.0,0.0,36.0,0.0,0.0,4.0,0.0,0.0,0.0,0.0,0.0,48.0,6.0,2.799999999999997,30.03333333333333,5.6530000000000005,1.2010000000000005,5.6530000000000005
2017,7/27-8/7,N18,16,250,32.1,STR18,52.88,1,5.288,0.0,0.0,4.0,0.0,0.0,0.0,8.0,0.0,36.0,0.0,0.0,4.0,0.0,0.0,0.0,0.0,0.0,48.0,20.0,0.7000000000000028,30.7,4.933,-0.7200000000000006,5.6530000000000005
2017,8/10-8/21,N19,17,268,28.6,STR18,52.53,1,5.253,0.0,0.0,4.0,0.0,0.0,0.0,8.0,0.0,36.0,0.0,0.0,4.0,0.0,0.0,0.0,0.0,0.0,48.0,18.0,-3.5,30.7,5.288,0.3550000000000004,5.6530000000000005
2017,8/25-9/4,N20,18,286,26.3,STR18,49.43,1,4.943,0.0,0.0,4.0,0.0,0.0,0.0,8.0,0.0,36.0,0.0,0.0,4.0,0.0,0.0,0.0,0.0,0.0,48.0,18.0,-2.3000000000000007,29.0,5.253,-0.03500000000000014,5.6530000000000005
2017,9/8-9/18,N21,19,305,28.2,STR18,61.58,1,6.1579999999999995,0.0,0.0,4.0,0.0,0.0,0.0,8.0,0.0,36.0,0.0,0.0,4.0,0.0,0.0,0.0,0.0,0.0,48.0,19.0,1.8999999999999986,27.7,4.943,-0.3100000000000005,5.6530000000000005
2017,9/21-10/9,N22,20,323,22.9,STR18,54.75,1,5.475,0.0,0.0,4.0,0.0,0.0,0.0,8.0,0.0,36.0,0.0,0.0,4.0,0.0,0.0,0.0,0.0,0.0,48.0,18.0,-5.300000000000001,25.8,6.1579999999999995,1.2149999999999999,6.1579999999999995
2017,10/13-10/25,N23,21,346,14.9,STR18,57.28,1,5.728,0.0,0.0,4.0,0.0,0.0,0.0,8.0,0.0,36.0,0.0,0.0,4.0,0.0,0.0,0.0,0.0,0.0,48.0,23.0,-7.999999999999998,22.0,5.475,-0.6829999999999998,6.1579999999999995
2017,11/1-11/12,N24-25,22,352,11.1,STR18,57.06,1,5.706,0.0,0.0,4.0,0.0,0.0,0.0,8.0,0.0,36.0,0.0,0.0,4.0,0.0,0.0,0.0,0.0,0.0,48.0,6.0,-3.8000000000000007,16.3,5.728,0.2530000000000001,6.1579999999999995
2017,11/15-11/26,N26,23,371,3.8,STR18,62.75,1,6.275,0.0,0.0,4.0,0.0,0.0,0.0,8.0,0.0,36.0,0.0,0.0,4.0,0.0,0.0,0.0,0.0,0.0,48.0,19.0,-7.3,9.933333333333334,5.706,-0.021999999999999353,6.1579999999999995
2017,12/9-12/21,N27,24,391,0.0,STR18,48.97,1,4.897,0.0,0.0,4.0,0.0,0.0,0.0,8.0,0.0,36.0,0.0,0.0,4.0,0.0,0.0,0.0,0.0,0.0,48.0,20.0,-3.8,4.966666666666666,6.275,0.569,6.275
2017,12/23-1/3,N28,25,410,0.2,STR18,43.8,1,4.38,0.0,0.0,4.0,0.0,0.0,0.0,8.0,0.0,36.0,0.0,0.0,4.0,0.0,0.0,0.0,0.0,0.0,48.0,19.0,0.2,1.3333333333333333,4.897,-1.3780000000000001,6.275
2018,1/7-1/18,N29-30,26,415,-1.0,STR18,44.55,1,4.455,0.0,0.0,4.0,0.0,0.0,0.0,8.0,0.0,36.0,0.0,0.0,4.0,0.0,0.0,0.0,0.0,0.0,48.0,5.0,-1.2,-0.26666666666666666,4.38,-0.5170000000000003,6.275
2018,1/20-1/30,N31,27,434,-2.2,STR18,50.45,1,5.045,0.0,0.0,4.0,0.0,0.0,0.0,8.0,0.0,36.0,0.0,0.0,4.0,0.0,0.0,0.0,0.0,0.0,48.0,19.0,-1.2000000000000002,-1.0,4.455,0.07500000000000018,6.275
2018,3/9-3/21,N32,28,454,8.3,STR18,54.32,1,5.432,0.0,0.0,4.0,0.0,0.0,0.0,8.0,0.0,36.0,0.0,0.0,4.0,0.0,0.0,0.0,0.0,0.0,48.0,20.0,10.5,1.7000000000000002,5.045,0.5899999999999999,6.275
2018,3/25-4/7,N33,29,473,15.7,STR18,43.27,1,4.327,0.0,0.0,4.0,0.0,0.0,0.0,8.0,0.0,36.0,0.0,0.0,4.0,0.0,0.0,0.0,0.0,0.0,48.0,19.0,7.399999999999999,7.266666666666667,5.432,0.38700000000000045,6.275
2018,4/10-4/21,N34,30,492,19.4,STR18,42.12,1,4.212,0.0,0.0,4.0,0.0,0.0,0.0,8.0,0.0,36.0,0.0,0.0,4.0,0.0,0.0,0.0,0.0,0.0,48.0,19.0,3.6999999999999993,14.466666666666667,4.327,-1.1050000000000004,6.275
2018,4/26-5/7,N35-36,31,498,23.7,STR18,51.35,1,5.135,0.0,0.0,4.0,0.0,0.0,0.0,8.0,0.0,36.0,0.0,0.0,4.0,0.0,0.0,0.0,0.0,0.0,48.0,6.0,4.300000000000001,19.599999999999998,4.212,-0.11500000000000021,6.275
2018,5/10-5/21,N37,32,517,24.1,STR18,58.42,1,5.8420000000000005,0.0,0.0,4.0,0.0,0.0,0.0,8.0,0.0,36.0,0.0,0.0,4.0,0.0,0.0,0.0,0.0,0.0,48.0,19.0,0.40000000000000213,22.400000000000002,5.135,0.923,6.275
2018,5/24-6/4,N38,33,536,29.7,STR18,,0,,0.0,0.0,4.0,0.0,0.0,0.0,8.0,0.0,36.0,0.0,0.0,4.0,0.0,0.0,0.0,0.0,0.0,48.0,19.0,5.599999999999998,25.833333333333332,5.8420000000000005,0.7070000000000007,6.275
2018,6/7-6/19,N39,34,556,26.6,STR18,57.08,1,5.708,0.0,0.0,4.0,0.0,0.0,0.0,8.0,0.0,36.0,0.0,0.0,4.0,0.0,0.0,0.0,0.0,0.0,48.0,20.0,-3.099999999999998,26.8,5.8420000000000005,0.7070000000000007,6.275
2018,6/22-7/2,N40,35,574,32.8,STR18,48.07,1,4.807,0.0,0.0,4.0,0.0,0.0,0.0,8.0,0.0,36.0,0.0,0.0,4.0,0.0,0.0,0.0,0.0,0.0,48.0,18.0,6.199999999999996,29.7,5.708,-0.13400000000000034,6.275
2018,7/5-7/17,N41,36,593,28.3,STR18,63.92,1,6.392,0.0,0.0,4.0,0.0,0.0,0.0,8.0,0.0,36.0,0.0,0.0,4.0,0.0,0.0,0.0,0.0,0.0,48.0,19.0,-4.4999999999999964,29.233333333333334,4.807,-0.9009999999999998,6.275
2018,7/22-7/31,N42,37,612,32.7,STR18,68.38,1,6.837999999999999,0.0,0.0,4.0,0.0,0.0,0.0,8.0,0.0,36.0,0.0,0.0,4.0,0.0,0.0,0.0,0.0,0.0,48.0,19.0,4.400000000000002,31.26666666666667,6.392,1.585,6.392
2018,8/3-8/14,N43-44,38,618,30.5,STR18,69.88,1,6.9879999999999995,0.0,0.0,4.0,0.0,0.0,0.0,8.0,0.0,36.0,0.0,0.0,4.0,0.0,0.0,0.0,0.0,0.0,48.0,6.0,-2.200000000000003,30.5,6.837999999999999,0.44599999999999884,6.837999999999999
2018,8/17-8/30,N45,39,636,29.6,STR18,72.5,1,7.25,0.0,0.0,4.0,0.0,0.0,0.0,8.0,0.0,36.0,0.0,0.0,4.0,0.0,0.0,0.0,0.0,0.0,48.0,18.0,-0.8999999999999986,30.933333333333337,6.9879999999999995,0.15000000000000036,6.9879999999999995
2018,9/2-9/12,N46,40,655,26.9,STR18,73.55,1,7.3549999999999995,0.0,0.0,4.0,0.0,0.0,0.0,8.0,0.0,36.0,0.0,0.0,4.0,0.0,0.0,0.0,0.0,0.0,48.0,19.0,-2.700000000000003,29.0,7.25,0.26200000000000045,7.25
2018,9/15-9/25,N47,41,675,22.8,STR18,70.05,1,7.005,0.0,0.0,4.0,0.0,0.0,0.0,8.0,0.0,36.0,0.0,0.0,4.0,0.0,0.0,0.0,0.0,0.0,48.0,20.0,-4.099999999999998,26.433333333333337,7.3549999999999995,0.10499999999999954,7.3549999999999995
2018,10/4-10/15,N48,42,694,17.4,STR18,70.05,1,7.005,0.0,0.0,4.0,0.0,0.0,0.0,8.0,0.0,36.0,0.0,0.0,4.0,0.0,0.0,0.0,0.0,0.0,48.0,19.0,-5.400000000000002,22.36666666666667,7.005,-0.34999999999999964,7.3549999999999995
2018,10/17-10/28,N49,43,714,14.8,STR18,70.12,1,7.0120000000000005,0.0,0.0,4.0,0.0,0.0,0.0,8.0,0.0,36.0,0.0,0.0,4.0,0.0,0.0,0.0,0.0,0.0,48.0,20.0,-2.599999999999998,18.333333333333336,7.005,0.0,7.3549999999999995
2018,11/2-11/16,N50-51,44,719,9.8,STR18,67.72,1,6.772,0.0,0.0,4.0,0.0,0.0,0.0,8.0,0.0,36.0,0.0,0.0,4.0,0.0,0.0,0.0,0.0,0.0,48.0,5.0,-5.0,14.0,7.0120000000000005,0.007000000000000561,7.3549999999999995
2018,11/20-12/1,N52,45,738,6.5,STR18,62.22,1,6.2219999999999995,0.0,0.0,4.0,0.0,0.0,0.0,8.0,0.0,36.0,0.0,0.0,4.0,0.0,0.0,0.0,0.0,0.0,48.0,19.0,-3.3000000000000007,10.366666666666669,6.772,-0.2400000000000002,7.3549999999999995
2018,12/4-12/17,N53,46,757,-1.1,STR18,62.57,1,6.257,0.0,0.0,4.0,0.0,0.0,0.0,8.0,0.0,36.0,0.0,0.0,4.0,0.0,0.0,0.0,0.0,0.0,48.0,19.0,-7.6,5.066666666666669,6.2219999999999995,-0.5500000000000007,7.3549999999999995
2018,12/30-2019/1/14,N54,47,834,-0.2,STR18,64.65,1,6.465000000000001,0.0,0.0,4.0,0.0,0.0,0.0,8.0,0.0,36.0,0.0,0.0,4.0,0.0,0.0,0.0,0.0,0.0,48.0,77.0,0.9000000000000001,1.7333333333333358,6.257,0.03500000000000014,7.3549999999999995
2019,1/18-1/28,N55,48,912,4.0,STR18,57.24,1,5.724,0.0,0.0,4.0,0.0,0.0,0.0,8.0,0.0,36.0,0.0,0.0,4.0,0.0,0.0,0.0,0.0,0.0,48.0,78.0,4.2,0.9000000000000022,6.465000000000001,0.20800000000000107,7.3549999999999995
2019,3/1-3/20,N56,49,1013,14.2,STR18,65.32,1,6.531999999999999,0.0,0.0,4.0,0.0,0.0,0.0,8.0,0.0,36.0,0.0,0.0,4.0,0.0,0.0,0.0,0.0,0.0,48.0,101.0,10.2,6.000000000000003,5.724,-0.7410000000000005,7.3549999999999995
2019,3/24-4/4,N57,50,1114,14.5,STR18,63.2,1,6.32,0.0,0.0,4.0,0.0,0.0,0.0,8.0,0.0,36.0,0.0,0.0,4.0,0.0,0.0,0.0,0.0,0.0,48.0,101.0,0.3000000000000007,10.9,6.531999999999999,0.8079999999999989,7.3549999999999995
2019,4/10-4/20,N58,51,1215,18.9,STR18,66.42,1,6.642,0.0,0.0,4.0,0.0,0.0,0.0,8.0,0.0,36.0,0.0,0.0,4.0,0.0,0.0,0.0,0.0,0.0,48.0,101.0,4.399999999999999,15.866666666666669,6.32,-0.21199999999999886,7.3549999999999995
2019,4/25-5/5,N59,52,1317,20.3,STR18,68.19,1,6.819,0.0,0.0,4.0,0.0,0.0,0.0,8.0,0.0,36.0,0.0,0.0,4.0,0.0,0.0,0.0,0.0,0.0,48.0,102.0,1.4000000000000021,17.900000000000002,6.642,0.32200000000000006,7.3549999999999995
2019,5/9-5/21,N60,53,1376,25.0,STR18,75.5,1,7.55,0.0,0.0,4.0,0.0,0.0,0.0,8.0,0.0,36.0,0.0,0.0,4.0,0.0,0.0,0.0,0.0,0.0,48.0,59.0,4.699999999999999,21.400000000000002,6.819,0.1769999999999996,7.3549999999999995
2019,5/27-6/5,N61,54,1441,27.8,STR18,71.0,1,7.1,0.0,0.0,4.0,0.0,0.0,0.0,8.0,0.0,36.0,0.0,0.0,4.0,0.0,0.0,0.0,0.0,0.0,48.0,65.0,2.8000000000000007,24.36666666666667,7.55,0.7309999999999999,7.55
2019,6/12-6/22,N62,55,1508,29.3,STR18,73.32,1,7.331999999999999,0.0,0.0,4.0,0.0,0.0,0.0,8.0,0.0,36.0,0.0,0.0,4.0,0.0,0.0,0.0,0.0,0.0,48.0,67.0,1.5,27.36666666666667,7.1,-0.4500000000000002,7.55
2019,6/27-7/7,N63,56,1566,29.8,STR18,77.96,1,7.795999999999999,0.0,0.0,4.0,0.0,0.0,0.0,8.0,0.0,36.0,0.0,0.0,4.0,0.0,0.0,0.0,0.0,0.0,48.0,58.0,0.5,28.96666666666667,7.331999999999999,0.23199999999999932,7.55
2019,7/11-7/21,N64,57,1637,30.7,STR18,84.42,1,8.442,0.0,0.0,4.0,0.0,0.0,0.0,8.0,0.0,36.0,0.0,0.0,4.0,0.0,0.0,0.0,0.0,0.0,48.0,71.0,0.8999999999999986,29.933333333333337,7.795999999999999,0.4640000000000004,7.795999999999999
2019,7/25-8/4,N65,58,1706,31.2,STR18,92.26,1,9.226,0.0,0.0,4.0,0.0,0.0,0.0,8.0,0.0,36.0,0.0,0.0,4.0,0.0,0.0,0.0,0.0,0.0,48.0,69.0,0.5,30.566666666666666,8.442,0.6460000000000008,8.442
2019,8/9-8/19,N66,59,1777,29.1,STR18,91.51,1,9.151,0.0,0.0,4.0,0.0,0.0,0.0,8.0,0.0,36.0,0.0,0.0,4.0,0.0,0.0,0.0,0.0,0.0,48.0,71.0,-2.099999999999998,30.33333333333334,9.226,0.7840000000000007,9.226
2019,8/24-9/5,N67,60,1847,29.4,STR18,93.43,1,9.343,0.0,0.0,4.0,0.0,0.0,0.0,8.0,0.0,36.0,0.0,0.0,4.0,0.0,0.0,0.0,0.0,0.0,48.0,70.0,0.29999999999999716,29.900000000000002,9.151,-0.07500000000000107,9.226
2019,9/10-9/20,N68,61,1915,24.1,STR18,87.64,1,8.764,0.0,0.0,4.0,0.0,0.0,0.0,8.0,0.0,36.0,0.0,0.0,4.0,0.0,0.0,0.0,0.0,0.0,48.0,68.0,-5.299999999999997,27.533333333333335,9.343,0.19200000000000017,9.343
2019,9/25-10/13,N69,62,1981,21.8,STR18,89.42,1,8.942,0.0,0.0,4.0,0.0,0.0,0.0,8.0,0.0,36.0,0.0,0.0,4.0,0.0,0.0,0.0,0.0,0.0,48.0,66.0,-2.3000000000000007,25.100000000000005,8.764,-0.5790000000000006,9.343
2019,10/18-10/28,N70,63,2048,15.4,STR18,92.67,1,9.267,0.0,0.0,4.0,0.0,0.0,0.0,8.0,0.0,36.0,0.0,0.0,4.0,0.0,0.0,0.0,0.0,0.0,48.0,67.0,-6.4,20.433333333333334,8.942,0.17800000000000082,9.343
2019,11/3-11/14,N71,64,2116,12.1,STR18,93.6,1,9.36,0.0,0.0,4.0,0.0,0.0,0.0,8.0,0.0,36.0,0.0,0.0,4.0,0.0,0.0,0.0,0.0,0.0,48.0,68.0,-3.3000000000000007,16.433333333333334,9.267,0.3249999999999993,9.343
2019,11/20-12/1,N72,65,2184,3.8,STR18,98.2,1,9.82,0.0,0.0,4.0,0.0,0.0,0.0,8.0,0.0,36.0,0.0,0.0,4.0,0.0,0.0,0.0,0.0,0.0,48.0,68.0,-8.3,10.433333333333335,9.36,0.09299999999999997,9.36
2019,12/5-12/21,N73,66,2290,0.8,STR18,95.94,1,9.594,0.0,0.0,4.0,0.0,0.0,0.0,8.0,0.0,36.0,0.0,0.0,4.0,0.0,0.0,0.0,0.0,0.0,48.0,106.0,-3.0,5.566666666666669,9.82,0.46000000000000085,9.82
2019,12/26-1/5,N74,67,2396,0.1,STR18,94.88,1,9.488,0.0,0.0,4.0,0.0,0.0,0.0,8.0,0.0,36.0,0.0,0.0,4.0,0.0,0.0,0.0,0.0,0.0,48.0,106.0,-0.7000000000000001,1.566666666666669,9.594,-0.22600000000000087,9.82
2020,3/19-3/31,N75,68,2501,14.9,STR18,96.28,1,9.628,0.0,0.0,4.0,0.0,0.0,0.0,8.0,0.0,36.0,0.0,0.0,4.0,0.0,0.0,0.0,0.0,0.0,48.0,105.0,14.8,5.266666666666669,9.488,-0.10599999999999987,9.82
2020,4/4-4/15,N76,69,2605,18.0,STR18,98.66,1,9.866,0.0,0.0,4.0,0.0,0.0,0.0,8.0,0.0,36.0,0.0,0.0,4.0,0.0,0.0,0.0,0.0,0.0,48.0,104.0,3.0999999999999996,11.000000000000002,9.628,0.14000000000000057,9.82
2020,4/19-4/28,N77,70,2708,18.3,STR18,96.89,1,9.689,0.0,0.0,4.0,0.0,0.0,0.0,8.0,0.0,36.0,0.0,0.0,4.0,0.0,0.0,0.0,0.0,0.0,48.0,103.0,0.3000000000000007,17.066666666666666,9.866,0.23799999999999955,9.866
2020,5/7,N78-中,71,2757,23.2,STR18,95.89,1,9.589,0.0,0.0,4.0,0.0,0.0,0.0,8.0,0.0,36.0,0.0,0.0,4.0,0.0,0.0,0.0,0.0,0.0,48.0,49.0,4.899999999999999,19.833333333333336,9.689,-0.1769999999999996,9.866
2020,5/1-5/10,N78,72,2783,18.6,STR18,93.28,1,9.328,0.0,0.0,4.0,0.0,0.0,0.0,8.0,0.0,36.0,0.0,0.0,4.0,0.0,0.0,0.0,0.0,0.0,48.0,26.0,-4.599999999999998,20.033333333333335,9.589,-0.09999999999999964,9.866
2020,5/19,N79-中,73,2824,22.1,STR18,99.63,1,9.963,0.0,0.0,4.0,0.0,0.0,0.0,8.0,0.0,36.0,0.0,0.0,4.0,0.0,0.0,0.0,0.0,0.0,48.0,41.0,3.5,21.300000000000004,9.328,-0.261000000000001,9.866
2020,5/14-5/23,N79,74,2857,24.5,STR18,98.77,1,9.876999999999999,0.0,0.0,4.0,0.0,0.0,0.0,8.0,0.0,36.0,0.0,0.0,4.0,0.0,0.0,0.0,0.0,0.0,48.0,33.0,2.3999999999999986,21.733333333333338,9.963,0.6349999999999998,9.963
2020,6/2,N80-中,75,2900,27.0,STR18,103.95,1,10.395,0.0,0.0,4.0,0.0,0.0,0.0,8.0,0.0,36.0,0.0,0.0,4.0,0.0,0.0,0.0,0.0,0.0,48.0,43.0,2.5,24.533333333333335,9.876999999999999,-0.0860000000000003,9.963
2020,5/27-6/6,N80,76,2931,29.7,STR18,102.87,1,10.287,0.0,0.0,4.0,0.0,0.0,0.0,8.0,0.0,36.0,0.0,0.0,4.0,0.0,0.0,0.0,0.0,0.0,48.0,31.0,2.6999999999999993,27.066666666666666,10.395,0.5180000000000007,10.395
2020,6/17,N81-中,77,2987,31.7,STR18,104.08,1,10.408,0.0,0.0,4.0,0.0,0.0,0.0,8.0,0.0,36.0,0.0,0.0,4.0,0.0,0.0,0.0,0.0,0.0,48.0,56.0,2.0,29.46666666666667,10.287,-0.10799999999999876,10.395
2020,6/10-6/19,N81,78,3006,29.0,STR18,107.05,1,10.705,0.0,0.0,4.0,0.0,0.0,0.0,8.0,0.0,36.0,0.0,0.0,4.0,0.0,0.0,0.0,0.0,0.0,48.0,19.0,-2.6999999999999993,30.133333333333336,10.408,0.12099999999999866,10.408
2020,6/29,N82-中,79,3040,28.5,STR18,105.82,1,10.581999999999999,0.0,0.0,4.0,0.0,0.0,0.0,8.0,0.0,36.0,0.0,0.0,4.0,0.0,0.0,0.0,0.0,0.0,48.0,34.0,-0.5,29.733333333333334,10.705,0.2970000000000006,10.705
2020,6/25-7/5,N82,80,3081,28.9,STR18,104.25,1,10.425,0.0,0.0,4.0,0.0,0.0,0.0,8.0,0.0,36.0,0.0,0.0,4.0,0.0,0.0,0.0,0.0,0.0,48.0,41.0,0.3999999999999986,28.8,10.581999999999999,-0.12300000000000111,10.705
2020,7/15,N83-中,81,3128,26.7,STR18,107.8,1,10.78,0.0,0.0,4.0,0.0,0.0,0.0,8.0,0.0,36.0,0.0,0.0,4.0,0.0,0.0,0.0,0.0,0.0,48.0,47.0,-2.1999999999999993,28.033333333333335,10.425,-0.15699999999999825,10.705
2020,7/9-7/19,N83,82,3157,30.0,STR18,107.38,1,10.738,0.0,0.0,4.0,0.0,0.0,0.0,8.0,0.0,36.0,0.0,0.0,4.0,0.0,0.0,0.0,0.0,0.0,48.0,29.0,3.3000000000000007,28.533333333333335,10.78,0.35499999999999865,10.78
2020,8/8,N84-中,83,3212,30.6,STR18,105.95,1,10.595,0.0,0.0,4.0,0.0,0.0,0.0,8.0,0.0,36.0,0.0,0.0,4.0,0.0,0.0,0.0,0.0,0.0,48.0,55.0,0.6000000000000014,29.100000000000005,10.738,-0.041999999999999815,10.78
2020,7/24-8/11,N84,84,3233,30.8,STR18,105.12,1,10.512,0.0,0.0,4.0,0.0,0.0,0.0,8.0,0.0,36.0,0.0,0.0,4.0,0.0,0.0,0.0,0.0,0.0,48.0,21.0,0.1999999999999993,30.46666666666667,10.595,-0.1429999999999989,10.78
2020,8/21,N85-中,85,3275,25.8,STR18,102.32,1,10.232,0.0,0.0,4.0,0.0,0.0,0.0,8.0,0.0,36.0,0.0,0.0,4.0,0.0,0.0,0.0,0.0,0.0,48.0,42.0,-5.0,29.066666666666666,10.512,-0.08300000000000018,10.78
2020,8/15-8/25,N85,86,3308,26.9,STR18,104.84,1,10.484,0.0,0.0,4.0,0.0,0.0,0.0,8.0,0.0,36.0,0.0,0.0,4.0,0.0,0.0,0.0,0.0,0.0,48.0,33.0,1.0999999999999979,27.83333333333334,10.232,-0.28000000000000114,10.78
2020,9/2,N86-中,87,3344,27.3,STR18,103.65,1,10.365,0.0,0.0,4.0,0.0,0.0,0.0,8.0,0.0,36.0,0.0,0.0,4.0,0.0,0.0,0.0,0.0,0.0,48.0,36.0,0.40000000000000213,26.666666666666668,10.484,0.25200000000000067,10.78
2020,8/29-9/7,N86,88,3383,27.5,STR18,103.47,1,10.347,0.0,0.0,4.0,0.0,0.0,0.0,8.0,0.0,36.0,0.0,0.0,4.0,0.0,0.0,0.0,0.0,0.0,48.0,39.0,0.1999999999999993,27.233333333333338,10.365,-0.11899999999999977,10.78
2020,9/20,N87-中,89,3432,23.8,STR18,102.57,1,10.257,0.0,0.0,4.0,0.0,0.0,0.0,8.0,0.0,36.0,0.0,0.0,4.0,0.0,0.0,0.0,0.0,0.0,48.0,49.0,-3.6999999999999993,26.200000000000003,10.347,-0.018000000000000682,10.78
2020,9/14-9/23,N87,90,3458,23.7,STR18,100.92,1,10.092,0.0,0.0,4.0,0.0,0.0,0.0,8.0,0.0,36.0,0.0,0.0,4.0,0.0,0.0,0.0,0.0,0.0,48.0,26.0,-0.10000000000000142,25.0,10.257,-0.08999999999999986,10.78
2020,10/12,N88-中,91,3495,18.4,STR18,98.65,1,9.865,0.0,0.0,4.0,0.0,0.0,0.0,8.0,0.0,36.0,0.0,0.0,4.0,0.0,0.0,0.0,0.0,0.0,48.0,37.0,-5.300000000000001,21.96666666666667,10.092,-0.16499999999999915,10.78
2020,9/28-10/17,N88,92,3533,17.7,STR18,101.58,1,10.158,0.0,0.0,4.0,0.0,0.0,0.0,8.0,0.0,36.0,0.0,0.0,4.0,0.0,0.0,0.0,0.0,0.0,48.0,38.0,-0.6999999999999993,19.933333333333337,9.865,-0.2270000000000003,10.78
2020,10/26,N89-中,93,3577,15.1,STR18,98.32,1,9.831999999999999,0.0,0.0,4.0,0.0,0.0,0.0,8.0,0.0,36.0,0.0,0.0,4.0,0.0,0.0,0.0,0.0,0.0,48.0,44.0,-2.5999999999999996,17.066666666666666,10.158,0.29299999999999926,10.78
2020,10/21-10/30,N89,94,3607,15.3,STR18,99.49,1,9.949,0.0,0.0,4.0,0.0,0.0,0.0,8.0,0.0,36.0,0.0,0.0,4.0,0.0,0.0,0.0,0.0,0.0,48.0,30.0,0.20000000000000107,16.033333333333335,9.831999999999999,-0.3260000000000005,10.78
2020,11/13,N90-中,95,3658,13.4,STR18,100.18,1,10.018,0.0,0.0,4.0,0.0,0.0,0.0,8.0,0.0,36.0,0.0,0.0,4.0,0.0,0.0,0.0,0.0,0.0,48.0,51.0,-1.9000000000000004,14.600000000000003,9.949,0.11700000000000088,10.78
2020,11/8-11/19,N90,96,3714,12.2,STR18,102.19,1,10.219,0.0,0.0,4.0,0.0,0.0,0.0,8.0,0.0,36.0,0.0,0.0,4.0,0.0,0.0,0.0,0.0,0.0,48.0,56.0,-1.200000000000001,13.633333333333335,10.018,0.06900000000000084,10.78
2020,11/29,N91-中,97,3768,3.5,STR18,99.69,1,9.969,0.0,0.0,4.0,0.0,0.0,0.0,8.0,0.0,36.0,0.0,0.0,4.0,0.0,0.0,0.0,0.0,0.0,48.0,54.0,-8.7,9.700000000000003,10.219,0.20099999999999874,10.78
2020,11/24-12/5,N91,98,3822,2.3,STR18,97.06,1,9.706,0.0,0.0,4.0,0.0,0.0,0.0,8.0,0.0,36.0,0.0,0.0,4.0,0.0,0.0,0.0,0.0,0.0,48.0,54.0,-1.2000000000000002,6.000000000000003,9.969,-0.25,10.78
2020,12/25,N92-中,99,3875,-0.4,STR18,99.29,1,9.929,0.0,0.0,4.0,0.0,0.0,0.0,8.0,0.0,36.0,0.0,0.0,4.0,0.0,0.0,0.0,0.0,0.0,48.0,53.0,-2.6999999999999997,1.8000000000000023,9.706,-0.2629999999999999,10.78
2020,12/10-12/22,N92,100,3929,-0.2,STR18,98.96,1,9.895999999999999,0.0,0.0,4.0,0.0,0.0,0.0,8.0,0.0,36.0,0.0,0.0,4.0,0.0,0.0,0.0,0.0,0.0,48.0,54.0,0.2,0.566666666666669,9.929,0.22300000000000075,10.78
2020,12/31,N93-中,101,3980,-3.0,STR18,97.17,1,9.717,0.0,0.0,4.0,0.0,0.0,0.0,8.0,0.0,36.0,0.0,0.0,4.0,0.0,0.0,0.0,0.0,0.0,48.0,51.0,-2.8,-1.1999999999999977,9.895999999999999,-0.03300000000000125,10.78
2020,12/26-1/6,N93,102,4037,-3.8,STR18,97.21,1,9.721,0.0,0.0,4.0,0.0,0.0,0.0,8.0,0.0,36.0,0.0,0.0,4.0,0.0,0.0,0.0,0.0,0.0,48.0,57.0,-0.7999999999999998,-2.333333333333331,9.717,-0.1789999999999985,10.78
2021,1/15,N94-中,103,4090,1.4,STR18,100.14,1,10.014,0.0,0.0,4.0,0.0,0.0,0.0,8.0,0.0,36.0,0.0,0.0,4.0,0.0,0.0,0.0,0.0,0.0,48.0,53.0,5.199999999999999,-1.7999999999999978,9.721,0.0039999999999995595,10.78
2021,1/10-1/21,N94,104,4144,0.2,STR18,97.43,1,9.743,0.0,0.0,4.0,0.0,0.0,0.0,8.0,0.0,36.0,0.0,0.0,4.0,0.0,0.0,0.0,0.0,0.0,48.0,54.0,-1.2,-0.7333333333333308,10.014,0.29299999999999926,10.78
2021,3/24,N95-中,105,4204,11.9,STR18,99.97,1,9.997,0.0,0.0,4.0,0.0,0.0,0.0,8.0,0.0,36.0,0.0,0.0,4.0,0.0,0.0,0.0,0.0,0.0,48.0,60.0,11.700000000000001,4.500000000000003,9.743,-0.270999999999999,10.78
2021,3/18-3/29,N95,106,4252,14.2,STR18,98.61,1,9.861,0.0,0.0,4.0,0.0,0.0,0.0,8.0,0.0,36.0,0.0,0.0,4.0,0.0,0.0,0.0,0.0,0.0,48.0,48.0,2.299999999999999,8.766666666666667,9.997,0.25399999999999956,10.78
2021,4/7,N96-中,107,4307,16.9,STR18,99.18,1,9.918000000000001,0.0,0.0,4.0,0.0,0.0,0.0,8.0,0.0,36.0,0.0,0.0,4.0,0.0,0.0,0.0,0.0,0.0,48.0,55.0,2.6999999999999993,14.333333333333334,9.861,-0.13599999999999923,10.78
2021,4/2-4/12,N96,108,4358,16.8,STR18,101.35,1,10.135,0.0,0.0,4.0,0.0,0.0,0.0,8.0,0.0,36.0,0.0,0.0,4.0,0.0,0.0,0.0,0.0,0.0,48.0,51.0,-0.09999999999999787,15.966666666666669,9.918000000000001,0.057000000000000384,10.78
2021,4/21,N97-中,109,4415,20.2,STR18,99.21,1,9.921,0.0,0.0,4.0,0.0,0.0,0.0,8.0,0.0,36.0,0.0,0.0,4.0,0.0,0.0,0.0,0.0,0.0,48.0,57.0,3.3999999999999986,17.96666666666667,10.135,0.21699999999999875,10.78
2021,4/16-4/26,N97,110,4466,19.2,STR18,100.9,1,10.09,0.0,0.0,4.0,0.0,0.0,0.0,8.0,0.0,36.0,0.0,0.0,4.0,0.0,0.0,0.0,0.0,0.0,48.0,51.0,-1.0,18.733333333333334,9.921,-0.2140000000000004,10.78
2021,5/4,N98-中,111,4524,17.7,STR18,101.13,1,10.113,0.0,0.0,4.0,0.0,0.0,0.0,8.0,0.0,36.0,0.0,0.0,4.0,0.0,0.0,0.0,0.0,0.0,48.0,58.0,-1.5,19.033333333333335,10.09,0.16900000000000048,10.78
2021,4/29-5/9,N98,112,4573,20.8,STR18,102.0,1,10.2,0.0,0.0,4.0,0.0,0.0,0.0,8.0,0.0,36.0,0.0,0.0,4.0,0.0,0.0,0.0,0.0,0.0,48.0,49.0,3.1000000000000014,19.233333333333334,10.113,0.022999999999999687,10.78
2021,5/19,N99-中,113,4612,23.8,STR18,102.04,1,10.204,0.0,0.0,4.0,0.0,0.0,0.0,8.0,0.0,36.0,0.0,0.0,4.0,0.0,0.0,0.0,0.0,0.0,48.0,39.0,3.0,20.766666666666666,10.2,0.08699999999999974,10.78
2021,5/14-5/24,N99,114,4650,25.1,STR18,100.38,1,10.038,0.0,0.0,4.0,0.0,0.0,0.0,8.0,0.0,36.0,0.0,0.0,4.0,0.0,0.0,0.0,0.0,0.0,48.0,38.0,1.3000000000000007,23.233333333333334,10.204,0.004000000000001336,10.78
2021,6/2,N100-中,115,4692,23.6,STR18,102.74,1,10.274,0.0,0.0,4.0,0.0,0.0,0.0,8.0,0.0,36.0,0.0,0.0,4.0,0.0,0.0,0.0,0.0,0.0,48.0,42.0,-1.5,24.16666666666667,10.038,-0.16600000000000037,10.78
2021,5/28-6/7,N100,116,4727,25.8,STR18,99.63,1,9.963,0.0,0.0,4.0,0.0,0.0,0.0,8.0,0.0,36.0,0.0,0.0,4.0,0.0,0.0,0.0,0.0,0.0,48.0,35.0,2.1999999999999993,24.833333333333332,10.274,0.23599999999999888,10.78
2021,6/16,N101-中,117,4768,30.1,STR18,101.96,1,10.196,0.0,0.0,4.0,0.0,0.0,0.0,8.0,0.0,36.0,0.0,0.0,4.0,0.0,0.0,0.0,0.0,0.0,48.0,41.0,4.300000000000001,26.5,9.963,-0.31099999999999994,10.78
2021,6/11-6/20,N101,118,4805,30.2,STR18,106.03,1,10.603,0.0,0.0,4.0,0.0,0.0,0.0,8.0,0.0,36.0,0.0,0.0,4.0,0.0,0.0,0.0,0.0,0.0,48.0,37.0,0.09999999999999787,28.700000000000003,10.196,0.23300000000000054,10.78
2021,6/30,N102-中,119,4843,27.2,STR18,104.72,1,10.472,0.0,0.0,4.0,0.0,0.0,0.0,8.0,0.0,36.0,0.0,0.0,4.0,0.0,0.0,0.0,0.0,0.0,48.0,38.0,-3.0,29.166666666666668,10.603,0.40700000000000003,10.78
2021,6/25-7/6,N102,120,4882,27.5,STR18,103.93,1,10.393,0.0,0.0,4.0,0.0,0.0,0.0,8.0,0.0,36.0,0.0,0.0,4.0,0.0,0.0,0.0,0.0,0.0,48.0,39.0,0.3000000000000007,28.3,10.472,-0.13100000000000023,10.78
2021,7/14,N103-中,121,4922,29.1,STR18,106.13,1,10.613,0.0,0.0,4.0,0.0,0.0,0.0,8.0,0.0,36.0,0.0,0.0,4.0,0.0,0.0,0.0,0.0,0.0,48.0,40.0,1.6000000000000014,27.933333333333337,10.393,-0.07899999999999885,10.78
2021,7/9-7/19,N103,122,4960,29.0,STR18,102.61,1,10.261,0.0,0.0,4.0,0.0,0.0,0.0,8.0,0.0,36.0,0.0,0.0,4.0,0.0,0.0,0.0,0.0,0.0,48.0,38.0,-0.10000000000000142,28.53333333333333,10.613,0.21999999999999886,10.78
2021,7/28,N104-中,123,4999,31.2,STR18,105.88,1,10.588,0.0,0.0,4.0,0.0,0.0,0.0,8.0,0.0,36.0,0.0,0.0,4.0,0.0,0.0,0.0,0.0,0.0,48.0,39.0,2.1999999999999993,29.766666666666666,10.261,-0.3520000000000003,10.78
2021,7/23-8/1,N104,124,5037,29.9,STR18,104.49,1,10.449,0.0,0.0,4.0,0.0,0.0,0.0,8.0,0.0,36.0,0.0,0.0,4.0,0.0,0.0,0.0,0.0,0.0,48.0,38.0,-1.3000000000000007,30.033333333333335,10.588,0.32699999999999996,10.78
2021,8/10,N105-中,125,5077,30.5,STR18,106.4,1,10.64,0.0,0.0,4.0,0.0,0.0,0.0,8.0,0.0,36.0,0.0,0.0,4.0,0.0,0.0,0.0,0.0,0.0,48.0,40.0,0.6000000000000014,30.533333333333335,10.449,-0.13899999999999935,10.78
2021,8/6-8/15,N105,126,5115,29.2,STR18,106.18,1,10.618,0.0,0.0,4.0,0.0,0.0,0.0,8.0,0.0,36.0,0.0,0.0,4.0,0.0,0.0,0.0,0.0,0.0,48.0,38.0,-1.3000000000000007,29.866666666666664,10.64,0.19100000000000072,10.78
2021,8/25,N106-中,127,5151,28.1,STR18,108.63,1,10.863,0.0,0.0,4.0,0.0,0.0,0.0,8.0,0.0,36.0,0.0,0.0,4.0,0.0,0.0,0.0,0.0,0.0,48.0,36.0,-1.0999999999999979,29.26666666666667,10.618,-0.02200000000000024,10.78
2021,8/20-8/29,N106,128,5193,27.5,STR18,109.21,1,10.921,0.0,0.0,4.0,0.0,0.0,0.0,8.0,0.0,36.0,0.0,0.0,4.0,0.0,0.0,0.0,0.0,0.0,48.0,42.0,-0.6000000000000014,28.26666666666667,10.863,0.24499999999999922,10.863
2021,9/8,N107-中,129,5237,24.1,STR18,108.88,1,10.888,0.0,0.0,4.0,0.0,0.0,0.0,8.0,0.0,36.0,0.0,0.0,4.0,0.0,0.0,0.0,0.0,0.0,48.0,44.0,-3.3999999999999986,26.566666666666666,10.921,0.05799999999999983,10.921
2021,9/03-9/13,N107,130,5271,25.2,STR18,107.47,1,10.747,0.0,0.0,4.0,0.0,0.0,0.0,8.0,0.0,36.0,0.0,0.0,4.0,0.0,0.0,0.0,0.0,0.0,48.0,34.0,1.0999999999999979,25.600000000000005,10.888,-0.032999999999999474,10.921
2021,9/22,N108-中,131,5314,22.2,STR18,109.92,1,10.992,0.0,0.0,4.0,0.0,0.0,0.0,8.0,0.0,36.0,0.0,0.0,4.0,0.0,0.0,0.0,0.0,0.0,48.0,43.0,-3.0,23.833333333333332,10.747,-0.14100000000000001,10.921
2021,9/17-9/26,N108,132,5349,22.5,STR18,108.94,1,10.894,0.0,0.0,4.0,0.0,0.0,0.0,8.0,0.0,36.0,0.0,0.0,4.0,0.0,0.0,0.0,0.0,0.0,48.0,35.0,0.3000000000000007,23.3,10.992,0.245000000000001,10.992
2021,10/13,N109-中,133,5387,16.3,STR18,106.64,1,10.664,0.0,0.0,4.0,0.0,0.0,0.0,8.0,0.0,36.0,0.0,0.0,4.0,0.0,0.0,0.0,0.0,0.0,48.0,38.0,-6.199999999999999,20.333333333333332,10.894,-0.09800000000000075,10.992
2021,10/8-10/18,N109,134,5427,15.6,STR18,106.13,1,10.613,0.0,0.0,4.0,0.0,0.0,0.0,8.0,0.0,36.0,0.0,0.0,4.0,0.0,0.0,0.0,0.0,0.0,48.0,40.0,-0.7000000000000011,18.133333333333333,10.664,-0.23000000000000043,10.992
2021,10/27,N110-中,135,5469,15.5,STR18,105.42,1,10.542,0.0,0.0,4.0,0.0,0.0,0.0,8.0,0.0,36.0,0.0,0.0,4.0,0.0,0.0,0.0,0.0,0.0,48.0,42.0,-0.09999999999999964,15.800000000000002,10.613,-0.051000000000000156,10.992
2021,10/22-11/1,N110,136,5504,15.5,STR18,107.22,1,10.722,0.0,0.0,4.0,0.0,0.0,0.0,8.0,0.0,36.0,0.0,0.0,4.0,0.0,0.0,0.0,0.0,0.0,48.0,35.0,0.0,15.533333333333333,10.542,-0.07099999999999973,10.992
2021,11/11,N111-中,137,5556,7.7,STR18,104.43,1,10.443000000000001,0.0,0.0,4.0,0.0,0.0,0.0,8.0,0.0,36.0,0.0,0.0,4.0,0.0,0.0,0.0,0.0,0.0,48.0,52.0,-7.8,12.9,10.722,0.17999999999999972,10.992
2021,11/05-11/17,N111,138,5612,9.3,STR18,106.29,1,10.629000000000001,0.0,0.0,4.0,0.0,0.0,0.0,8.0,0.0,36.0,0.0,0.0,4.0,0.0,0.0,0.0,0.0,0.0,48.0,56.0,1.6000000000000005,10.833333333333334,10.443000000000001,-0.27899999999999814,10.992
2021,11/25,N112-中,139,5669,5.5,STR18,104.07,1,10.407,0.0,0.0,4.0,0.0,0.0,0.0,8.0,0.0,36.0,0.0,0.0,4.0,0.0,0.0,0.0,0.0,0.0,48.0,57.0,-3.8000000000000007,7.500000000000001,10.629000000000001,0.18599999999999994,10.992
2021,11/20-11/30,N112,140,5720,6.4,STR18,103.53,1,10.353,0.0,0.0,4.0,0.0,0.0,0.0,8.0,0.0,36.0,0.0,0.0,4.0,0.0,0.0,0.0,0.0,0.0,48.0,51.0,0.9000000000000004,7.066666666666667,10.407,-0.2220000000000013,10.992
2021,12/9,N113-中,141,5778,7.2,STR18,99.57,1,9.956999999999999,0.0,0.0,4.0,0.0,0.0,0.0,8.0,0.0,36.0,0.0,0.0,4.0,0.0,0.0,0.0,0.0,0.0,48.0,58.0,0.7999999999999998,6.366666666666668,10.353,-0.05400000000000027,10.992
2021,12/4-12/14,N113,142,5828,5.4,STR18,106.96,1,10.696,0.0,0.0,4.0,0.0,0.0,0.0,8.0,0.0,36.0,0.0,0.0,4.0,0.0,0.0,0.0,0.0,0.0,48.0,50.0,-1.7999999999999998,6.333333333333335,9.956999999999999,-0.3960000000000008,10.992
2021,12/23,N114-中,143,5889,3.1,STR18,103.31,1,10.331,0.0,0.0,4.0,0.0,0.0,0.0,8.0,0.0,36.0,0.0,0.0,4.0,0.0,0.0,0.0,0.0,0.0,48.0,61.0,-2.3000000000000003,5.233333333333335,10.696,0.7390000000000008,10.992
2021,12/17-12/28,N114,144,5936,0.2,STR18,103.9,1,10.39,0.0,0.0,4.0,0.0,0.0,0.0,8.0,0.0,36.0,0.0,0.0,4.0,0.0,0.0,0.0,0.0,0.0,48.0,47.0,-2.9,2.900000000000001,10.331,-0.3650000000000002,10.992
2021,1/8,N115-中,145,5992,1.1,STR18,103.11,1,10.311,0.0,0.0,4.0,0.0,0.0,0.0,8.0,0.0,36.0,0.0,0.0,4.0,0.0,0.0,0.0,0.0,0.0,48.0,56.0,0.9000000000000001,1.466666666666668,10.39,0.05900000000000105,10.992
2021,1/3-1/13,N115,146,6044,0.8,STR18,107.74,1,10.774,0.0,0.0,4.0,0.0,0.0,0.0,8.0,0.0,36.0,0.0,0.0,4.0,0.0,0.0,0.0,0.0,0.0,48.0,52.0,-0.30000000000000004,0.7000000000000012,10.311,-0.07900000000000063,10.992
2016,11/30-12/10,N1,0,3,3.8,STR19,18.44,1,1.844,0.0,0.0,4.0,0.0,0.0,0.0,8.0,36.0,0.0,0.0,0.0,0.0,0.0,20.0,0.0,0.0,0.0,0.0,0.0,0.0,3.8,,,
2016,12/13-12/24,N2,1,10,1.2,STR19,17.04,1,1.704,0.0,0.0,4.0,0.0,0.0,0.0,8.0,36.0,0.0,0.0,0.0,0.0,0.0,20.0,0.0,0.0,0.0,0.0,7.0,-2.5999999999999996,2.5,1.844,,1.844
2016,12/27-1/9,N3,2,30,0.9,STR19,18.57,1,1.857,0.0,0.0,4.0,0.0,0.0,0.0,8.0,36.0,0.0,0.0,0.0,0.0,0.0,20.0,0.0,0.0,0.0,0.0,20.0,-0.29999999999999993,1.9666666666666666,1.704,-0.14000000000000012,1.844
2017,1/12-2/23,N4,3,48,3.6,STR19,18.92,1,1.8920000000000001,0.0,0.0,4.0,0.0,0.0,0.0,8.0,36.0,0.0,0.0,0.0,0.0,0.0,20.0,0.0,0.0,0.0,0.0,18.0,2.7,1.9000000000000001,1.857,0.15300000000000002,1.857
2017,2/26-3/10,N5,4,67,11.4,STR19,,0,,0.0,0.0,4.0,0.0,0.0,0.0,8.0,36.0,0.0,0.0,0.0,0.0,0.0,20.0,0.0,0.0,0.0,0.0,19.0,7.800000000000001,5.3,1.8920000000000001,0.03500000000000014,1.8920000000000001
2017,3/13-3/23,N6,5,85,13.9,STR19,18.81,1,1.8809999999999998,0.0,0.0,4.0,0.0,0.0,0.0,8.0,36.0,0.0,0.0,0.0,0.0,0.0,20.0,0.0,0.0,0.0,0.0,18.0,2.5,9.633333333333333,1.8920000000000001,0.03500000000000014,1.8920000000000001
2017,3/26-4/6,N7,6,104,19.1,STR19,20.79,1,2.0789999999999997,0.0,0.0,4.0,0.0,0.0,0.0,8.0,36.0,0.0,0.0,0.0,0.0,0.0,20.0,0.0,0.0,0.0,0.0,19.0,5.200000000000001,14.799999999999999,1.8809999999999998,-0.011000000000000343,1.8920000000000001
2017,4/9-4/13,N8,7,108,21.1,STR19,20.77,1,2.077,0.0,0.0,4.0,0.0,0.0,0.0,8.0,36.0,0.0,0.0,0.0,0.0,0.0,20.0,0.0,0.0,0.0,0.0,4.0,2.0,18.033333333333335,2.0789999999999997,0.19799999999999995,2.0789999999999997
2017,4/17-4-21,N9,8,109,21.7,STR19,20.94,1,2.0940000000000003,0.0,0.0,4.0,0.0,0.0,0.0,8.0,36.0,0.0,0.0,0.0,0.0,0.0,20.0,0.0,0.0,0.0,0.0,1.0,0.5999999999999979,20.633333333333336,2.077,-0.0019999999999997797,2.0789999999999997
2017,4/24-5/4,N10,9,129,27.0,STR19,21.74,1,2.174,0.0,0.0,4.0,0.0,0.0,0.0,8.0,36.0,0.0,0.0,0.0,0.0,0.0,20.0,0.0,0.0,0.0,0.0,20.0,5.300000000000001,23.266666666666666,2.0940000000000003,0.017000000000000348,2.0940000000000003
2017,5/7-5-17,N11,10,149,30.1,STR19,24.73,1,2.473,0.0,0.0,4.0,0.0,0.0,0.0,8.0,36.0,0.0,0.0,0.0,0.0,0.0,20.0,0.0,0.0,0.0,0.0,20.0,3.1000000000000014,26.266666666666666,2.174,0.07999999999999963,2.174
2017,5/20-5/30,N12,11,168,30.2,STR19,28.28,1,2.8280000000000003,0.0,0.0,4.0,0.0,0.0,0.0,8.0,36.0,0.0,0.0,0.0,0.0,0.0,20.0,0.0,0.0,0.0,0.0,19.0,0.09999999999999787,29.099999999999998,2.473,0.29899999999999993,2.473
2017,6/2-6/12,N13,12,188,29.6,STR19,29.66,1,2.966,0.0,0.0,4.0,0.0,0.0,0.0,8.0,36.0,0.0,0.0,0.0,0.0,0.0,20.0,0.0,0.0,0.0,0.0,20.0,-0.5999999999999979,29.96666666666667,2.8280000000000003,0.3550000000000004,2.8280000000000003
2017,6/16-6/26,N14,13,206,30.1,STR19,34.01,1,3.401,0.0,0.0,4.0,0.0,0.0,0.0,8.0,36.0,0.0,0.0,0.0,0.0,0.0,20.0,0.0,0.0,0.0,0.0,18.0,0.5,29.96666666666667,2.966,0.1379999999999999,2.966
2017,6/29-7/10,N15,14,224,28.6,STR19,32.92,1,3.2920000000000003,0.0,0.0,4.0,0.0,0.0,0.0,8.0,36.0,0.0,0.0,0.0,0.0,0.0,20.0,0.0,0.0,0.0,0.0,18.0,-1.5,29.433333333333337,3.401,0.4349999999999996,3.401
2017,7/13-7/23,N16-17,15,230,31.4,STR19,36.73,1,3.6729999999999996,0.0,0.0,4.0,0.0,0.0,0.0,8.0,36.0,0.0,0.0,0.0,0.0,0.0,20.0,0.0,0.0,0.0,0.0,6.0,2.799999999999997,30.03333333333333,3.2920000000000003,-0.10899999999999954,3.401
2017,7/27-8/7,N18,16,250,32.1,STR19,39.42,1,3.942,0.0,0.0,4.0,0.0,0.0,0.0,8.0,36.0,0.0,0.0,0.0,0.0,0.0,20.0,0.0,0.0,0.0,0.0,20.0,0.7000000000000028,30.7,3.6729999999999996,0.38099999999999934,3.6729999999999996
2017,8/10-8/21,N19,17,268,28.6,STR19,32.88,1,3.2880000000000003,0.0,0.0,4.0,0.0,0.0,0.0,8.0,36.0,0.0,0.0,0.0,0.0,0.0,20.0,0.0,0.0,0.0,0.0,18.0,-3.5,30.7,3.942,0.26900000000000057,3.942
2017,8/25-9/4,N20,18,286,26.3,STR19,36.67,1,3.6670000000000003,0.0,0.0,4.0,0.0,0.0,0.0,8.0,36.0,0.0,0.0,0.0,0.0,0.0,20.0,0.0,0.0,0.0,0.0,18.0,-2.3000000000000007,29.0,3.2880000000000003,-0.6539999999999999,3.942
2017,9/8-9/18,N21,19,305,28.2,STR19,46.1,1,4.61,0.0,0.0,4.0,0.0,0.0,0.0,8.0,36.0,0.0,0.0,0.0,0.0,0.0,20.0,0.0,0.0,0.0,0.0,19.0,1.8999999999999986,27.7,3.6670000000000003,0.379,3.942
2017,9/21-10/9,N22,20,323,22.9,STR19,39.58,1,3.9579999999999997,0.0,0.0,4.0,0.0,0.0,0.0,8.0,36.0,0.0,0.0,0.0,0.0,0.0,20.0,0.0,0.0,0.0,0.0,18.0,-5.300000000000001,25.8,4.61,0.9430000000000001,4.61
2017,10/13-10/25,N23,21,346,14.9,STR19,39.82,1,3.982,0.0,0.0,4.0,0.0,0.0,0.0,8.0,36.0,0.0,0.0,0.0,0.0,0.0,20.0,0.0,0.0,0.0,0.0,23.0,-7.999999999999998,22.0,3.9579999999999997,-0.6520000000000006,4.61
2017,11/1-11/12,N24-25,22,352,11.1,STR19,53.1,1,5.3100000000000005,0.0,0.0,4.0,0.0,0.0,0.0,8.0,36.0,0.0,0.0,0.0,0.0,0.0,20.0,0.0,0.0,0.0,0.0,6.0,-3.8000000000000007,16.3,3.982,0.024000000000000465,4.61
2017,11/15-11/26,N26,23,371,3.8,STR19,53.71,1,5.371,0.0,0.0,4.0,0.0,0.0,0.0,8.0,36.0,0.0,0.0,0.0,0.0,0.0,20.0,0.0,0.0,0.0,0.0,19.0,-7.3,9.933333333333334,5.3100000000000005,1.3280000000000003,5.3100000000000005
2017,12/9-12/21,N27,24,391,0.0,STR19,51.82,1,5.182,0.0,0.0,4.0,0.0,0.0,0.0,8.0,36.0,0.0,0.0,0.0,0.0,0.0,20.0,0.0,0.0,0.0,0.0,20.0,-3.8,4.966666666666666,5.371,0.06099999999999994,5.371
2017,12/23-1/3,N28,25,410,0.2,STR19,46.41,1,4.641,0.0,0.0,4.0,0.0,0.0,0.0,8.0,36.0,0.0,0.0,0.0,0.0,0.0,20.0,0.0,0.0,0.0,0.0,19.0,0.2,1.3333333333333333,5.182,-0.18900000000000006,5.371
2018,1/7-1/18,N29-30,26,415,-1.0,STR19,45.77,1,4.577,0.0,0.0,4.0,0.0,0.0,0.0,8.0,36.0,0.0,0.0,0.0,0.0,0.0,20.0,0.0,0.0,0.0,0.0,5.0,-1.2,-0.26666666666666666,4.641,-0.5410000000000004,5.371
2018,1/20-1/30,N31,27,434,-2.2,STR19,49.01,1,4.901,0.0,0.0,4.0,0.0,0.0,0.0,8.0,36.0,0.0,0.0,0.0,0.0,0.0,20.0,0.0,0.0,0.0,0.0,19.0,-1.2000000000000002,-1.0,4.577,-0.06400000000000006,5.371
2018,3/9-3/21,N32,28,454,8.3,STR19,42.14,1,4.214,0.0,0.0,4.0,0.0,0.0,0.0,8.0,36.0,0.0,0.0,0.0,0.0,0.0,20.0,0.0,0.0,0.0,0.0,20.0,10.5,1.7000000000000002,4.901,0.32399999999999984,5.371
2018,3/25-4/7,N33,29,473,15.7,STR19,37.7,1,3.7700000000000005,0.0,0.0,4.0,0.0,0.0,0.0,8.0,36.0,0.0,0.0,0.0,0.0,0.0,20.0,0.0,0.0,0.0,0.0,19.0,7.399999999999999,7.266666666666667,4.214,-0.6869999999999994,5.371
2018,4/10-4/21,N34,30,492,19.4,STR19,53.83,1,5.383,0.0,0.0,4.0,0.0,0.0,0.0,8.0,36.0,0.0,0.0,0.0,0.0,0.0,20.0,0.0,0.0,0.0,0.0,19.0,3.6999999999999993,14.466666666666667,3.7700000000000005,-0.44399999999999995,5.371
2018,4/26-5/7,N35-36,31,498,23.7,STR19,55.16,1,5.516,0.0,0.0,4.0,0.0,0.0,0.0,8.0,36.0,0.0,0.0,0.0,0.0,0.0,20.0,0.0,0.0,0.0,0.0,6.0,4.300000000000001,19.599999999999998,5.383,1.6129999999999995,5.383
2018,5/10-5/21,N37,32,517,24.1,STR19,56.36,1,5.636,0.0,0.0,4.0,0.0,0.0,0.0,8.0,36.0,0.0,0.0,0.0,0.0,0.0,20.0,0.0,0.0,0.0,0.0,19.0,0.40000000000000213,22.400000000000002,5.516,0.133,5.516
2018,5/24-6/4,N38,33,536,29.7,STR19,41.74,1,4.174,0.0,0.0,4.0,0.0,0.0,0.0,8.0,36.0,0.0,0.0,0.0,0.0,0.0,20.0,0.0,0.0,0.0,0.0,19.0,5.599999999999998,25.833333333333332,5.636,0.1200000000000001,5.636
2018,6/7-6/19,N39,34,556,26.6,STR19,40.38,1,4.038,0.0,0.0,4.0,0.0,0.0,0.0,8.0,36.0,0.0,0.0,0.0,0.0,0.0,20.0,0.0,0.0,0.0,0.0,20.0,-3.099999999999998,26.8,4.174,-1.4619999999999997,5.636
2018,6/22-7/2,N40,35,574,32.8,STR19,36.75,1,3.675,0.0,0.0,4.0,0.0,0.0,0.0,8.0,36.0,0.0,0.0,0.0,0.0,0.0,20.0,0.0,0.0,0.0,0.0,18.0,6.199999999999996,29.7,4.038,-0.13600000000000012,5.636
2018,7/5-7/17,N41,36,593,28.3,STR19,38.8,1,3.88,0.0,0.0,4.0,0.0,0.0,0.0,8.0,36.0,0.0,0.0,0.0,0.0,0.0,20.0,0.0,0.0,0.0,0.0,19.0,-4.4999999999999964,29.233333333333334,3.675,-0.36300000000000043,5.636
2018,7/22-7/31,N42,37,612,32.7,STR19,40.25,1,4.025,0.0,0.0,4.0,0.0,0.0,0.0,8.0,36.0,0.0,0.0,0.0,0.0,0.0,20.0,0.0,0.0,0.0,0.0,19.0,4.400000000000002,31.26666666666667,3.88,0.20500000000000007,5.636
2018,8/3-8/14,N43-44,38,618,30.5,STR19,40.6,1,4.0600000000000005,0.0,0.0,4.0,0.0,0.0,0.0,8.0,36.0,0.0,0.0,0.0,0.0,0.0,20.0,0.0,0.0,0.0,0.0,6.0,-2.200000000000003,30.5,4.025,0.14500000000000046,5.636
2018,8/17-8/30,N45,39,636,29.6,STR19,41.14,1,4.114,0.0,0.0,4.0,0.0,0.0,0.0,8.0,36.0,0.0,0.0,0.0,0.0,0.0,20.0,0.0,0.0,0.0,0.0,18.0,-0.8999999999999986,30.933333333333337,4.0600000000000005,0.03500000000000014,5.636
2018,9/2-9/12,N46,40,655,26.9,STR19,42.37,1,4.237,0.0,0.0,4.0,0.0,0.0,0.0,8.0,36.0,0.0,0.0,0.0,0.0,0.0,20.0,0.0,0.0,0.0,0.0,19.0,-2.700000000000003,29.0,4.114,0.05399999999999938,5.636
2018,9/15-9/25,N47,41,675,22.8,STR19,40.13,1,4.013,0.0,0.0,4.0,0.0,0.0,0.0,8.0,36.0,0.0,0.0,0.0,0.0,0.0,20.0,0.0,0.0,0.0,0.0,20.0,-4.099999999999998,26.433333333333337,4.237,0.12300000000000022,5.636
2018,10/4-10/15,N48,42,694,17.4,STR19,40.87,1,4.087,0.0,0.0,4.0,0.0,0.0,0.0,8.0,36.0,0.0,0.0,0.0,0.0,0.0,20.0,0.0,0.0,0.0,0.0,19.0,-5.400000000000002,22.36666666666667,4.013,-0.2240000000000002,5.636
2018,10/17-10/28,N49,43,714,14.8,STR19,40.43,1,4.043,0.0,0.0,4.0,0.0,0.0,0.0,8.0,36.0,0.0,0.0,0.0,0.0,0.0,20.0,0.0,0.0,0.0,0.0,20.0,-2.599999999999998,18.333333333333336,4.087,0.07399999999999984,5.636
2018,11/2-11/16,N50-51,44,719,9.8,STR19,42.13,1,4.213,0.0,0.0,4.0,0.0,0.0,0.0,8.0,36.0,0.0,0.0,0.0,0.0,0.0,20.0,0.0,0.0,0.0,0.0,5.0,-5.0,14.0,4.043,-0.043999999999999595,5.636
2018,11/20-12/1,N52,45,738,6.5,STR19,34.16,1,3.4159999999999995,0.0,0.0,4.0,0.0,0.0,0.0,8.0,36.0,0.0,0.0,0.0,0.0,0.0,20.0,0.0,0.0,0.0,0.0,19.0,-3.3000000000000007,10.366666666666669,4.213,0.16999999999999993,5.636
2018,12/4-12/17,N53,46,757,-1.1,STR19,38.65,1,3.8649999999999998,0.0,0.0,4.0,0.0,0.0,0.0,8.0,36.0,0.0,0.0,0.0,0.0,0.0,20.0,0.0,0.0,0.0,0.0,19.0,-7.6,5.066666666666669,3.4159999999999995,-0.7970000000000006,5.636
2018,12/30-2019/1/14,N54,47,834,-0.2,STR19,39.18,1,3.918,0.0,0.0,4.0,0.0,0.0,0.0,8.0,36.0,0.0,0.0,0.0,0.0,0.0,20.0,0.0,0.0,0.0,0.0,77.0,0.9000000000000001,1.7333333333333358,3.8649999999999998,0.4490000000000003,5.636
2019,1/18-1/28,N55,48,912,4.0,STR19,34.46,1,3.446,0.0,0.0,4.0,0.0,0.0,0.0,8.0,36.0,0.0,0.0,0.0,0.0,0.0,20.0,0.0,0.0,0.0,0.0,78.0,4.2,0.9000000000000022,3.918,0.05300000000000038,5.636
2019,3/1-3/20,N56,49,1013,14.2,STR19,38.92,1,3.8920000000000003,0.0,0.0,4.0,0.0,0.0,0.0,8.0,36.0,0.0,0.0,0.0,0.0,0.0,20.0,0.0,0.0,0.0,0.0,101.0,10.2,6.000000000000003,3.446,-0.472,5.636
2019,3/24-4/4,N57,50,1114,14.5,STR19,37.57,1,3.757,0.0,0.0,4.0,0.0,0.0,0.0,8.0,36.0,0.0,0.0,0.0,0.0,0.0,20.0,0.0,0.0,0.0,0.0,101.0,0.3000000000000007,10.9,3.8920000000000003,0.4460000000000002,5.636
2019,4/10-4/20,N58,51,1215,18.9,STR19,38.48,1,3.848,0.0,0.0,4.0,0.0,0.0,0.0,8.0,36.0,0.0,0.0,0.0,0.0,0.0,20.0,0.0,0.0,0.0,0.0,101.0,4.399999999999999,15.866666666666669,3.757,-0.13500000000000023,5.636
2019,4/25-5/5,N59,52,1317,20.3,STR19,43.38,1,4.338,0.0,0.0,4.0,0.0,0.0,0.0,8.0,36.0,0.0,0.0,0.0,0.0,0.0,20.0,0.0,0.0,0.0,0.0,102.0,1.4000000000000021,17.900000000000002,3.848,0.09099999999999975,5.636
2019,5/9-5/21,N60,53,1376,25.0,STR19,43.63,1,4.363,0.0,0.0,4.0,0.0,0.0,0.0,8.0,36.0,0.0,0.0,0.0,0.0,0.0,20.0,0.0,0.0,0.0,0.0,59.0,4.699999999999999,21.400000000000002,4.338,0.4900000000000002,5.636
2019,5/27-6/5,N61,54,1441,27.8,STR19,40.08,1,4.008,0.0,0.0,4.0,0.0,0.0,0.0,8.0,36.0,0.0,0.0,0.0,0.0,0.0,20.0,0.0,0.0,0.0,0.0,65.0,2.8000000000000007,24.36666666666667,4.363,0.025000000000000355,5.636
2019,6/12-6/22,N62,55,1508,29.3,STR19,43.65,1,4.365,0.0,0.0,4.0,0.0,0.0,0.0,8.0,36.0,0.0,0.0,0.0,0.0,0.0,20.0,0.0,0.0,0.0,0.0,67.0,1.5,27.36666666666667,4.008,-0.3550000000000004,5.636
2019,6/27-7/7,N63,56,1566,29.8,STR19,38.36,1,3.836,0.0,0.0,4.0,0.0,0.0,0.0,8.0,36.0,0.0,0.0,0.0,0.0,0.0,20.0,0.0,0.0,0.0,0.0,58.0,0.5,28.96666666666667,4.365,0.3570000000000002,5.636
2019,7/11-7/21,N64,57,1637,30.7,STR19,41.67,1,4.167,0.0,0.0,4.0,0.0,0.0,0.0,8.0,36.0,0.0,0.0,0.0,0.0,0.0,20.0,0.0,0.0,0.0,0.0,71.0,0.8999999999999986,29.933333333333337,3.836,-0.5290000000000004,5.636
2019,7/25-8/4,N65,58,1706,31.2,STR19,47.6,1,4.76,0.0,0.0,4.0,0.0,0.0,0.0,8.0,36.0,0.0,0.0,0.0,0.0,0.0,20.0,0.0,0.0,0.0,0.0,69.0,0.5,30.566666666666666,4.167,0.33099999999999996,5.636
2019,8/9-8/19,N66,59,1777,29.1,STR19,51.35,1,5.135,0.0,0.0,4.0,0.0,0.0,0.0,8.0,36.0,0.0,0.0,0.0,0.0,0.0,20.0,0.0,0.0,0.0,0.0,71.0,-2.099999999999998,30.33333333333334,4.76,0.593,5.636
2019,8/24-9/5,N67,60,1847,29.4,STR19,52.45,1,5.245,0.0,0.0,4.0,0.0,0.0,0.0,8.0,36.0,0.0,0.0,0.0,0.0,0.0,20.0,0.0,0.0,0.0,0.0,70.0,0.29999999999999716,29.900000000000002,5.135,0.375,5.636
2019,9/10-9/20,N68,61,1915,24.1,STR19,50.28,1,5.0280000000000005,0.0,0.0,4.0,0.0,0.0,0.0,8.0,36.0,0.0,0.0,0.0,0.0,0.0,20.0,0.0,0.0,0.0,0.0,68.0,-5.299999999999997,27.533333333333335,5.245,0.11000000000000032,5.636
2019,9/25-10/13,N69,62,1981,21.8,STR19,49.48,1,4.9479999999999995,0.0,0.0,4.0,0.0,0.0,0.0,8.0,36.0,0.0,0.0,0.0,0.0,0.0,20.0,0.0,0.0,0.0,0.0,66.0,-2.3000000000000007,25.100000000000005,5.0280000000000005,-0.21699999999999964,5.636
2019,10/18-10/28,N70,63,2048,15.4,STR19,50.06,1,5.006,0.0,0.0,4.0,0.0,0.0,0.0,8.0,36.0,0.0,0.0,0.0,0.0,0.0,20.0,0.0,0.0,0.0,0.0,67.0,-6.4,20.433333333333334,4.9479999999999995,-0.08000000000000096,5.636
2019,11/3-11/14,N71,64,2116,12.1,STR19,47.69,1,4.769,0.0,0.0,4.0,0.0,0.0,0.0,8.0,36.0,0.0,0.0,0.0,0.0,0.0,20.0,0.0,0.0,0.0,0.0,68.0,-3.3000000000000007,16.433333333333334,5.006,0.05800000000000072,5.636
2019,11/20-12/1,N72,65,2184,3.8,STR19,52.15,1,5.215,0.0,0.0,4.0,0.0,0.0,0.0,8.0,36.0,0.0,0.0,0.0,0.0,0.0,20.0,0.0,0.0,0.0,0.0,68.0,-8.3,10.433333333333335,4.769,-0.2370000000000001,5.636
2019,12/5-12/21,N73,66,2290,0.8,STR19,52.81,1,5.281000000000001,0.0,0.0,4.0,0.0,0.0,0.0,8.0,36.0,0.0,0.0,0.0,0.0,0.0,20.0,0.0,0.0,0.0,0.0,106.0,-3.0,5.566666666666669,5.215,0.44599999999999973,5.636
2019,12/26-1/5,N74,67,2396,0.1,STR19,51.24,1,5.1240000000000006,0.0,0.0,4.0,0.0,0.0,0.0,8.0,36.0,0.0,0.0,0.0,0.0,0.0,20.0,0.0,0.0,0.0,0.0,106.0,-0.7000000000000001,1.566666666666669,5.281000000000001,0.06600000000000072,5.636
2020,3/19-3/31,N75,68,2501,14.9,STR19,50.05,1,5.005,0.0,0.0,4.0,0.0,0.0,0.0,8.0,36.0,0.0,0.0,0.0,0.0,0.0,20.0,0.0,0.0,0.0,0.0,105.0,14.8,5.266666666666669,5.1240000000000006,-0.15700000000000003,5.636
2020,4/4-4/15,N76,69,2605,18.0,STR19,49.53,1,4.953,0.0,0.0,4.0,0.0,0.0,0.0,8.0,36.0,0.0,0.0,0.0,0.0,0.0,20.0,0.0,0.0,0.0,0.0,104.0,3.0999999999999996,11.000000000000002,5.005,-0.11900000000000066,5.636
2020,4/19-4/28,N77,70,2708,18.3,STR19,47.42,1,4.742,0.0,0.0,4.0,0.0,0.0,0.0,8.0,36.0,0.0,0.0,0.0,0.0,0.0,20.0,0.0,0.0,0.0,0.0,103.0,0.3000000000000007,17.066666666666666,4.953,-0.0519999999999996,5.636
2020,5/7,N78-中,71,2757,23.2,STR19,50.15,1,5.015,0.0,0.0,4.0,0.0,0.0,0.0,8.0,36.0,0.0,0.0,0.0,0.0,0.0,20.0,0.0,0.0,0.0,0.0,49.0,4.899999999999999,19.833333333333336,4.742,-0.2110000000000003,5.636
2020,5/1-5/10,N78,72,2783,18.6,STR19,45.76,1,4.576,0.0,0.0,4.0,0.0,0.0,0.0,8.0,36.0,0.0,0.0,0.0,0.0,0.0,20.0,0.0,0.0,0.0,0.0,26.0,-4.599999999999998,20.033333333333335,5.015,0.2729999999999997,5.636
2020,5/19,N79-中,73,2824,22.1,STR19,54.34,1,5.434,0.0,0.0,4.0,0.0,0.0,0.0,8.0,36.0,0.0,0.0,0.0,0.0,0.0,20.0,0.0,0.0,0.0,0.0,41.0,3.5,21.300000000000004,4.576,-0.43900000000000006,5.636
2020,5/14-5/23,N79,74,2857,24.5,STR19,44.65,1,4.465,0.0,0.0,4.0,0.0,0.0,0.0,8.0,36.0,0.0,0.0,0.0,0.0,0.0,20.0,0.0,0.0,0.0,0.0,33.0,2.3999999999999986,21.733333333333338,5.434,0.8580000000000005,5.636
2020,6/2,N80-中,75,2900,27.0,STR19,47.87,1,4.787,0.0,0.0,4.0,0.0,0.0,0.0,8.0,36.0,0.0,0.0,0.0,0.0,0.0,20.0,0.0,0.0,0.0,0.0,43.0,2.5,24.533333333333335,4.465,-0.9690000000000003,5.636
2020,5/27-6/6,N80,76,2931,29.7,STR19,52.47,1,5.247,0.0,0.0,4.0,0.0,0.0,0.0,8.0,36.0,0.0,0.0,0.0,0.0,0.0,20.0,0.0,0.0,0.0,0.0,31.0,2.6999999999999993,27.066666666666666,4.787,0.32200000000000006,5.636
2020,6/17,N81-中,77,2987,31.7,STR19,50.03,1,5.003,0.0,0.0,4.0,0.0,0.0,0.0,8.0,36.0,0.0,0.0,0.0,0.0,0.0,20.0,0.0,0.0,0.0,0.0,56.0,2.0,29.46666666666667,5.247,0.45999999999999996,5.636
2020,6/10-6/19,N81,78,3006,29.0,STR19,51.73,1,5.173,0.0,0.0,4.0,0.0,0.0,0.0,8.0,36.0,0.0,0.0,0.0,0.0,0.0,20.0,0.0,0.0,0.0,0.0,19.0,-2.6999999999999993,30.133333333333336,5.003,-0.24399999999999977,5.636
2020,6/29,N82-中,79,3040,28.5,STR19,51.41,1,5.141,0.0,0.0,4.0,0.0,0.0,0.0,8.0,36.0,0.0,0.0,0.0,0.0,0.0,20.0,0.0,0.0,0.0,0.0,34.0,-0.5,29.733333333333334,5.173,0.16999999999999993,5.636
2020,6/25-7/5,N82,80,3081,28.9,STR19,,0,,0.0,0.0,4.0,0.0,0.0,0.0,8.0,36.0,0.0,0.0,0.0,0.0,0.0,20.0,0.0,0.0,0.0,0.0,41.0,0.3999999999999986,28.8,5.141,-0.03200000000000003,5.636
2020,7/15,N83-中,81,3128,26.7,STR19,57.08,1,5.708,0.0,0.0,4.0,0.0,0.0,0.0,8.0,36.0,0.0,0.0,0.0,0.0,0.0,20.0,0.0,0.0,0.0,0.0,47.0,-2.1999999999999993,28.033333333333335,5.141,-0.03200000000000003,5.636
2020,7/9-7/19,N83,82,3157,30.0,STR19,56.66,1,5.6659999999999995,0.0,0.0,4.0,0.0,0.0,0.0,8.0,36.0,0.0,0.0,0.0,0.0,0.0,20.0,0.0,0.0,0.0,0.0,29.0,3.3000000000000007,28.533333333333335,5.708,0.5670000000000002,5.708
2020,8/8,N84-中,83,3212,30.6,STR19,58.53,1,5.853,0.0,0.0,4.0,0.0,0.0,0.0,8.0,36.0,0.0,0.0,0.0,0.0,0.0,20.0,0.0,0.0,0.0,0.0,55.0,0.6000000000000014,29.100000000000005,5.6659999999999995,-0.0420000000000007,5.708
2020,7/24-8/11,N84,84,3233,30.8,STR19,57.61,1,5.761,0.0,0.0,4.0,0.0,0.0,0.0,8.0,36.0,0.0,0.0,0.0,0.0,0.0,20.0,0.0,0.0,0.0,0.0,21.0,0.1999999999999993,30.46666666666667,5.853,0.18700000000000028,5.853
2020,8/21,N85-中,85,3275,25.8,STR19,58.14,1,5.814,0.0,0.0,4.0,0.0,0.0,0.0,8.0,36.0,0.0,0.0,0.0,0.0,0.0,20.0,0.0,0.0,0.0,0.0,42.0,-5.0,29.066666666666666,5.761,-0.09199999999999964,5.853
2020,8/15-8/25,N85,86,3308,26.9,STR19,57.75,1,5.775,0.0,0.0,4.0,0.0,0.0,0.0,8.0,36.0,0.0,0.0,0.0,0.0,0.0,20.0,0.0,0.0,0.0,0.0,33.0,1.0999999999999979,27.83333333333334,5.814,0.052999999999999936,5.853
2020,9/2,N86-中,87,3344,27.3,STR19,57.82,1,5.782,0.0,0.0,4.0,0.0,0.0,0.0,8.0,36.0,0.0,0.0,0.0,0.0,0.0,20.0,0.0,0.0,0.0,0.0,36.0,0.40000000000000213,26.666666666666668,5.775,-0.0389999999999997,5.853
2020,8/29-9/7,N86,88,3383,27.5,STR19,58.22,1,5.822,0.0,0.0,4.0,0.0,0.0,0.0,8.0,36.0,0.0,0.0,0.0,0.0,0.0,20.0,0.0,0.0,0.0,0.0,39.0,0.1999999999999993,27.233333333333338,5.782,0.006999999999999673,5.853
2020,9/20,N87-中,89,3432,23.8,STR19,57.46,1,5.746,0.0,0.0,4.0,0.0,0.0,0.0,8.0,36.0,0.0,0.0,0.0,0.0,0.0,20.0,0.0,0.0,0.0,0.0,49.0,-3.6999999999999993,26.200000000000003,5.822,0.040000000000000036,5.853
2020,9/14-9/23,N87,90,3458,23.7,STR19,57.24,1,5.724,0.0,0.0,4.0,0.0,0.0,0.0,8.0,36.0,0.0,0.0,0.0,0.0,0.0,20.0,0.0,0.0,0.0,0.0,26.0,-0.10000000000000142,25.0,5.746,-0.07599999999999962,5.853
2020,10/12,N88-中,91,3495,18.4,STR19,56.68,1,5.668,0.0,0.0,4.0,0.0,0.0,0.0,8.0,36.0,0.0,0.0,0.0,0.0,0.0,20.0,0.0,0.0,0.0,0.0,37.0,-5.300000000000001,21.96666666666667,5.724,-0.02200000000000024,5.853
2020,9/28-10/17,N88,92,3533,17.7,STR19,56.4,1,5.64,0.0,0.0,4.0,0.0,0.0,0.0,8.0,36.0,0.0,0.0,0.0,0.0,0.0,20.0,0.0,0.0,0.0,0.0,38.0,-0.6999999999999993,19.933333333333337,5.668,-0.05600000000000005,5.853
2020,10/26,N89-中,93,3577,15.1,STR19,55.93,1,5.593,0.0,0.0,4.0,0.0,0.0,0.0,8.0,36.0,0.0,0.0,0.0,0.0,0.0,20.0,0.0,0.0,0.0,0.0,44.0,-2.5999999999999996,17.066666666666666,5.64,-0.02800000000000047,5.853
2020,10/21-10/30,N89,94,3607,15.3,STR19,,0,,0.0,0.0,4.0,0.0,0.0,0.0,8.0,36.0,0.0,0.0,0.0,0.0,0.0,20.0,0.0,0.0,0.0,0.0,30.0,0.20000000000000107,16.033333333333335,5.593,-0.04699999999999971,5.853
2020,11/13,N90-中,95,3658,13.4,STR19,58.54,1,5.854,0.0,0.0,4.0,0.0,0.0,0.0,8.0,36.0,0.0,0.0,0.0,0.0,0.0,20.0,0.0,0.0,0.0,0.0,51.0,-1.9000000000000004,14.600000000000003,5.593,-0.04699999999999971,5.853
2020,11/8-11/19,N90,96,3714,12.2,STR19,57.58,1,5.758,0.0,0.0,4.0,0.0,0.0,0.0,8.0,36.0,0.0,0.0,0.0,0.0,0.0,20.0,0.0,0.0,0.0,0.0,56.0,-1.200000000000001,13.633333333333335,5.854,0.2610000000000001,5.854
2020,11/29,N91-中,97,3768,3.5,STR19,57.98,1,5.798,0.0,0.0,4.0,0.0,0.0,0.0,8.0,36.0,0.0,0.0,0.0,0.0,0.0,20.0,0.0,0.0,0.0,0.0,54.0,-8.7,9.700000000000003,5.758,-0.09600000000000009,5.854
2020,11/24-12/5,N91,98,3822,2.3,STR19,53.85,1,5.385,0.0,0.0,4.0,0.0,0.0,0.0,8.0,36.0,0.0,0.0,0.0,0.0,0.0,20.0,0.0,0.0,0.0,0.0,54.0,-1.2000000000000002,6.000000000000003,5.798,0.040000000000000036,5.854
2020,12/25,N92-中,99,3875,-0.4,STR19,56.83,1,5.683,0.0,0.0,4.0,0.0,0.0,0.0,8.0,36.0,0.0,0.0,0.0,0.0,0.0,20.0,0.0,0.0,0.0,0.0,53.0,-2.6999999999999997,1.8000000000000023,5.385,-0.41300000000000026,5.854
2020,12/10-12/22,N92,100,3929,-0.2,STR19,56.85,1,5.6850000000000005,0.0,0.0,4.0,0.0,0.0,0.0,8.0,36.0,0.0,0.0,0.0,0.0,0.0,20.0,0.0,0.0,0.0,0.0,54.0,0.2,0.566666666666669,5.683,0.29800000000000004,5.854
2020,12/31,N93-中,101,3980,-3.0,STR19,56.43,1,5.643,0.0,0.0,4.0,0.0,0.0,0.0,8.0,36.0,0.0,0.0,0.0,0.0,0.0,20.0,0.0,0.0,0.0,0.0,51.0,-2.8,-1.1999999999999977,5.6850000000000005,0.002000000000000668,5.854
2020,12/26-1/6,N93,102,4037,-3.8,STR19,53.51,1,5.351,0.0,0.0,4.0,0.0,0.0,0.0,8.0,36.0,0.0,0.0,0.0,0.0,0.0,20.0,0.0,0.0,0.0,0.0,57.0,-0.7999999999999998,-2.333333333333331,5.643,-0.0420000000000007,5.854
2021,1/15,N94-中,103,4090,1.4,STR19,56.21,1,5.621,0.0,0.0,4.0,0.0,0.0,0.0,8.0,36.0,0.0,0.0,0.0,0.0,0.0,20.0,0.0,0.0,0.0,0.0,53.0,5.199999999999999,-1.7999999999999978,5.351,-0.2919999999999998,5.854
2021,1/10-1/21,N94,104,4144,0.2,STR19,57.55,1,5.755,0.0,0.0,4.0,0.0,0.0,0.0,8.0,36.0,0.0,0.0,0.0,0.0,0.0,20.0,0.0,0.0,0.0,0.0,54.0,-1.2,-0.7333333333333308,5.621,0.27000000000000046,5.854
2021,3/24,N95-中,105,4204,11.9,STR19,54.99,1,5.4990000000000006,0.0,0.0,4.0,0.0,0.0,0.0,8.0,36.0,0.0,0.0,0.0,0.0,0.0,20.0,0.0,0.0,0.0,0.0,60.0,11.700000000000001,4.500000000000003,5.755,0.13399999999999945,5.854
2021,3/18-3/29,N95,106,4252,14.2,STR19,57.01,1,5.701,0.0,0.0,4.0,0.0,0.0,0.0,8.0,36.0,0.0,0.0,0.0,0.0,0.0,20.0,0.0,0.0,0.0,0.0,48.0,2.299999999999999,8.766666666666667,5.4990000000000006,-0.25599999999999934,5.854
2021,4/7,N96-中,107,4307,16.9,STR19,56.68,1,5.668,0.0,0.0,4.0,0.0,0.0,0.0,8.0,36.0,0.0,0.0,0.0,0.0,0.0,20.0,0.0,0.0,0.0,0.0,55.0,2.6999999999999993,14.333333333333334,5.701,0.20199999999999907,5.854
2021,4/2-4/12,N96,108,4358,16.8,STR19,57.6,1,5.76,0.0,0.0,4.0,0.0,0.0,0.0,8.0,36.0,0.0,0.0,0.0,0.0,0.0,20.0,0.0,0.0,0.0,0.0,51.0,-0.09999999999999787,15.966666666666669,5.668,-0.032999999999999474,5.854
2021,4/21,N97-中,109,4415,20.2,STR19,57.83,1,5.7829999999999995,0.0,0.0,4.0,0.0,0.0,0.0,8.0,36.0,0.0,0.0,0.0,0.0,0.0,20.0,0.0,0.0,0.0,0.0,57.0,3.3999999999999986,17.96666666666667,5.76,0.09199999999999964,5.854
2021,4/16-4/26,N97,110,4466,19.2,STR19,57.36,1,5.736,0.0,0.0,4.0,0.0,0.0,0.0,8.0,36.0,0.0,0.0,0.0,0.0,0.0,20.0,0.0,0.0,0.0,0.0,51.0,-1.0,18.733333333333334,5.7829999999999995,0.022999999999999687,5.854
2021,5/4,N98-中,111,4524,17.7,STR19,57.85,1,5.785,0.0,0.0,4.0,0.0,0.0,0.0,8.0,36.0,0.0,0.0,0.0,0.0,0.0,20.0,0.0,0.0,0.0,0.0,58.0,-1.5,19.033333333333335,5.736,-0.04699999999999971,5.854
2021,4/29-5/9,N98,112,4573,20.8,STR19,57.36,1,5.736,0.0,0.0,4.0,0.0,0.0,0.0,8.0,36.0,0.0,0.0,0.0,0.0,0.0,20.0,0.0,0.0,0.0,0.0,49.0,3.1000000000000014,19.233333333333334,5.785,0.04900000000000038,5.854
2021,5/19,N99-中,113,4612,23.8,STR19,58.32,1,5.832,0.0,0.0,4.0,0.0,0.0,0.0,8.0,36.0,0.0,0.0,0.0,0.0,0.0,20.0,0.0,0.0,0.0,0.0,39.0,3.0,20.766666666666666,5.736,-0.04900000000000038,5.854
2021,5/14-5/24,N99,114,4650,25.1,STR19,57.0,1,5.7,0.0,0.0,4.0,0.0,0.0,0.0,8.0,36.0,0.0,0.0,0.0,0.0,0.0,20.0,0.0,0.0,0.0,0.0,38.0,1.3000000000000007,23.233333333333334,5.832,0.09600000000000009,5.854
2021,6/2,N100-中,115,4692,23.6,STR19,59.33,1,5.933,0.0,0.0,4.0,0.0,0.0,0.0,8.0,36.0,0.0,0.0,0.0,0.0,0.0,20.0,0.0,0.0,0.0,0.0,42.0,-1.5,24.16666666666667,5.7,-0.13199999999999967,5.854
2021,5/28-6/7,N100,116,4727,25.8,STR19,60.28,1,6.0280000000000005,0.0,0.0,4.0,0.0,0.0,0.0,8.0,36.0,0.0,0.0,0.0,0.0,0.0,20.0,0.0,0.0,0.0,0.0,35.0,2.1999999999999993,24.833333333333332,5.933,0.23299999999999965,5.933
2021,6/16,N101-中,117,4768,30.1,STR19,61.66,1,6.1659999999999995,0.0,0.0,4.0,0.0,0.0,0.0,8.0,36.0,0.0,0.0,0.0,0.0,0.0,20.0,0.0,0.0,0.0,0.0,41.0,4.300000000000001,26.5,6.0280000000000005,0.09500000000000064,6.0280000000000005
2021,6/11-6/20,N101,118,4805,30.2,STR19,62.24,1,6.224,0.0,0.0,4.0,0.0,0.0,0.0,8.0,36.0,0.0,0.0,0.0,0.0,0.0,20.0,0.0,0.0,0.0,0.0,37.0,0.09999999999999787,28.700000000000003,6.1659999999999995,0.137999999999999,6.1659999999999995
2021,6/30,N102-中,119,4843,27.2,STR19,64.19,1,6.419,0.0,0.0,4.0,0.0,0.0,0.0,8.0,36.0,0.0,0.0,0.0,0.0,0.0,20.0,0.0,0.0,0.0,0.0,38.0,-3.0,29.166666666666668,6.224,0.05800000000000072,6.224
2021,6/25-7/6,N102,120,4882,27.5,STR19,63.57,1,6.357,0.0,0.0,4.0,0.0,0.0,0.0,8.0,36.0,0.0,0.0,0.0,0.0,0.0,20.0,0.0,0.0,0.0,0.0,39.0,0.3000000000000007,28.3,6.419,0.1949999999999994,6.419
2021,7/14,N103-中,121,4922,29.1,STR19,64.99,1,6.499,0.0,0.0,4.0,0.0,0.0,0.0,8.0,36.0,0.0,0.0,0.0,0.0,0.0,20.0,0.0,0.0,0.0,0.0,40.0,1.6000000000000014,27.933333333333337,6.357,-0.06199999999999939,6.419
2021,7/9-7/19,N103,122,4960,29.0,STR19,61.83,1,6.183,0.0,0.0,4.0,0.0,0.0,0.0,8.0,36.0,0.0,0.0,0.0,0.0,0.0,20.0,0.0,0.0,0.0,0.0,38.0,-0.10000000000000142,28.53333333333333,6.499,0.14199999999999946,6.499
2021,7/28,N104-中,123,4999,31.2,STR19,64.74,1,6.473999999999999,0.0,0.0,4.0,0.0,0.0,0.0,8.0,36.0,0.0,0.0,0.0,0.0,0.0,20.0,0.0,0.0,0.0,0.0,39.0,2.1999999999999993,29.766666666666666,6.183,-0.31599999999999984,6.499
2021,7/23-8/1,N104,124,5037,29.9,STR19,62.99,1,6.299,0.0,0.0,4.0,0.0,0.0,0.0,8.0,36.0,0.0,0.0,0.0,0.0,0.0,20.0,0.0,0.0,0.0,0.0,38.0,-1.3000000000000007,30.033333333333335,6.473999999999999,0.2909999999999995,6.499
2021,8/10,N105-中,125,5077,30.5,STR19,65.22,1,6.522,0.0,0.0,4.0,0.0,0.0,0.0,8.0,36.0,0.0,0.0,0.0,0.0,0.0,20.0,0.0,0.0,0.0,0.0,40.0,0.6000000000000014,30.533333333333335,6.299,-0.17499999999999893,6.499
2021,8/6-8/15,N105,126,5115,29.2,STR19,65.74,1,6.574,0.0,0.0,4.0,0.0,0.0,0.0,8.0,36.0,0.0,0.0,0.0,0.0,0.0,20.0,0.0,0.0,0.0,0.0,38.0,-1.3000000000000007,29.866666666666664,6.522,0.22299999999999986,6.522
2021,8/25,N106-中,127,5151,28.1,STR19,66.56,1,6.656000000000001,0.0,0.0,4.0,0.0,0.0,0.0,8.0,36.0,0.0,0.0,0.0,0.0,0.0,20.0,0.0,0.0,0.0,0.0,36.0,-1.0999999999999979,29.26666666666667,6.574,0.0519999999999996,6.574
2021,8/20-8/29,N106,128,5193,27.5,STR19,65.8,1,6.58,0.0,0.0,4.0,0.0,0.0,0.0,8.0,36.0,0.0,0.0,0.0,0.0,0.0,20.0,0.0,0.0,0.0,0.0,42.0,-0.6000000000000014,28.26666666666667,6.656000000000001,0.08200000000000074,6.656000000000001
2021,9/8,N107-中,129,5237,24.1,STR19,66.11,1,6.611,0.0,0.0,4.0,0.0,0.0,0.0,8.0,36.0,0.0,0.0,0.0,0.0,0.0,20.0,0.0,0.0,0.0,0.0,44.0,-3.3999999999999986,26.566666666666666,6.58,-0.07600000000000051,6.656000000000001
2021,9/03-9/13,N107,130,5271,25.2,STR19,63.1,1,6.3100000000000005,0.0,0.0,4.0,0.0,0.0,0.0,8.0,36.0,0.0,0.0,0.0,0.0,0.0,20.0,0.0,0.0,0.0,0.0,34.0,1.0999999999999979,25.600000000000005,6.611,0.030999999999999694,6.656000000000001
2021,9/22,N108-中,131,5314,22.2,STR19,67.03,1,6.703,0.0,0.0,4.0,0.0,0.0,0.0,8.0,36.0,0.0,0.0,0.0,0.0,0.0,20.0,0.0,0.0,0.0,0.0,43.0,-3.0,23.833333333333332,6.3100000000000005,-0.30099999999999927,6.656000000000001
2021,9/17-9/26,N108,132,5349,22.5,STR19,64.02,1,6.401999999999999,0.0,0.0,4.0,0.0,0.0,0.0,8.0,36.0,0.0,0.0,0.0,0.0,0.0,20.0,0.0,0.0,0.0,0.0,35.0,0.3000000000000007,23.3,6.703,0.3929999999999998,6.703
2021,10/13,N109-中,133,5387,16.3,STR19,65.62,1,6.562,0.0,0.0,4.0,0.0,0.0,0.0,8.0,36.0,0.0,0.0,0.0,0.0,0.0,20.0,0.0,0.0,0.0,0.0,38.0,-6.199999999999999,20.333333333333332,6.401999999999999,-0.30100000000000104,6.703
2021,10/8-10/18,N109,134,5427,15.6,STR19,62.51,1,6.2509999999999994,0.0,0.0,4.0,0.0,0.0,0.0,8.0,36.0,0.0,0.0,0.0,0.0,0.0,20.0,0.0,0.0,0.0,0.0,40.0,-0.7000000000000011,18.133333333333333,6.562,0.16000000000000103,6.703
2021,10/27,N110-中,135,5469,15.5,STR19,62.55,1,6.255,0.0,0.0,4.0,0.0,0.0,0.0,8.0,36.0,0.0,0.0,0.0,0.0,0.0,20.0,0.0,0.0,0.0,0.0,42.0,-0.09999999999999964,15.800000000000002,6.2509999999999994,-0.31100000000000083,6.703
2021,10/22-11/1,N110,136,5504,15.5,STR19,62.96,1,6.296,0.0,0.0,4.0,0.0,0.0,0.0,8.0,36.0,0.0,0.0,0.0,0.0,0.0,20.0,0.0,0.0,0.0,0.0,35.0,0.0,15.533333333333333,6.255,0.004000000000000448,6.703
2021,11/11,N111-中,137,5556,7.7,STR19,63.61,1,6.361,0.0,0.0,4.0,0.0,0.0,0.0,8.0,36.0,0.0,0.0,0.0,0.0,0.0,20.0,0.0,0.0,0.0,0.0,52.0,-7.8,12.9,6.296,0.04100000000000037,6.703
2021,11/05-11/17,N111,138,5612,9.3,STR19,61.29,1,6.129,0.0,0.0,4.0,0.0,0.0,0.0,8.0,36.0,0.0,0.0,0.0,0.0,0.0,20.0,0.0,0.0,0.0,0.0,56.0,1.6000000000000005,10.833333333333334,6.361,0.0649999999999995,6.703
2021,11/25,N112-中,139,5669,5.5,STR19,59.47,1,5.947,0.0,0.0,4.0,0.0,0.0,0.0,8.0,36.0,0.0,0.0,0.0,0.0,0.0,20.0,0.0,0.0,0.0,0.0,57.0,-3.8000000000000007,7.500000000000001,6.129,-0.2320000000000002,6.703
2021,11/20-11/30,N112,140,5720,6.4,STR19,61.85,1,6.1850000000000005,0.0,0.0,4.0,0.0,0.0,0.0,8.0,36.0,0.0,0.0,0.0,0.0,0.0,20.0,0.0,0.0,0.0,0.0,51.0,0.9000000000000004,7.066666666666667,5.947,-0.1819999999999995,6.703
2021,12/9,N113-中,141,5778,7.2,STR19,,0,,0.0,0.0,4.0,0.0,0.0,0.0,8.0,36.0,0.0,0.0,0.0,0.0,0.0,20.0,0.0,0.0,0.0,0.0,58.0,0.7999999999999998,6.366666666666668,6.1850000000000005,0.23800000000000043,6.703
2021,12/4-12/14,N113,142,5828,5.4,STR19,64.38,1,6.438,0.0,0.0,4.0,0.0,0.0,0.0,8.0,36.0,0.0,0.0,0.0,0.0,0.0,20.0,0.0,0.0,0.0,0.0,50.0,-1.7999999999999998,6.333333333333335,6.1850000000000005,0.23800000000000043,6.703
2021,12/23,N114-中,143,5889,3.1,STR19,62.38,1,6.238,0.0,0.0,4.0,0.0,0.0,0.0,8.0,36.0,0.0,0.0,0.0,0.0,0.0,20.0,0.0,0.0,0.0,0.0,61.0,-2.3000000000000003,5.233333333333335,6.438,0.2529999999999992,6.703
2021,12/17-12/28,N114,144,5936,0.2,STR19,60.43,1,6.043,0.0,0.0,4.0,0.0,0.0,0.0,8.0,36.0,0.0,0.0,0.0,0.0,0.0,20.0,0.0,0.0,0.0,0.0,47.0,-2.9,2.900000000000001,6.238,-0.1999999999999993,6.703
2021,1/8,N115-中,145,5992,1.1,STR19,61.23,1,6.122999999999999,0.0,0.0,4.0,0.0,0.0,0.0,8.0,36.0,0.0,0.0,0.0,0.0,0.0,20.0,0.0,0.0,0.0,0.0,56.0,0.9000000000000001,1.466666666666668,6.043,-0.19500000000000028,6.703
2021,1/3-1/13,N115,146,6044,0.8,STR19,62.65,1,6.265,0.0,0.0,4.0,0.0,0.0,0.0,8.0,36.0,0.0,0.0,0.0,0.0,0.0,20.0,0.0,0.0,0.0,0.0,52.0,-0.30000000000000004,0.7000000000000012,6.122999999999999,0.07999999999999918,6.703
